"TOA5","Blynken","CR300","36592","CR300-CELL210.11.3.0","CPU:blynken.260615.dld","50426","Ai1"
"TIMESTAMP","RECORD","BatteryVoltage","InternalTemperature","InternalHumidity","CurrentAverage","CurrentMaximum","ProcessingTime","SerialNumber","DataloggerOSVersion","Ai1OSVersion","ProgramSignature","ProgramCounter","StartUpCode","WatchdogErrors","SkippedScans","MemoryFree","CellUsageToday","CellUsageThisMonth","CellRSSI","CellNetBand","Latitude","Longitude","GPSSatellitesInView","Pressure_mH2O","ReadAttempts_Max"
"TS","RN","Volts","°C","%","mA (-=Charge, +=Discharge)","mA (-=Charge, +=Discharge)","µS","","","","(0-65535)","Cycles","(0=Ok, -1=Power, -2=Watchdog)","Errors Since Compile","Scans Skipped","Bytes","kB","kB","dBm","","Decimal Degrees (N=+,S=-)","Decimal Degrees (E=+,W=-)","GPS Satellites visible","mH2O",""
"","","Smp","Smp","Smp","Avg:mA","Max:mA","Smp","Smp","Smp","Smp","Smp:0-65535)","Smp","Smp:0=Ok","Smp:Watchdog Errors Since Compile","Smp:Scans Skipped","Smp:Bytes","Smp:kB","Smp:kB","Smp:dBm","Smp:band","Smp","Smp","Smp","Smp","Max"
"2026-06-16 07:00:00",0,13.72,20.25,43,-0.006,0,211,36592,1.3,0.75,50426,521,-1,0,0,27560,52.91,17915,-83,13,44.04351,-68.89218,0,-13.01,0
"2026-06-16 08:00:00",1,13.7,21.31,41,-3.1,-3,204,36592,1.3,0.75,50426,1241,-1,0,1,27560,164.8,18027,-67,4,44.03396,-68.88618,5,-13.01,1
"2026-06-16 09:00:00",2,13.68,22.56,41,-75,-72,205,36592,1.3,0.75,50426,1961,-1,0,2,27560,245.2,18107,-81,4,44.10675,-68.94836,5,-13.01,1
"2026-06-16 10:00:00",3,13.66,22.23,41,-71.96,-41,204,36592,1.3,0.75,50426,2681,-1,0,3,27560,343.9,18206,-55,4,44.30574,-68.93283,4,-0.102,1
"2026-06-16 11:00:00",4,13.63,24.78,40,-40.98,-27,204,36592,1.3,0.75,50426,3401,-1,0,4,27560,437.3,18299,-59,4,44.31806,-68.92672,4,-0.095,1
"2026-06-16 12:00:00",5,13.61,25.28,41,-26.99,-20,205,36592,1.3,0.75,50426,4121,-1,0,5,27560,538.2,18400,-57,4,44.3181,-68.92733,4,-0.095,1
"2026-06-16 13:00:00",6,13.6,25.54,41,-20.01,-20,211,36592,1.3,0.75,50426,4841,-1,0,6,27560,629,18491,-53,4,44.31795,-68.92724,5,-0.027,1
"2026-06-16 14:00:00",7,13.59,26.21,40,-27.97,-9,204,36592,1.3,0.75,50426,5561,-1,0,7,27560,716.8,18579,-57,4,44.31798,-68.9272,4,-0.024,1
"2026-06-16 15:00:00",8,13.57,25.97,40,-8.99,-3,211,36592,1.3,0.75,50426,6281,-1,0,8,27560,810,18672,-53,4,44.31803,-68.92716,4,0.019,1
"2026-06-16 16:00:00",9,13.58,27.22,40,-3.015,-3,204,36592,1.3,0.75,50426,7001,-1,0,9,27560,911,18773,-57,4,44.31797,-68.92709,4,0.028,1
"2026-06-16 17:00:00",10,13.55,29.15,40,-14.02,-14,211,36592,1.3,0.75,50426,7721,-1,0,10,27560,1001,18863,-57,4,"NAN","NAN",4,0.056,1
"2026-06-16 18:00:00",11,13.5,30.06,40,-26.98,-11,204,36592,1.3,0.75,50426,8441,-1,0,11,27560,1096,18958,-57,4,44.31803,-68.92729,4,0.063,1
"2026-06-16 19:00:00",12,13.52,27,41,-11.07,-11,204,36592,1.3,0.75,50426,9161,-1,0,12,27560,1186,19048,-55,4,44.31807,-68.92725,4,0.172,1
"2026-06-16 20:00:00",13,13.58,23.56,41,-60.96,-29,212,36592,1.3,0.75,50426,9881,-1,0,13,27560,1273,19135,-55,4,44.31811,-68.92724,5,0.179,1
"2026-06-16 21:00:00",14,13.37,20.01,42,-28.94,14,212,36592,1.3,0.75,50426,10601,-1,0,14,27560,1372,19234,-55,4,44.31812,-68.92725,5,0.179,1
"2026-06-16 22:00:00",15,13.25,19.37,42,14.04,41,204,36592,1.3,0.75,50426,11321,-1,0,15,27560,1467,19329,-53,4,44.31812,-68.92721,5,0.179,1
"2026-06-16 23:00:00",16,13.24,19.39,43,40.96,41,204,36592,1.3,0.75,50426,12041,-1,0,16,27560,1561,19423,-57,4,44.31791,-68.92719,4,-0.126,1
"2026-06-17 00:00:00",17,13.24,19.04,43,9.02,20,204,36592,1.3,0.75,50426,12761,-1,0,17,27560,0,19517,-55,4,44.31807,-68.92719,4,-0.126,1
"2026-06-17 01:00:00",18,13.21,19.07,43,20.08,77,204,36592,1.3,0.75,50426,13481,-1,0,18,27560,83.4,19600,-53,4,44.31799,-68.92717,5,-0.157,1
"2026-06-17 02:00:00",19,13.24,17.91,43,76.94,77,205,36592,1.3,0.75,50426,14201,-1,0,19,27560,169,19686,-57,4,44.31807,-68.92716,5,-0.157,1
"2026-06-17 03:00:00",20,13.22,16.6,43,36,36,204,36592,1.3,0.75,50426,14921,-1,0,20,27560,261.7,19778,-55,4,44.318,-68.92722,6,-0.166,1
"2026-06-17 04:00:00",21,13.23,15.9,43,34.99,35,204,36592,1.3,0.75,50426,15641,-1,0,21,27560,350.8,19867,-57,4,44.31794,-68.92723,4,-0.166,1
"2026-06-17 05:00:00",22,13.22,16.28,43,30.01,35,204,36592,1.3,0.75,50426,16361,-1,0,22,27560,438.4,19955,-57,4,44.31796,-68.92725,8,-0.256,1
"2026-06-17 06:00:00",23,13.52,19.52,42,34.71,35,212,36592,1.3,0.75,50426,17081,-1,0,23,27560,519.6,20036,-57,4,44.31801,-68.92728,4,-0.256,1
"2026-06-17 07:00:00",24,13.61,24.23,42,-175,-155,204,36592,1.3,0.75,50426,17801,-1,0,24,27560,604,20121,-55,4,44.31808,-68.92723,4,-0.256,1
"2026-06-17 08:00:00",25,13.6,23.67,43,-154.9,-50,204,36592,1.3,0.75,50426,18521,-1,0,25,27560,689.9,20206,-57,4,44.31804,-68.92715,5,-0.199,1
"2026-06-17 09:00:00",26,13.61,25.86,42,-50.03,-50,204,36592,1.3,0.75,50426,19241,-1,0,26,27560,776.1,20293,-53,4,44.31807,-68.92728,4,-0.053,1
"2026-06-17 10:00:00",27,13.55,27.95,40,-71.95,-33,204,36592,1.3,0.75,50426,19961,-1,0,27,27560,857,20373,-55,4,44.31812,-68.92726,5,-0.01,1
"2026-06-17 11:00:00",28,13.55,28.4,40,-33.01,-33,210,36592,1.3,0.75,50426,20681,-1,0,28,27560,935,20452,-51,4,44.31813,-68.92725,6,0.068,1
"2026-06-17 12:00:00",29,13.55,26.73,40,-42.98,-30,204,36592,1.3,0.75,50426,21401,-1,0,29,27560,1023,20539,-51,4,44.3182,-68.92721,4,0.105,1
"2026-06-17 13:00:00",30,13.57,24.97,41,-30,-30,204,36592,1.3,0.75,50426,22121,-1,0,30,27560,1109,20626,-57,4,44.31807,-68.92715,5,0.127,1
"2026-06-17 14:00:00",31,13.58,24.53,42,-33,-33,210,36592,1.3,0.75,50426,22841,-1,0,31,27560,1198,20715,-51,4,44.31798,-68.92722,8,0.127,1
"2026-06-17 15:00:00",32,13.6,23.58,42,-34.97,-16,211,36592,1.3,0.75,50426,23561,-1,0,32,27560,1291,20808,-53,4,44.31801,-68.92719,5,0.127,1
"2026-06-17 16:00:00",33,13.59,23.74,41,-16,-16,204,36592,1.3,0.75,50426,24281,-1,0,33,27560,1386,20903,-51,4,44.31787,-68.92723,5,0.127,1
"2026-06-17 17:00:00",34,13.61,24.53,42,-17.03,-17,204,36592,1.3,0.75,50426,25001,-1,0,34,27560,1473,20989,-57,4,44.31803,-68.92719,4,0.013,1
"2026-06-17 18:00:00",35,13.59,24.27,42,-40.97,-20,204,36592,1.3,0.75,50426,25721,-1,0,35,27560,1565,21081,-55,4,44.31799,-68.9272,5,0.013,1
"2026-06-17 19:00:00",36,13.6,23.07,42,-20.03,-20,204,36592,1.3,0.75,50426,26441,-1,0,36,27560,1655,21171,-57,4,44.31799,-68.92716,4,0.013,1
"2026-06-17 20:00:00",37,13.61,22.03,42,-42.93,7,204,36592,1.3,0.75,50426,27161,-1,0,37,27560,1738,21255,-57,4,44.31813,-68.92717,4,0.02,1
"2026-06-17 21:00:00",38,13.39,19.1,43,7.004,10,204,36592,1.3,0.75,50426,27881,-1,0,38,27560,1831,21348,-51,4,44.31812,-68.92718,5,0.02,1
"2026-06-17 22:00:00",39,13.28,18.12,43,10,11,204,36592,1.3,0.75,50426,28601,-1,0,39,27560,1921,21437,-53,4,44.31818,-68.92721,4,0.02,1
"2026-06-17 23:00:00",40,13.24,17.38,43,10.99,11,211,36592,1.3,0.75,50426,29321,-1,0,40,27560,2017,21534,-53,4,44.31815,-68.9272,6,-0.165,1
"2026-06-18 00:00:00",41,13.22,17.3,43,5.069,55,204,36592,1.3,0.75,50426,30041,-1,0,41,27560,0.061,21621,-59,4,44.31812,-68.92717,6,-0.165,1
"2026-06-18 01:00:00",42,13.23,16.56,43,54.93,55,211,36592,1.3,0.75,50426,30761,-1,0,42,27560,92.1,21713,-55,4,44.318,-68.92724,4,-0.218,1
"2026-06-18 02:00:00",43,13.23,16.05,43,7.001,8,204,36592,1.3,0.75,50426,31481,-1,0,43,27560,185.1,21806,-57,4,44.31804,-68.92721,6,-0.218,1
"2026-06-18 03:00:00",44,13.22,15.78,43,7.993,8,204,36592,1.3,0.75,50426,32201,-1,0,44,27560,286.2,21907,-57,4,44.31804,-68.92719,5,-0.218,1
"2026-06-18 04:00:00",45,13.2,16.07,43,3.056,43,204,36592,1.3,0.75,50426,32921,-1,0,45,27560,369.2,21990,-55,4,44.31804,-68.92722,7,-0.218,1
"2026-06-18 05:00:00",46,13.2,16.4,43,43,43,211,36592,1.3,0.75,50426,33641,-1,0,46,27560,460,22081,-55,4,44.31798,-68.92724,6,-0.283,1
"2026-06-18 06:00:00",47,13.24,16.52,43,42.92,43,204,36592,1.3,0.75,50426,34361,-1,0,47,27560,548.4,22170,-55,4,44.31798,-68.92725,6,-0.283,1
"2026-06-18 07:00:00",48,13.27,16.72,43,-17.01,-17,205,36592,1.3,0.75,50426,35081,-1,0,48,27560,639.6,22261,-55,4,44.31796,-68.92723,6,-0.283,1
"2026-06-18 08:00:00",49,13.32,17.39,43,-23.08,-23,204,36592,1.3,0.75,50426,35801,-1,0,49,27560,733.2,22354,-61,4,44.31797,-68.92728,4,-0.275,1
"2026-06-18 09:00:00",50,13.34,17.91,43,-77.98,-61,204,36592,1.3,0.75,50426,36521,-1,0,50,27560,815,22436,-59,4,44.31801,-68.92719,4,-0.267,1
"2026-06-18 10:00:00",51,13.34,18.04,43,-61,-60,204,36592,1.3,0.75,50426,37241,-1,0,51,27560,898,22519,-51,4,44.31815,-68.92727,5,-0.252,1
"2026-06-18 11:00:00",52,13.35,18.12,43,-59.94,-19,212,36592,1.3,0.75,50426,37961,-1,0,52,27560,981,22602,-53,4,44.31815,-68.92722,4,-0.227,1
"2026-06-18 12:00:00",53,13.34,18.15,43,-19.05,-19,204,36592,1.3,0.75,50426,38681,-1,0,53,27560,1060,22682,-51,4,44.31816,-68.92721,6,-0.227,1
"2026-06-18 13:00:00",54,13.32,17.33,43,-55.94,-15,204,36592,1.3,0.75,50426,39401,-1,0,54,27560,1273,22894,-59,4,"NAN","NAN",4,-0.22,1
"2026-06-18 14:00:00",55,13.37,17.13,43,-15.06,-15,204,36592,1.3,0.75,50426,40121,-1,0,55,27560,1373,22995,-53,4,"NAN","NAN",4,-0.22,5
"2026-06-18 15:00:00",56,13.3,16.92,43,-56.95,-24,205,36592,1.3,0.75,50426,40841,-1,0,56,27560,1477,23098,-59,4,44.31807,-68.92724,4,-0.22,5
"2026-06-18 16:00:00",57,13.27,15.79,43,-23.99,-17,211,36592,1.3,0.75,50426,41561,-1,0,57,27560,1579,23201,-57,4,44.31807,-68.92724,4,-0.255,1
"2026-06-18 17:00:00",58,13.23,15.66,43,-17.01,-17,211,36592,1.3,0.75,50426,42281,-1,0,58,27560,1667,23288,-57,4,44.31807,-68.92724,4,-0.255,1
"2026-06-18 18:00:00",59,13.22,15.88,43,-26.97,-2,205,36592,1.3,0.75,50426,43001,-1,0,59,27560,1760,23381,-55,4,44.31807,-68.92724,4,-0.294,1
"2026-06-18 19:00:00",60,13.21,16.22,43,-1.997,0,204,36592,1.3,0.75,50426,43721,-1,0,60,27560,1847,23468,-55,4,44.31815,-68.92738,4,-0.294,1
"2026-06-18 20:00:00",61,13.22,16.72,44,0.015,11,204,36592,1.3,0.75,50426,44441,-1,0,61,27560,1935,23556,-57,4,44.31813,-68.92723,5,-0.294,1
"2026-06-18 21:00:00",62,13.2,17.17,44,11.04,39,204,36592,1.3,0.75,50426,45161,-1,0,62,27560,2026,23647,-55,4,"NAN","NAN",4,-0.283,1
"2026-06-18 22:00:00",63,13.2,17.08,44,39,40,204,36592,1.3,0.75,50426,45881,-1,0,63,27560,2114,23735,-55,4,44.31816,-68.92723,5,-0.259,1
"2026-06-18 23:00:00",64,13.2,17.03,44,40,42,204,36592,1.3,0.75,50426,46601,-1,0,64,27560,2205,23826,-57,4,44.31818,-68.92722,5,-0.252,1
"2026-06-19 00:00:00",65,13.22,16.99,44,41.96,42,204,36592,1.3,0.75,50426,47321,-1,0,65,27560,0.061,23915,-57,4,44.31816,-68.92719,4,-0.251,1
"2026-06-19 01:00:00",66,13.2,17.4,44,10.06,51,204,36592,1.3,0.75,50426,48041,-1,0,66,27560,95,24010,-59,4,44.31816,-68.92717,4,-0.251,1
"2026-06-19 02:00:00",67,13.22,17.97,44,50.95,51,211,36592,1.3,0.75,50426,48761,-1,0,67,27560,190,24105,-59,4,44.31806,-68.92716,4,-0.251,1
"2026-06-19 03:00:00",68,13.23,18.16,44,18.01,25,205,36592,1.3,0.75,50426,49481,-1,0,68,27560,280.2,24195,-55,4,44.31807,-68.92721,5,-0.241,1
"2026-06-19 04:00:00",69,13.22,18.86,44,25.02,38,204,36592,1.3,0.75,50426,50201,-1,0,69,27560,368.6,24283,-51,4,44.31808,-68.92721,4,-0.21,1
"2026-06-19 05:00:00",70,13.24,19.15,44,37.96,38,204,36592,1.3,0.75,50426,50921,-1,0,70,27560,447.9,24362,-51,4,44.31801,-68.92716,4,-0.208,1
"2026-06-19 06:00:00",71,13.43,21.23,43,6.782,7,204,36592,1.3,0.75,50426,51641,-1,0,71,27560,529,24444,-53,4,44.31799,-68.9272,5,-0.179,1
"2026-06-19 07:00:00",72,13.52,24.01,42,-150.1,-150,204,36592,1.3,0.75,50426,52361,-1,0,72,27560,615.4,24530,-57,4,44.31806,-68.92707,4,-0.178,1
"2026-06-19 08:00:00",73,13.48,25.23,43,-228.9,-170,204,36592,1.3,0.75,50426,53081,-1,0,73,27560,703.9,24619,-55,4,44.31799,-68.92712,5,-0.116,1
"2026-06-19 09:00:00",74,13.42,26.21,42,-169.8,-46,204,36592,1.3,0.75,50426,53801,-1,0,74,27560,791,24706,-53,4,44.31806,-68.92725,4,-0.042,1
"2026-06-19 10:00:00",75,13.51,27,42,-46.18,-46,204,36592,1.3,0.75,50426,54521,-1,0,75,27560,879,24794,-55,4,44.3181,-68.92712,5,0.024,1
"2026-06-19 11:00:00",76,13.56,26.21,43,-175.8,2,204,36592,1.3,0.75,50426,55241,-1,0,76,27560,961,24875,-51,4,44.31807,-68.92711,4,0.061,1
"2026-06-19 12:00:00",77,13.55,27.36,42,1.96,2,211,36592,1.3,0.75,50426,55961,-1,0,77,27560,1048,24963,-53,4,44.31824,-68.92718,4,0.086,1
"2026-06-19 13:00:00",78,13.55,27.01,42,-27.01,-27,204,36592,1.3,0.75,50426,56681,-1,0,78,27560,1139,25054,-55,4,44.31815,-68.92715,4,0.097,1
"2026-06-19 14:00:00",79,13.57,25.78,42,-32.03,-32,205,36592,1.3,0.75,50426,57401,-1,0,79,27560,1220,25134,-53,4,44.31809,-68.9271,4,0.097,1
"2026-06-19 15:00:00",80,13.58,25.71,42,-55.95,-23,204,36592,1.3,0.75,50426,58121,-1,0,80,27560,1301,25216,-51,4,44.31809,-68.9271,4,0.097,1
"2026-06-19 16:00:00",81,13.56,25.91,43,-23,-20,211,36592,1.3,0.75,50426,58841,-1,0,81,27560,1367,25282,-51,4,44.31804,-68.92712,4,0.076,1
"2026-06-19 17:00:00",82,13.58,25.89,43,-19.99,-16,204,36592,1.3,0.75,50426,59561,-1,0,82,27560,1429,25344,-51,4,44.31803,-68.92717,4,0.076,1
"2026-06-19 18:00:00",83,13.58,26.28,43,-16.02,-16,204,36592,1.3,0.75,50426,60281,-1,0,83,27560,1495,25410,-53,4,44.31799,-68.92715,4,0.076,1
"2026-06-19 19:00:00",84,13.57,25.26,43,-31.97,-9,212,36592,1.3,0.75,50426,61001,-1,0,84,27560,1565,25479,-55,4,44.31802,-68.92711,4,0.076,1
"2026-06-19 20:00:00",85,13.51,23.02,43,-8.98,7,211,36592,1.3,0.75,50426,61721,-1,0,85,27560,1635,25549,-57,4,44.31793,-68.92724,5,0.076,1
"2026-06-19 21:00:00",86,13.34,21.4,44,7.046,40,204,36592,1.3,0.75,50426,62441,-1,0,86,27560,1707,25622,-51,4,44.318,-68.92728,4,0.049,1
"2026-06-19 22:00:00",87,13.27,20.53,44,39.97,40,211,36592,1.3,0.75,50426,63161,-1,0,87,27560,1785,25700,-51,4,44.31813,-68.92722,6,0.049,1
"2026-06-19 23:00:00",88,13.25,20.46,45,18.03,38,211,36592,1.3,0.75,50426,63881,-1,0,88,27560,1861,25776,-53,4,44.31812,-68.92713,4,-0.072,1
"2026-06-20 00:00:00",89,13.23,20.09,45,37.99,38,204,36592,1.3,0.75,50426,64601,-1,0,89,27560,0.137,25857,-53,4,44.31817,-68.92712,4,-0.072,1
"2026-06-20 01:00:00",90,13.24,19.52,44,27.99,28,204,36592,1.3,0.75,50426,65321,-1,0,90,27560,86.7,25944,-53,4,44.31816,-68.92719,5,-0.072,1
"2026-06-20 02:00:00",91,13.24,19.19,45,22.01,32,204,36592,1.3,0.75,50426,66041,-1,0,91,27560,177.3,26034,-51,4,44.31812,-68.92717,4,-0.072,1
"2026-06-20 03:00:00",92,13.24,18.92,45,32,32,211,36592,1.3,0.75,50426,66761,-1,0,92,27560,266.2,26123,-55,4,44.31805,-68.92716,4,-0.147,1
"2026-06-20 04:00:00",93,13.24,18.68,45,29.99,30,205,36592,1.3,0.75,50426,67481,-1,0,93,27560,349.2,26206,-53,4,44.31804,-68.92718,4,-0.147,1
"2026-06-20 05:00:00",94,13.24,18.69,44,23.02,36,204,36592,1.3,0.75,50426,68201,-1,0,94,27560,437.8,26295,-53,4,44.31801,-68.92721,4,-0.175,1
"2026-06-20 06:00:00",95,13.26,19.08,44,36.01,42,211,36592,1.3,0.75,50426,68921,-1,0,95,27560,522.4,26379,-55,4,44.31803,-68.92718,5,-0.175,1
"2026-06-20 07:00:00",96,13.35,19.83,44,41.88,42,204,36592,1.3,0.75,50426,69641,-1,0,96,27560,604,26461,-55,4,44.31798,-68.92717,4,-0.175,1
"2026-06-20 08:00:00",97,13.41,20.04,44,-43.04,-43,213,36592,1.3,0.75,50426,70361,-1,0,97,27560,684.1,26541,-53,4,44.31798,-68.92716,4,-0.175,1
"2026-06-20 09:00:00",98,13.55,21.95,43,-73.19,-73,204,36592,1.3,0.75,50426,71081,-1,0,98,27560,769.2,26626,-55,4,"NAN","NAN",4,-0.158,1
"2026-06-20 10:00:00",99,13.72,22.75,43,-212,-212,205,36592,1.3,0.75,50426,71801,-1,0,99,27560,865,26722,-55,4,44.31799,-68.92722,4,-0.147,1
"2026-06-20 11:00:00",100,13.66,22.89,43,-215.7,-30,204,36592,1.3,0.75,50426,72521,-1,0,100,27560,943,26800,-53,4,44.31804,-68.92709,4,-0.095,1
"2026-06-20 12:00:00",101,13.68,21.8,42,-29.98,-17,205,36592,1.3,0.75,50426,73241,-1,0,101,27560,1035,26892,-57,4,44.31804,-68.92709,4,-0.067,1
"2026-06-20 13:00:00",102,13.69,21.54,43,-17.06,-17,205,36592,1.3,0.75,50426,73961,-1,0,102,27560,1120,26977,-57,4,44.31807,-68.92713,4,-0.067,1
"2026-06-20 14:00:00",103,13.69,21.33,43,-56.97,-37,211,36592,1.3,0.75,50426,74681,-1,0,103,27560,1202,27059,-51,4,44.31811,-68.92712,5,-0.067,1
"2026-06-20 15:00:00",104,13.69,22.4,43,-36.99,-31,204,36592,1.3,0.75,50426,75401,-1,0,104,27560,1289,27146,-55,4,"NAN","NAN",4,-0.081,1
"2026-06-20 16:00:00",105,13.66,22.27,42,-31.01,-31,204,36592,1.3,0.75,50426,76121,-1,0,105,27560,1384,27241,-57,4,44.31809,-68.92711,4,-0.081,1
"2026-06-20 17:00:00",106,13.66,22.29,42,-36,-36,205,36592,1.3,0.75,50426,76841,-1,0,106,27560,1483,27340,-57,4,44.31799,-68.92721,4,-0.081,1
"2026-06-20 18:00:00",107,13.66,21.9,43,-39,-38,204,36592,1.3,0.75,50426,77561,-1,0,107,27560,1637,27494,-59,4,44.31798,-68.92717,4,-0.081,1
"2026-06-20 19:00:00",108,13.66,23.25,43,-38.01,-38,204,36592,1.3,0.75,50426,78281,-1,0,108,27560,1793,27650,-55,4,44.31807,-68.92722,4,-0.081,1
"2026-06-20 20:00:00",109,13.61,21.53,43,-41.92,17,212,36592,1.3,0.75,50426,79001,-1,0,109,27560,1940,27799,-55,4,44.3181,-68.9272,4,-0.081,1
"2026-06-20 21:00:00",110,13.4,19.42,44,17,17,211,36592,1.3,0.75,50426,79721,-1,0,110,27560,2086,27946,-55,4,44.31797,-68.92719,5,-0.081,1
"2026-06-20 22:00:00",111,13.28,18.63,44,16.04,46,204,36592,1.3,0.75,50426,80441,-1,0,111,27560,2232,28094,-55,4,44.31795,-68.92723,5,-0.092,1
"2026-06-20 23:00:00",112,13.25,18.48,44,45.97,46,204,36592,1.3,0.75,50426,81161,-1,0,112,27560,2378,28241,-57,4,"NAN","NAN",4,-0.092,1
"2026-06-21 00:00:00",113,13.24,18.32,45,23.99,24,204,36592,1.3,0.75,50426,81881,-1,0,113,27560,0.245,28390,-51,4,44.31808,-68.92721,4,-0.092,1
"2026-06-21 01:00:00",114,13.23,18.44,45,18.08,77,211,36592,1.3,0.75,50426,82601,-1,0,114,27560,138.4,28530,-55,4,44.3181,-68.92719,5,-0.092,1
"2026-06-21 02:00:00",115,13.23,18.36,45,76.94,77,211,36592,1.3,0.75,50426,83321,-1,0,115,27560,270.9,28664,-53,4,44.31807,-68.92713,4,-0.186,1
"2026-06-21 03:00:00",116,13.23,18.21,45,32.95,33,211,36592,1.3,0.75,50426,84041,-1,0,116,27560,411.7,28806,-55,4,44.31808,-68.92718,5,-0.186,1
"2026-06-21 04:00:00",117,13.21,18.55,45,-5.9,66,212,36592,1.3,0.75,50426,84761,-1,0,117,27560,553.1,28949,-57,4,44.31805,-68.92721,5,-0.192,1
"2026-06-21 05:00:00",118,13.24,18.13,45,65.94,66,204,36592,1.3,0.75,50426,85481,-1,0,118,27560,696.8,29094,-57,4,44.31803,-68.92722,5,-0.192,1
"2026-06-21 06:00:00",119,13.36,19.61,45,24.9,25,204,36592,1.3,0.75,50426,86201,-1,0,119,27560,829,29228,-55,4,44.318,-68.92722,4,-0.192,1
"2026-06-21 07:00:00",120,13.46,23.2,45,-50.09,-50,204,36592,1.3,0.75,50426,86921,-1,0,120,27560,950,29351,-55,4,44.318,-68.9272,4,-0.192,1
"2026-06-21 08:00:00",121,13.56,23.47,44,-112,-112,212,36592,1.3,0.75,50426,87641,-1,0,121,27560,1072,29473,-55,4,44.31797,-68.92719,4,-0.169,1
"2026-06-21 09:00:00",122,13.63,23.23,44,-125.9,-57,211,36592,1.3,0.75,50426,88361,-1,0,122,27560,1183,29586,-57,4,44.31799,-68.92721,4,-0.052,1
"2026-06-21 10:00:00",123,13.58,26.67,44,-56.89,24,204,36592,1.3,0.75,50426,89081,-1,0,123,27560,1278,29682,-57,4,44.31793,-68.92732,4,-0.039,1
"2026-06-21 11:00:00",124,13.51,29.89,43,23.9,24,204,36592,1.3,0.75,50426,89801,-1,0,124,27560,1381,29787,-57,4,44.31802,-68.92728,5,-0.039,1
"2026-06-21 12:00:00",125,13.49,30.4,43,-47.93,2,204,36592,1.3,0.75,50426,90521,-1,0,125,27560,1477,29884,-53,4,44.31813,-68.92728,4,0.083,1
"2026-06-21 13:00:00",126,13.52,27.13,43,1.885,2,211,36592,1.3,0.75,50426,91241,-1,0,126,27560,1568,29976,-51,4,44.31812,-68.92725,5,0.199,1
"2026-06-21 14:00:00",127,13.56,22.67,43,-80.9,22,204,36592,1.3,0.75,50426,91961,-1,0,127,27560,1652,30061,-55,4,44.31815,-68.9272,6,0.199,1
"2026-06-21 15:00:00",128,13.46,20.36,44,22,22,204,36592,1.3,0.75,50426,92681,-1,0,128,27560,1741,30150,-57,4,44.31812,-68.92716,5,0.199,1
"2026-06-21 16:00:00",129,13.66,21.41,43,18.94,19,204,36592,1.3,0.75,50426,93401,-1,0,129,27560,1832,30242,-57,4,44.31803,-68.92715,4,-0.042,1
"2026-06-21 17:00:00",130,13.66,22.16,43,-27.01,-27,212,36592,1.3,0.75,50426,94121,-1,0,130,27560,1933,30344,-55,4,44.31799,-68.9272,4,-0.042,1
"2026-06-21 18:00:00",131,13.65,22.29,43,-35.01,-35,211,36592,1.3,0.75,50426,94841,-1,0,131,27560,2047,30459,-55,4,"NAN","NAN",4,-0.042,1
"2026-06-21 19:00:00",132,13.65,22.19,43,-39.99,-35,204,36592,1.3,0.75,50426,95561,-1,0,132,27560,2155,30569,-55,4,44.31804,-68.92721,5,-0.042,1
"2026-06-21 20:00:00",133,13.46,19.88,44,-34.9,37,204,36592,1.3,0.75,50426,96281,-1,0,133,27560,2261,30676,-55,4,44.31801,-68.92722,5,-0.088,1
"2026-06-21 21:00:00",134,13.33,18.75,45,36.99,37,204,36592,1.3,0.75,50426,97001,-1,0,134,27560,2357,30773,-55,4,44.31799,-68.92724,5,-0.088,1
"2026-06-21 22:00:00",135,13.24,18.17,45,33.06,76,204,36592,1.3,0.75,50426,97721,-1,0,135,27560,2449,30866,-57,4,44.31798,-68.92721,5,-0.148,1
"2026-06-21 23:00:00",136,13.24,17.86,45,75.89,76,205,36592,1.3,0.75,50426,98441,-1,0,136,27560,2544,30962,-55,4,44.31797,-68.92715,4,-0.148,1
"2026-06-22 00:00:00",137,13.21,17.12,45,-2.929,48,204,36592,1.3,0.75,50426,99161,-1,0,137,27560,0.03,31055,-53,4,44.31812,-68.92725,5,-0.148,1
"2026-06-22 01:00:00",138,13.23,16.74,45,47.93,48,212,36592,1.3,0.75,50426,99881,-1,0,138,27560,84.6,31140,-53,4,44.31807,-68.92722,4,-0.148,1
"2026-06-22 02:00:00",139,13.23,16.7,45,-5.992,0,204,36592,1.3,0.75,50426,100601,-1,0,139,27560,176.1,31233,-59,4,44.31812,-68.92723,6,-0.18,1
"2026-06-22 03:00:00",140,13.23,16.75,45,-0.008,0,204,36592,1.3,0.75,50426,101321,-1,0,140,27560,262.6,31320,-59,4,44.31813,-68.92724,5,-0.18,1
"2026-06-22 04:00:00",141,13.2,16.42,45,-5.917,54,204,36592,1.3,0.75,50426,102041,-1,0,141,27560,345.6,31404,-61,4,44.31811,-68.92725,4,-0.18,1
"2026-06-22 05:00:00",142,13.2,16.7,45,53.99,54,204,36592,1.3,0.75,50426,102761,-1,0,142,27560,430.3,31489,-55,4,44.31816,-68.92722,4,-0.103,1
"2026-06-22 06:00:00",143,13.26,16.91,45,49.92,50,204,36592,1.3,0.75,50426,103481,-1,0,143,27560,511.9,31572,-57,4,44.31805,-68.92724,4,-0.067,1
"2026-06-22 07:00:00",144,13.33,18.02,45,-5.064,-5,204,36592,1.3,0.75,50426,104201,-1,0,144,27560,661,31722,-61,4,"NAN","NAN",4,-0.052,1
"2026-06-22 08:00:00",145,13.39,18.73,44,-51.02,-51,212,36592,1.3,0.75,50426,104921,-1,0,145,27560,739,31801,-57,4,44.31801,-68.92722,4,-0.028,1
"2026-06-22 09:00:00",146,13.43,21.08,44,-63.01,-63,204,36592,1.3,0.75,50426,105641,-1,0,146,27560,820,31883,-53,4,44.31794,-68.92718,4,0.001,1
"2026-06-22 10:00:00",147,13.66,24.03,43,-72.27,-72,204,36592,1.3,0.75,50426,106361,-1,0,147,27560,903,31967,-55,4,44.31799,-68.92721,6,0.035,1
"2026-06-22 11:00:00",148,13.6,24.43,42,-268.7,-44,204,36592,1.3,0.75,50426,107081,-1,0,148,27560,994,32058,-57,4,44.31799,-68.92719,6,0.088,1
"2026-06-22 12:00:00",149,13.59,24.99,43,-44.01,-44,205,36592,1.3,0.75,50426,107801,-1,0,149,27560,1085,32151,-59,4,44.31797,-68.92711,4,0.091,1
"2026-06-22 13:00:00",150,13.6,25.28,43,-51.98,-35,204,36592,1.3,0.75,50426,108521,-1,0,150,27560,1183,32250,-57,4,44.31806,-68.92731,4,0.091,1
"2026-06-22 14:00:00",151,13.6,25,44,-35.02,-35,204,36592,1.3,0.75,50426,109241,-1,0,151,27560,1275,32342,-57,4,44.31811,-68.92722,4,0.091,1
"2026-06-22 15:00:00",152,13.6,23.59,43,-46.02,-46,204,36592,1.3,0.75,50426,109961,-1,0,152,27560,1350,32418,-55,4,44.31812,-68.9272,5,0.091,1
"2026-06-22 16:00:00",153,13.62,22.05,43,-56.96,-29,204,36592,1.3,0.75,50426,110681,-1,0,153,27560,1429,32498,-55,4,44.31812,-68.92723,4,0.036,1
"2026-06-22 17:00:00",154,13.66,20.32,43,-29.01,-29,211,36592,1.3,0.75,50426,111401,-1,0,154,27560,1504,32574,-57,4,44.3181,-68.92716,5,0.036,1
"2026-06-22 18:00:00",155,13.68,20.08,44,-36.99,-30,204,36592,1.3,0.75,50426,112121,-1,0,155,27560,1586,32656,-51,4,44.31805,-68.92718,6,0.036,1
"2026-06-22 19:00:00",156,13.63,18.89,44,-29.9,43,205,36592,1.3,0.75,50426,112841,-1,0,156,27560,1668,32739,-59,4,44.31804,-68.9272,4,0.036,1
"2026-06-22 20:00:00",157,13.42,17.84,45,42.97,43,204,36592,1.3,0.75,50426,113561,-1,0,157,27560,1740,32811,-63,4,44.31806,-68.92718,4,0.031,1
"2026-06-22 21:00:00",158,13.29,17.39,45,23.97,24,204,36592,1.3,0.75,50426,114281,-1,0,158,27560,1815,32887,-53,4,44.31805,-68.92718,4,0.031,1
"2026-06-22 22:00:00",159,13.24,17.37,45,2.015,13,204,36592,1.3,0.75,50426,115001,-1,0,159,27560,1904,32977,-51,4,44.31794,-68.92724,4,0.031,1
"2026-06-22 23:00:00",160,13.24,17.35,45,12.98,13,204,36592,1.3,0.75,50426,115721,-1,0,160,27560,1982,33057,-59,4,44.31806,-68.92728,4,0.031,1
"2026-06-23 00:00:00",161,13.23,17.49,46,1.047,35,204,36592,1.3,0.75,50426,116441,-1,0,161,27560,0,33136,-59,4,44.31808,-68.92723,4,0.033,1
"2026-06-23 01:00:00",162,13.24,17.2,46,34.94,35,204,36592,1.3,0.75,50426,117161,-1,0,162,27560,93,33230,-59,4,44.31816,-68.92722,5,0.033,1
"2026-06-23 02:00:00",163,13.2,16.91,46,-6.935,40,204,36592,1.3,0.75,50426,117881,-1,0,163,27560,181.7,33320,-57,4,"NAN","NAN",4,0.033,1
"2026-06-23 03:00:00",164,13.22,16.82,46,39.94,40,211,36592,1.3,0.75,50426,118601,-1,0,164,27560,263.3,33402,-59,4,44.31815,-68.92724,5,0.033,1
"2026-06-23 04:00:00",165,13.22,16.72,46,-4.021,-4,204,36592,1.3,0.75,50426,119321,-1,0,165,27560,356.1,33496,-53,4,44.31815,-68.9272,4,0.019,1
"2026-06-23 05:00:00",166,13.22,16.7,46,-18.97,5,204,36592,1.3,0.75,50426,120041,-1,0,166,27560,439.6,33580,-57,4,44.31814,-68.92724,4,0.019,1
"2026-06-23 06:00:00",167,13.23,17.25,46,4.981,5,213,36592,1.3,0.75,50426,120761,-1,0,167,27560,531.4,33673,-55,4,44.3181,-68.92721,5,0.019,1
"2026-06-23 07:00:00",168,13.2,17.05,46,-8.94,35,204,36592,1.3,0.75,50426,121481,-1,0,168,27560,623.8,33767,-55,4,44.31801,-68.92725,5,0.005,1
"2026-06-23 08:00:00",169,13.24,16.66,45,34.91,35,205,36592,1.3,0.75,50426,122201,-1,0,169,27560,717.5,33861,-55,4,44.31803,-68.92726,4,0.005,1
"2026-06-23 09:00:00",170,13.26,16.84,46,-30,-30,211,36592,1.3,0.75,50426,122921,-1,0,170,27560,803,33947,-53,4,44.31807,-68.92723,4,-0.022,1
"2026-06-23 10:00:00",171,13.32,17.5,45,-32.05,-32,204,36592,1.3,0.75,50426,123641,-1,0,171,27560,888,34034,-55,4,44.31801,-68.92724,4,-0.022,1
"2026-06-23 11:00:00",172,13.33,17.73,45,-64.93,-18,205,36592,1.3,0.75,50426,124361,-1,0,172,27560,979,34125,-57,4,44.31799,-68.92727,5,-0.022,1
"2026-06-23 12:00:00",173,13.42,18.64,45,-18.1,-18,211,36592,1.3,0.75,50426,125081,-1,0,173,27560,1071,34218,-57,4,44.31797,-68.92722,7,-0.022,1
"2026-06-23 13:00:00",174,13.51,19.98,44,-87.1,-87,204,36592,1.3,0.75,50426,125801,-1,0,174,27560,1161,34309,-59,4,44.31796,-68.92719,6,-0.048,1
"2026-06-23 14:00:00",175,13.41,20.15,44,-193.8,-38,205,36592,1.3,0.75,50426,126521,-1,0,175,27560,1255,34403,-57,4,44.318,-68.92722,5,-0.048,1
"2026-06-23 15:00:00",176,13.61,21.69,44,-38.23,-38,205,36592,1.3,0.75,50426,127241,-1,0,176,27560,1338,34487,-57,4,44.31802,-68.92722,5,-0.05,1
"2026-06-23 16:00:00",177,13.66,22.55,43,-204.8,-51,204,36592,1.3,0.75,50426,127961,-1,0,177,27560,1429,34579,-53,4,44.31806,-68.92713,4,-0.05,1
"2026-06-23 17:00:00",178,13.63,23.89,44,-50.99,-42,204,36592,1.3,0.75,50426,128681,-1,0,178,27560,1510,34661,-55,4,44.31812,-68.92723,5,-0.053,1
"2026-06-23 18:00:00",179,13.64,24.13,43,-42.01,-42,204,36592,1.3,0.75,50426,129401,-1,0,179,27560,1600,34752,-55,4,44.31806,-68.9272,5,-0.053,1
"2026-06-23 19:00:00",180,13.61,21.8,44,-45.96,-20,204,36592,1.3,0.75,50426,130121,-1,0,180,27560,1688,34841,-53,4,44.31804,-68.9272,7,-0.054,1
"2026-06-23 20:00:00",181,13.48,20.14,45,-19.94,22,204,36592,1.3,0.75,50426,130841,-1,0,181,27560,1779,34933,-55,4,44.31804,-68.9272,5,-0.054,1
"2026-06-23 21:00:00",182,13.32,19.2,45,22.02,33,204,36592,1.3,0.75,50426,131561,-1,0,182,27560,1866,35021,-53,4,44.31801,-68.92724,6,-0.057,1
"2026-06-23 22:00:00",183,13.25,18.25,45,32.99,33,204,36592,1.3,0.75,50426,132281,-1,0,183,27560,1956,35112,-55,4,44.318,-68.92721,6,-0.057,1
"2026-06-23 23:00:00",184,13.24,18.02,45,23.03,41,204,36592,1.3,0.75,50426,133001,-1,0,184,27560,2052,35209,-53,4,44.31798,-68.92722,4,-0.059,1
"2026-06-24 00:00:00",185,13.24,17.71,46,40.98,41,204,36592,1.3,0.75,50426,133721,-1,0,185,27560,0,35296,-57,4,44.31799,-68.92715,6,-0.059,1
"2026-06-24 01:00:00",186,13.23,17.08,46,27.96,28,204,36592,1.3,0.75,50426,134441,-1,0,186,27560,98.5,35395,-61,4,44.31803,-68.92727,6,-0.059,1
"2026-06-24 02:00:00",187,13.24,17.09,46,-0.95,35,204,36592,1.3,0.75,50426,135161,-1,0,187,27560,192.4,35490,-59,4,44.31804,-68.92729,5,-0.059,1
"2026-06-24 03:00:00",188,13.23,17.15,46,34.95,35,204,36592,1.3,0.75,50426,135881,-1,0,188,27560,280.3,35579,-57,4,44.31806,-68.92725,5,-0.067,1
"2026-06-24 04:00:00",189,13.22,16.94,46,-1.999,-1,212,36592,1.3,0.75,50426,136601,-1,0,189,27560,366.1,35665,-57,4,44.3181,-68.92723,4,-0.067,1
"2026-06-24 05:00:00",190,13.22,17.19,46,-0.992,5,204,36592,1.3,0.75,50426,137321,-1,0,190,27560,456.5,35757,-55,4,44.31812,-68.92723,4,-0.074,1
"2026-06-24 06:00:00",191,13.44,18.54,45,4.718,5,204,36592,1.3,0.75,50426,138041,-1,0,191,27560,544.4,35845,-57,4,44.31811,-68.92721,6,-0.074,1
"2026-06-24 07:00:00",192,13.44,21.37,45,-197.8,-55,204,36592,1.3,0.75,50426,138761,-1,0,192,27560,634.3,35936,-55,4,44.31805,-68.9272,6,-0.074,1
"2026-06-24 08:00:00",193,13.51,24.27,45,-55.09,-55,204,36592,1.3,0.75,50426,139481,-1,0,193,27560,725.6,36029,-53,4,44.31802,-68.92723,4,-0.066,1
"2026-06-24 09:00:00",194,13.56,26.3,45,-116.9,-21,211,36592,1.3,0.75,50426,140201,-1,0,194,27560,808,36112,-55,4,44.31801,-68.92725,4,-0.066,1
"2026-06-24 10:00:00",195,13.55,28.7,44,-21,-21,205,36592,1.3,0.75,50426,140921,-1,0,195,27560,886,36190,-53,4,44.31801,-68.92722,5,-0.065,1
"2026-06-24 11:00:00",196,13.49,30.93,43,-23.96,8,211,36592,1.3,0.75,50426,141641,-1,0,196,27560,974,36279,-55,4,44.31799,-68.9272,6,-0.065,1
"2026-06-24 12:00:00",197,13.49,29.28,44,7.903,8,204,36592,1.3,0.75,50426,142361,-1,0,197,27560,1066,36372,-51,4,44.31798,-68.92722,8,-0.065,1
"2026-06-24 13:00:00",198,13.52,28.27,44,-61.96,-31,205,36592,1.3,0.75,50426,143081,-1,0,198,27560,1145,36452,-55,4,44.31805,-68.92721,4,-0.065,1
"2026-06-24 14:00:00",199,13.52,27.95,44,-31.01,-31,204,36592,1.3,0.75,50426,143801,-1,0,199,27560,1239,36547,-51,4,44.31799,-68.92715,5,-0.068,1
"2026-06-24 15:00:00",200,13.51,27.83,44,-35.98,-23,211,36592,1.3,0.75,50426,144521,-1,0,200,27560,1322,36630,-55,4,44.31803,-68.92691,4,-0.068,1
"2026-06-24 16:00:00",201,13.53,27.62,44,-23.02,-23,204,36592,1.3,0.75,50426,145241,-1,0,201,27560,1403,36712,-57,4,44.31804,-68.92709,4,-0.068,1
"2026-06-24 17:00:00",202,13.53,27.58,45,-35,-33,204,36592,1.3,0.75,50426,145961,-1,0,202,27560,1481,36791,-51,4,44.31806,-68.92712,4,-0.068,1
"2026-06-24 18:00:00",203,13.52,27.32,44,-32.99,-28,204,36592,1.3,0.75,50426,146681,-1,0,203,27560,1571,36883,-57,4,44.31814,-68.92709,5,-0.064,1
"2026-06-24 19:00:00",204,13.55,26.64,44,-27.97,-7,204,36592,1.3,0.75,50426,147401,-1,0,204,27560,1657,36969,-59,4,44.31808,-68.92712,5,-0.064,1
"2026-06-24 20:00:00",205,13.53,24.76,45,-6.957,24,211,36592,1.3,0.75,50426,148121,-1,0,205,27560,1747,37060,-57,4,44.31801,-68.9272,4,-0.062,1
"2026-06-24 21:00:00",206,13.34,21.28,45,24.07,71,205,36592,1.3,0.75,50426,148841,-1,0,206,27560,1842,37156,-53,4,44.31801,-68.92718,4,-0.062,1
"2026-06-24 22:00:00",207,13.27,21.7,46,70.96,71,205,36592,1.3,0.75,50426,149561,-1,0,207,27560,1929,37244,-53,4,44.31803,-68.92715,4,-0.049,1
"2026-06-24 23:00:00",208,13.26,20.85,46,38.95,39,205,36592,1.3,0.75,50426,150281,-1,0,208,27560,2022,37338,-53,4,44.31803,-68.92718,4,-0.049,1
"2026-06-25 00:00:00",209,13.25,20.41,46,6.042,36,204,36592,1.3,0.75,50426,151001,-1,0,209,27560,0,37647,-55,4,44.31804,-68.92727,4,-0.044,1
"2026-06-25 01:00:00",210,13.25,19.94,46,36,36,210,36592,1.3,0.75,50426,151721,-1,0,210,27560,90.9,37738,-57,4,44.31801,-68.92718,7,-0.04,1
"2026-06-25 02:00:00",211,13.21,19.68,46,34.05,73,204,36592,1.3,0.75,50426,152441,-1,0,211,27560,181.8,37830,-55,4,44.31806,-68.92712,4,-0.034,1
"2026-06-25 03:00:00",212,13.22,19.43,46,72.97,73,204,36592,1.3,0.75,50426,153161,-1,0,212,27560,268.9,37918,-55,4,44.31805,-68.92717,4,-0.034,1
"2026-06-25 04:00:00",213,13.23,19.16,46,52.91,53,204,36592,1.3,0.75,50426,153881,-1,0,213,27560,357.3,38007,-51,4,44.31812,-68.92733,4,-0.032,1
"2026-06-25 05:00:00",214,13.24,19.75,46,-9,-7,205,36592,1.3,0.75,50426,154601,-1,0,214,27560,437.9,38089,-53,4,44.31816,-68.92712,5,-0.03,1
"2026-06-25 06:00:00",215,13.29,21.03,45,-7.014,-7,204,36592,1.3,0.75,50426,155321,-1,0,215,27560,519.3,38171,-51,4,44.31815,-68.92721,4,-0.022,1
"2026-06-25 07:00:00",216,13.4,21.97,45,-17.14,-17,213,36592,1.3,0.75,50426,156041,-1,0,216,27560,606.3,38259,-59,4,44.31813,-68.92713,4,-0.022,1
"2026-06-25 08:00:00",217,13.53,25.25,45,-118.1,-118,204,36592,1.3,0.75,50426,156761,-1,0,217,27560,693,38346,-55,4,44.31807,-68.92718,4,-0.01,1
"2026-06-25 09:00:00",218,13.58,25.1,45,-212.7,14,204,36592,1.3,0.75,50426,157481,-1,0,218,27560,772.3,38426,-57,4,44.31803,-68.92717,5,-0.002,1
"2026-06-25 10:00:00",219,13.53,30.03,43,13.94,14,204,36592,1.3,0.75,50426,158201,-1,0,219,27560,853,38508,-55,4,44.31802,-68.92722,5,0.013,1
"2026-06-25 11:00:00",220,13.45,33.5,42,-29.96,1,204,36592,1.3,0.75,50426,158921,-1,0,220,27560,938,38594,-53,4,44.318,-68.9272,4,0.015,1
"2026-06-25 12:00:00",221,13.44,32.85,43,0.985,1,204,36592,1.3,0.75,50426,159641,-1,0,221,27560,1019,38676,-53,4,44.31796,-68.92719,5,0.022,1
"2026-06-25 13:00:00",222,13.45,32.57,44,-10.02,-10,205,36592,1.3,0.75,50426,160361,-1,0,222,27560,1110,38767,-57,4,44.31796,-68.9272,5,0.028,1
"2026-06-25 14:00:00",223,13.48,28.72,44,-21.04,-21,205,36592,1.3,0.75,50426,161081,-1,0,223,27560,1194,38852,-53,4,44.318,-68.92718,5,0.031,1
"2026-06-25 15:00:00",224,13.51,27,44,-47.98,-32,212,36592,1.3,0.75,50426,161801,-1,0,224,27560,1275,38934,-61,4,44.31818,-68.92715,4,0.031,1
"2026-06-25 16:00:00",225,13.58,24.82,44,-32.04,-32,204,36592,1.3,0.75,50426,162521,-1,0,225,27560,1361,39021,-57,4,44.3181,-68.92722,6,0.031,1
"2026-06-25 17:00:00",226,13.58,24.7,44,-58,-58,204,36592,1.3,0.75,50426,163241,-1,0,226,27560,1438,39099,-53,4,"NAN","NAN",4,0.031,1
"2026-06-25 18:00:00",227,13.59,24.51,45,-59.97,-40,204,36592,1.3,0.75,50426,163961,-1,0,227,27560,1525,39186,-51,4,"NAN","NAN",4,0.031,1
"2026-06-25 19:00:00",228,13.61,24.21,45,-40.02,-40,204,36592,1.3,0.75,50426,164681,-1,0,228,27560,1608,39270,-53,4,44.31815,-68.92715,5,0.031,1
"2026-06-25 20:00:00",229,13.56,21.93,45,-52.93,0,204,36592,1.3,0.75,50426,165401,-1,0,229,27560,1692,39355,-55,4,44.31812,-68.9272,4,0.033,1
"2026-06-25 21:00:00",230,13.35,20.61,46,0.06,43,204,36592,1.3,0.75,50426,166121,-1,0,230,27560,1782,39446,-53,4,"NAN","NAN",5,0.033,1
"2026-06-25 22:00:00",231,13.25,19.55,46,43.03,66,204,36592,1.3,0.75,50426,166841,-1,0,231,27560,1873,39538,-51,4,44.31809,-68.92717,7,0.033,1
"2026-06-25 23:00:00",232,13.25,18.91,46,65.89,66,204,36592,1.3,0.75,50426,167561,-1,0,232,27560,1962,39628,-51,4,"NAN","NAN",4,0.033,1
"2026-06-26 00:00:00",233,13.21,18.38,46,-10.93,38,205,36592,1.3,0.75,50426,168281,-1,0,233,27560,0,39718,-53,4,44.31805,-68.92722,5,0.036,1
"2026-06-26 01:00:00",234,13.24,18.38,47,37.94,38,204,36592,1.3,0.75,50426,169001,-1,0,234,27560,87.3,39806,-55,4,44.31803,-68.9272,5,0.039,1
"2026-06-26 02:00:00",235,13.21,18.26,46,-4.928,47,204,36592,1.3,0.75,50426,169721,-1,0,235,27560,177.9,39897,-57,4,44.31803,-68.92725,4,0.039,1
"2026-06-26 03:00:00",236,13.23,18.45,47,46.93,47,204,36592,1.3,0.75,50426,170441,-1,0,236,27560,258.7,39979,-63,4,44.318,-68.92728,4,0.039,1
"2026-06-26 04:00:00",237,13.21,17.97,46,-1.942,40,204,36592,1.3,0.75,50426,171161,-1,0,237,27560,337.9,40059,-55,4,44.31815,-68.92726,6,0.039,1
"2026-06-26 05:00:00",238,13.23,18.15,46,39.93,40,212,36592,1.3,0.75,50426,171881,-1,0,238,27560,420.4,40142,-55,4,44.31818,-68.92715,5,0.039,1
"2026-06-26 06:00:00",239,13.23,18.38,46,-13.96,14,204,36592,1.3,0.75,50426,172601,-1,0,239,27560,499.8,40223,-57,4,44.31816,-68.92722,5,0.037,1
"2026-06-26 07:00:00",240,13.25,18.33,46,13.96,14,204,36592,1.3,0.75,50426,173321,-1,0,240,27560,578.5,40302,-57,4,44.31813,-68.9272,4,0.037,1
"2026-06-26 08:00:00",241,13.27,18.5,46,-14.03,-14,212,36592,1.3,0.75,50426,174041,-1,0,241,27560,657.5,40383,-57,4,44.31813,-68.92722,4,0.037,1
"2026-06-26 09:00:00",242,13.27,18.64,46,-34.96,-5,205,36592,1.3,0.75,50426,174761,-1,0,242,27560,734.5,40461,-55,4,44.31809,-68.92727,4,0.037,1
"2026-06-26 10:00:00",243,13.34,19.1,46,-5.124,-5,204,36592,1.3,0.75,50426,175481,-1,0,243,27560,809,40537,-53,4,44.31805,-68.92723,5,0.039,1
"2026-06-26 11:00:00",244,13.4,19.82,46,-94,-80,204,36592,1.3,0.75,50426,176201,-1,0,244,27560,888,40618,-51,4,44.31804,-68.92724,5,0.039,1
"2026-06-26 12:00:00",245,13.41,19.92,45,-79.99,-73,204,36592,1.3,0.75,50426,176921,-1,0,245,27560,1018,40751,-53,4,44.318,-68.92722,4,0.042,1
"2026-06-26 13:00:00",246,13.49,20.28,45,-73.12,-73,204,36592,1.3,0.75,50426,177641,-1,0,246,27560,1106,40840,-55,4,44.31806,-68.92718,4,0.042,1
"2026-06-26 14:00:00",247,13.72,22.7,44,-156.1,-156,204,36592,1.3,0.75,50426,178361,-1,0,247,27560,1185,40921,-59,4,44.318,-68.92722,4,0.043,1
"2026-06-26 15:00:00",248,13.64,24.55,44,-195.8,-53,204,36592,1.3,0.75,50426,179081,-1,0,248,27560,1271,41009,-53,4,44.31798,-68.92716,5,0.043,1
"2026-06-26 16:00:00",249,13.62,24.34,45,-52.96,-24,204,36592,1.3,0.75,50426,179801,-1,0,249,27560,1354,41094,-53,4,44.31808,-68.92723,4,0.043,1
"2026-06-26 17:00:00",250,13.63,22.71,45,-24.06,-24,204,36592,1.3,0.75,50426,180521,-1,0,250,27560,1439,41179,-55,4,44.31807,-68.92728,6,0.031,1
"2026-06-26 18:00:00",251,13.61,21.19,46,-67.93,-21,204,36592,1.3,0.75,50426,181241,-1,0,251,27560,1519,41262,-55,4,44.31809,-68.92714,4,0.031,1
"2026-06-26 19:00:00",252,13.49,19.63,46,-21,-21,204,36592,1.3,0.75,50426,181961,-1,0,252,27560,1616,41361,-55,4,44.31819,-68.92721,6,0.021,1
"2026-06-26 20:00:00",253,13.33,18.86,46,-20.88,64,212,36592,1.3,0.75,50426,182681,-1,0,253,27560,1701,41447,-53,4,44.31812,-68.92722,4,0.021,1
"2026-06-26 21:00:00",254,13.27,18.1,46,63.92,64,204,36592,1.3,0.75,50426,183401,-1,0,254,27560,1791,41539,-53,4,44.31813,-68.92725,5,0.021,1
"2026-06-26 22:00:00",255,13.23,17.83,46,8.03,30,204,36592,1.3,0.75,50426,184121,-1,0,255,27560,1885,41635,-51,4,44.31812,-68.92721,4,0.021,1
"2026-06-26 23:00:00",256,13.24,17.69,46,29.96,30,204,36592,1.3,0.75,50426,184841,-1,0,256,27560,1980,41732,-59,4,44.31804,-68.92723,4,0.015,1
"2026-06-27 00:00:00",257,13.22,17.82,47,1.056,41,204,36592,1.3,0.75,50426,185561,-1,0,257,27560,0.074,41820,-57,4,44.31807,-68.92722,4,0.015,1
"2026-06-27 01:00:00",258,13.24,17.68,47,40.99,41,205,36592,1.3,0.75,50426,186281,-1,0,258,27560,88.8,41911,-55,4,44.31798,-68.92717,5,0.014,1
"2026-06-27 02:00:00",259,13.23,17.61,47,35,35,205,36592,1.3,0.75,50426,187001,-1,0,259,27560,182.7,42006,-57,4,44.31797,-68.92722,5,0.014,1
"2026-06-27 03:00:00",260,13.23,17.84,47,33.95,34,204,36592,1.3,0.75,50426,187721,-1,0,260,27560,270.5,42096,-55,4,44.31797,-68.9272,4,0.014,1
"2026-06-27 04:00:00",261,13.24,17.55,47,-0.003,0,208,36592,1.3,0.75,50426,188441,-1,0,261,27560,355.8,42183,-55,4,44.31806,-68.92727,5,0.014,1
"2026-06-27 05:00:00",262,13.22,17.87,47,-1.968,21,204,36592,1.3,0.75,50426,189161,-1,0,262,27560,569,42400,-57,4,44.3181,-68.92724,6,0.014,1
"2026-06-27 06:00:00",263,13.25,18.03,46,20.93,21,204,36592,1.3,0.75,50426,189881,-1,0,263,27560,649.8,42483,-55,4,44.31807,-68.92721,5,0.014,1
"2026-06-27 07:00:00",264,13.28,19.08,46,-28.01,-28,205,36592,1.3,0.75,50426,190601,-1,0,264,27560,727.3,42561,-57,4,44.31815,-68.92722,4,0.015,1
"2026-06-27 08:00:00",265,13.36,19.85,46,-38.06,-38,204,36592,1.3,0.75,50426,191321,-1,0,265,27560,808,42644,-51,4,44.31814,-68.92717,6,0.015,1
"2026-06-27 09:00:00",266,13.44,20.64,45,-84,-84,211,36592,1.3,0.75,50426,192041,-1,0,266,27560,895,42733,-57,4,44.31811,-68.92722,4,0.023,1
"2026-06-27 10:00:00",267,13.52,22.6,45,-107.1,-107,205,36592,1.3,0.75,50426,192761,-1,0,267,27560,979,42818,-61,4,44.31803,-68.9272,6,0.023,1
"2026-06-27 11:00:00",268,13.62,24.57,45,-154.9,-66,211,36592,1.3,0.75,50426,193481,-1,0,268,27560,1066,42907,-55,4,44.31803,-68.9272,6,0.026,1
"2026-06-27 12:00:00",269,13.62,24.96,45,-66,-63,204,36592,1.3,0.75,50426,194201,-1,0,269,27560,1149,42992,-57,4,44.31804,-68.92724,5,0.026,1
"2026-06-27 13:00:00",270,13.61,24.61,45,-62.95,-28,211,36592,1.3,0.75,50426,194921,-1,0,270,27560,1235,43080,-53,4,44.31804,-68.92722,4,0.031,1
"2026-06-27 14:00:00",271,13.6,24.36,46,-28.03,-28,211,36592,1.3,0.75,50426,195641,-1,0,271,27560,1323,43169,-51,4,"NAN","NAN",4,0.031,1
"2026-06-27 15:00:00",272,13.6,24.15,45,-46.98,-35,211,36592,1.3,0.75,50426,196361,-1,0,272,27560,1408,43256,-53,4,44.31799,-68.92715,5,0.031,1
"2026-06-27 16:00:00",273,13.59,23.17,45,-35,-35,210,36592,1.3,0.75,50426,197081,-1,0,273,27560,1488,43338,-57,4,44.31814,-68.92717,5,0.031,1
"2026-06-27 17:00:00",274,13.62,22.51,45,-35.97,-17,204,36592,1.3,0.75,50426,197801,-1,0,274,27560,1562,43413,-55,4,44.31814,-68.92715,4,0.02,1
"2026-06-27 18:00:00",275,13.65,20.72,45,-17.01,-17,204,36592,1.3,0.75,50426,198521,-1,0,275,27560,1646,43499,-57,4,44.31816,-68.92718,4,0.02,1
"2026-06-27 19:00:00",276,13.67,22.71,45,-21.03,-21,204,36592,1.3,0.75,50426,199241,-1,0,276,27560,1725,43579,-53,4,44.31807,-68.9272,4,0.02,1
"2026-06-27 20:00:00",277,13.59,20.53,46,-40.96,-14,204,36592,1.3,0.75,50426,199961,-1,0,277,27560,1813,43668,-51,4,44.31815,-68.92719,5,0.02,1
"2026-06-27 21:00:00",278,13.38,18.79,47,-13.98,-1,204,36592,1.3,0.75,50426,200681,-1,0,278,27560,1898,43755,-55,4,44.31816,-68.92718,4,0.02,1
"2026-06-27 22:00:00",279,13.25,18.24,47,-0.944,39,204,36592,1.3,0.75,50426,201401,-1,0,279,27560,1989,43849,-59,4,44.31814,-68.92718,4,0.014,1
"2026-06-27 23:00:00",280,13.25,17.82,47,38.96,39,204,36592,1.3,0.75,50426,202121,-1,0,280,27560,2075,43936,-55,4,44.31806,-68.92715,4,0.014,1
"2026-06-28 00:00:00",281,13.23,17.67,47,10.99,11,204,36592,1.3,0.75,50426,202841,-1,0,281,27560,0.064,44022,-55,4,44.31806,-68.92717,4,0.006,1
"2026-06-28 01:00:00",282,13.24,17.51,47,5.988,6,205,36592,1.3,0.75,50426,203561,-1,0,282,27560,94.8,44119,-55,4,44.31806,-68.92721,4,0.006,1
"2026-06-28 02:00:00",283,13.23,17.61,47,-2.997,-1,204,36592,1.3,0.75,50426,204281,-1,0,283,27560,179.8,44206,-55,4,44.31801,-68.92721,5,0.005,1
"2026-06-28 03:00:00",284,13.23,17.93,47,-0.957,30,205,36592,1.3,0.75,50426,205001,-1,0,284,27560,264.9,44293,-55,4,44.31805,-68.92719,4,0.005,1
"2026-06-28 04:00:00",285,13.23,17.87,47,29.96,30,204,36592,1.3,0.75,50426,205721,-1,0,285,27560,351.6,44381,-57,4,44.31796,-68.92723,5,0.004,1
"2026-06-28 05:00:00",286,13.23,17.47,47,0.986,1,204,36592,1.3,0.75,50426,206441,-1,0,286,27560,433.8,44465,-59,4,44.31804,-68.92725,5,0.004,1
"2026-06-28 06:00:00",287,13.33,20.72,46,-9,-6,204,36592,1.3,0.75,50426,207161,-1,0,287,27560,515.2,44548,-57,4,44.31812,-68.92727,4,-0.004,1
"2026-06-28 07:00:00",288,13.45,23.55,44,-6.183,-6,205,36592,1.3,0.75,50426,207881,-1,0,288,27560,592.7,44627,-57,4,44.31819,-68.92729,5,-0.004,1
"2026-06-28 08:00:00",289,13.61,24.28,44,-138,-138,204,36592,1.3,0.75,50426,208601,-1,0,289,27560,673.1,44709,-55,4,44.31821,-68.92724,4,-0.004,1
"2026-06-28 09:00:00",290,13.61,25.2,45,-151.9,-53,204,36592,1.3,0.75,50426,209321,-1,0,290,27560,759.4,44797,-53,4,44.31816,-68.92724,4,0.006,1
"2026-06-28 10:00:00",291,13.6,26.6,45,-52.97,-28,211,36592,1.3,0.75,50426,210041,-1,0,291,27560,836,44875,-55,4,44.3181,-68.92722,4,0.008,1
"2026-06-28 11:00:00",292,13.55,27.76,45,-28.05,-28,205,36592,1.3,0.75,50426,210761,-1,0,292,27560,921,44961,-51,4,44.31798,-68.92717,5,0.009,1
"2026-06-28 12:00:00",293,13.53,29.6,43,-65.93,-16,205,36592,1.3,0.75,50426,211481,-1,0,293,27560,1012,45054,-55,4,44.31807,-68.9272,5,0.009,1
"2026-06-28 13:00:00",294,13.52,26.36,45,-15.99,-11,205,36592,1.3,0.75,50426,212201,-1,0,294,27560,1094,45138,-57,4,44.31803,-68.92719,8,0.009,1
"2026-06-28 14:00:00",295,13.57,25.67,46,-11.04,-11,204,36592,1.3,0.75,50426,212921,-1,0,295,27560,1170,45215,-53,4,44.31804,-68.92709,4,0.009,1
"2026-06-28 15:00:00",296,13.58,25.98,45,-40.98,-27,204,36592,1.3,0.75,50426,213641,-1,0,296,27560,1240,45287,-51,4,44.31792,-68.92715,4,0.009,1
"2026-06-28 16:00:00",297,13.58,26.18,46,-27.01,-27,204,36592,1.3,0.75,50426,214361,-1,0,297,27560,1319,45367,-51,4,44.31805,-68.92709,6,0,1
"2026-06-28 17:00:00",298,13.58,27.27,45,-37.01,-37,211,36592,1.3,0.75,50426,215081,-1,0,298,27560,1392,45442,-61,4,44.31811,-68.92712,5,0,1
"2026-06-28 18:00:00",299,13.58,24.61,45,-42,-42,204,36592,1.3,0.75,50426,215801,-1,0,299,27560,1474,45525,-57,4,44.31812,-68.92718,4,-0.006,1
"2026-06-28 19:00:00",300,13.64,22.69,46,-43.02,-43,205,36592,1.3,0.75,50426,216521,-1,0,300,27560,1556,45609,-55,4,44.31815,-68.92719,5,-0.006,1
"2026-06-28 20:00:00",301,13.57,24.04,46,-58.92,1,210,36592,1.3,0.75,50426,217241,-1,0,301,27560,1640,45695,-51,4,44.31812,-68.92717,4,-0.006,1
"2026-06-28 21:00:00",302,13.38,21.1,47,1.008,7,211,36592,1.3,0.75,50426,217961,-1,0,302,27560,1721,45777,-51,4,44.31818,-68.9272,5,-0.006,1
"2026-06-28 22:00:00",303,13.28,20.88,47,7.008,13,204,36592,1.3,0.75,50426,218681,-1,0,303,27560,1807,45865,-55,4,44.31814,-68.9272,5,-0.006,1
"2026-06-28 23:00:00",304,13.26,20.56,48,13.02,27,204,36592,1.3,0.75,50426,219401,-1,0,304,27560,1891,45951,-53,4,44.31804,-68.92726,6,-0.006,1
"2026-06-29 00:00:00",305,13.22,20.1,48,27.08,85,205,36592,1.3,0.75,50426,220121,-1,0,305,27560,0.076,46038,-55,4,44.31806,-68.92716,5,-0.001,1
"2026-06-29 01:00:00",306,13.24,20.18,48,84.9,85,210,36592,1.3,0.75,50426,220841,-1,0,306,27560,92.5,46132,-57,4,44.31806,-68.92718,7,-0.001,1
"2026-06-29 02:00:00",307,13.24,19.87,48,45.98,46,205,36592,1.3,0.75,50426,221561,-1,0,307,27560,177.1,46218,-57,4,44.31801,-68.92719,5,-0.001,1
"2026-06-29 03:00:00",308,13.23,19.77,48,34.05,70,205,36592,1.3,0.75,50426,222281,-1,0,308,27560,259.2,46302,-57,4,44.31803,-68.92721,6,-0.001,1
"2026-06-29 04:00:00",309,13.24,19.84,48,69.93,70,211,36592,1.3,0.75,50426,223001,-1,0,309,27560,341,46385,-59,4,44.31798,-68.92715,5,-0.001,1
"2026-06-29 05:00:00",310,13.24,20.55,48,19.99,20,204,36592,1.3,0.75,50426,223721,-1,0,310,27560,429,46475,-55,4,44.31802,-68.92731,4,-0.001,1
"2026-06-29 06:00:00",311,13.43,21.82,47,10.8,11,204,36592,1.3,0.75,50426,224441,-1,0,311,27560,516.8,46564,-57,4,44.31797,-68.92727,4,0.009,1
"2026-06-29 07:00:00",312,13.51,23.54,46,-130,-130,204,36592,1.3,0.75,50426,225161,-1,0,312,27560,597,46646,-55,4,44.31806,-68.92728,4,0.009,1
"2026-06-29 08:00:00",313,13.63,24.57,46,-161.8,-47,211,36592,1.3,0.75,50426,225881,-1,0,313,27560,673.7,46724,-55,4,44.31809,-68.9272,5,0.021,1
"2026-06-29 09:00:00",314,13.61,26.1,46,-46.97,-26,204,36592,1.3,0.75,50426,226601,-1,0,314,27560,756,46808,-55,4,44.31808,-68.92723,4,0.023,1
"2026-06-29 10:00:00",315,13.55,28.36,45,-25.98,-11,205,36592,1.3,0.75,50426,227321,-1,0,315,27560,840,46894,-55,4,44.31803,-68.92729,5,0.037,1
"2026-06-29 11:00:00",316,13.54,28.16,46,-11.01,-11,204,36592,1.3,0.75,50426,228041,-1,0,316,27560,928,46984,-55,4,44.318,-68.92724,5,0.037,1
"2026-06-29 12:00:00",317,13.51,30.57,45,-19.99,-16,205,36592,1.3,0.75,50426,228761,-1,0,317,27560,1037,47095,-55,4,44.31803,-68.92722,7,0.039,1
"2026-06-29 13:00:00",318,13.48,32.24,46,-15.98,-1,205,36592,1.3,0.75,50426,229481,-1,0,318,27560,1137,47197,-55,4,44.318,-68.92724,5,0.039,1
"2026-06-29 14:00:00",319,13.42,35.66,45,-1.008,-1,210,36592,1.3,0.75,50426,230201,-1,0,319,27560,1250,47312,-55,4,44.31802,-68.92717,4,0.043,1
"2026-06-29 15:00:00",320,13.48,29.7,46,-7.111,-7,204,36592,1.3,0.75,50426,230921,-1,0,320,27560,1361,47425,-57,4,44.31784,-68.92708,4,0.043,1
"2026-06-29 16:00:00",321,13.52,27.13,46,-86.9,-23,204,36592,1.3,0.75,50426,231641,-1,0,321,27560,1457,47523,-51,4,44.31802,-68.9271,5,0.043,1
"2026-06-29 17:00:00",322,13.53,26.58,46,-23.03,-23,204,36592,1.3,0.75,50426,232361,-1,0,322,27560,1552,47620,-57,4,44.31802,-68.9271,4,0.043,1
"2026-06-29 18:00:00",323,13.55,26.53,46,-42.97,-22,204,36592,1.3,0.75,50426,233081,-1,0,323,27560,1652,47722,-51,4,44.31804,-68.92709,4,0.04,1
"2026-06-29 19:00:00",324,13.55,25.55,46,-22.04,-22,211,36592,1.3,0.75,50426,233801,-1,0,324,27560,1758,47830,-55,4,44.31807,-68.92712,4,0.04,1
"2026-06-29 20:00:00",325,13.52,23.96,47,-53.94,-14,211,36592,1.3,0.75,50426,234521,-1,0,325,27560,1861,47935,-51,4,44.31816,-68.92713,6,0.04,1
"2026-06-29 21:00:00",326,13.35,22.65,48,-13.97,10,205,36592,1.3,0.75,50426,235241,-1,0,326,27560,1956,48032,-53,4,44.31813,-68.92718,5,0.04,1
"2026-06-29 22:00:00",327,13.27,22.07,48,10.02,23,211,36592,1.3,0.75,50426,235961,-1,0,327,27560,2068,48146,-57,4,44.31814,-68.92713,4,0.036,1
"2026-06-29 23:00:00",328,13.25,21.69,48,22.99,23,204,36592,1.3,0.75,50426,236681,-1,0,328,27560,2170,48250,-53,4,44.3181,-68.92715,4,0.036,1
"2026-06-30 00:00:00",329,13.25,21.64,48,16.99,17,205,36592,1.3,0.75,50426,237401,-1,0,329,27560,0,48361,-55,4,44.31809,-68.92716,7,0.036,1
"2026-06-30 01:00:00",330,13.24,21.5,48,12.99,13,204,36592,1.3,0.75,50426,238121,-1,0,330,27560,113.3,48477,-53,4,44.31807,-68.92719,5,0.036,1
"2026-06-30 02:00:00",331,13.23,22.04,48,8.05,45,204,36592,1.3,0.75,50426,238841,-1,0,331,27560,222.8,48589,-57,4,44.31807,-68.92723,6,0.036,1
"2026-06-30 03:00:00",332,13.24,22.31,48,45,45,204,36592,1.3,0.75,50426,239561,-1,0,332,27560,341,48709,-53,4,44.31803,-68.92717,5,0.034,1
"2026-06-30 04:00:00",333,13.25,21.47,48,42.99,43,204,36592,1.3,0.75,50426,240281,-1,0,333,27560,447.5,48818,-55,4,44.318,-68.92722,4,0.034,1
"2026-06-30 05:00:00",334,13.24,20.79,48,33.98,34,204,36592,1.3,0.75,50426,241001,-1,0,334,27560,557.3,48930,-55,4,44.31799,-68.92719,5,0.034,1
"2026-06-30 06:00:00",335,13.35,21.4,47,16.83,17,204,36592,1.3,0.75,50426,241721,-1,0,335,27560,661.1,49036,-59,4,44.31804,-68.92733,5,0.034,1
"2026-06-30 07:00:00",336,13.52,24.12,46,-104.2,-104,204,36592,1.3,0.75,50426,242441,-1,0,336,27560,769.4,49147,-53,4,44.31812,-68.92722,5,0.036,1
"2026-06-30 08:00:00",337,13.5,25.59,46,-247.9,-141,204,36592,1.3,0.75,50426,243161,-1,0,337,27560,878,49257,-55,4,44.3181,-68.92735,4,0.036,1
"2026-06-30 09:00:00",338,13.54,25.86,47,-140.9,-78,204,36592,1.3,0.75,50426,243881,-1,0,338,27560,981,49363,-53,4,44.31814,-68.92724,5,0.036,1
"2026-06-30 10:00:00",339,13.52,30.06,46,-77.92,-21,204,36592,1.3,0.75,50426,244601,-1,0,339,27560,1073,49457,-57,4,44.31816,-68.92724,5,0.036,1
"2026-06-30 11:00:00",340,13.48,29.24,45,-20.97,-1,204,36592,1.3,0.75,50426,245321,-1,0,340,27560,1188,49573,-57,4,44.31815,-68.92722,5,0.039,1
"2026-06-30 12:00:00",341,13.53,28.07,45,-1.063,-1,204,36592,1.3,0.75,50426,246041,-1,0,341,27560,1289,49677,-55,4,44.31812,-68.92717,4,0.039,1
"2026-06-30 13:00:00",342,13.52,27.11,46,-46,-46,204,36592,1.3,0.75,50426,246761,-1,0,342,27560,1397,49787,-57,4,44.31807,-68.92717,4,0.035,1
"2026-06-30 14:00:00",343,13.55,27.36,46,-47,-44,204,36592,1.3,0.75,50426,247481,-1,0,343,27560,1497,49889,-55,4,44.31804,-68.92719,5,0.035,1
"2026-06-30 15:00:00",344,13.55,27.55,46,-44,-44,204,36592,1.3,0.75,50426,248201,-1,0,344,27560,1597,49991,-53,4,44.31801,-68.92719,4,0.029,1
"2026-06-30 16:00:00",345,13.55,27.61,46,-45.01,-45,204,36592,1.3,0.75,50426,248921,-1,0,345,27560,1685,50081,-57,4,44.31804,-68.92716,6,0.029,1
"2026-06-30 17:00:00",346,13.55,26.59,46,-52.99,-48,204,36592,1.3,0.75,50426,249641,-1,0,346,27560,1784,50182,-55,4,44.31801,-68.9271,4,0.029,1
"2026-06-30 18:00:00",347,13.57,25.18,46,-48.04,-48,204,36592,1.3,0.75,50426,250361,-1,0,347,27560,1887,50286,-55,4,44.31813,-68.92721,4,0.029,1
"2026-06-30 19:00:00",348,13.56,24.31,46,-75.93,-23,205,36592,1.3,0.75,50426,251081,-1,0,348,27560,1987,50389,-53,4,"NAN","NAN",4,0.029,1
"2026-06-30 20:00:00",349,13.44,22.28,47,-22.97,-3,204,36592,1.3,0.75,50426,251801,-1,0,349,27560,2085,50488,-53,4,44.31818,-68.92719,4,0.029,1
"2026-06-30 21:00:00",350,13.31,21.65,48,-2.964,23,204,36592,1.3,0.75,50426,252521,-1,0,350,27560,2185,50590,-55,4,44.31816,-68.92717,5,0.009,1
"2026-06-30 22:00:00",351,13.26,21.29,48,22.98,23,204,36592,1.3,0.75,50426,253241,-1,0,351,27560,2292,50700,-55,4,44.31817,-68.92718,4,0.009,1
"2026-06-30 23:00:00",352,13.25,21.03,48,7.011,15,204,36592,1.3,0.75,50426,253961,-1,0,352,27560,2394,50804,-55,4,"NAN","NAN",4,0.009,1
"2026-07-01 00:00:00",353,13.23,20.62,48,15.02,32,212,36592,1.3,0.75,50426,254681,-1,0,353,27560,0.064,0,-51,4,"NAN","NAN",4,0.009,1
"2026-07-01 01:00:00",354,13.24,20.39,48,31.95,32,204,36592,1.3,0.75,50426,255401,-1,0,354,27560,96.4,96,-77,4,44.31812,-68.92722,4,0.009,1
"2026-07-01 02:00:00",355,13.24,20.15,48,-3.983,8,204,36592,1.3,0.75,50426,256121,-1,0,355,27560,194.2,194,-53,4,44.31811,-68.92717,5,0.009,1
"2026-07-01 03:00:00",356,13.24,20.14,48,7.983,8,210,36592,1.3,0.75,50426,256841,-1,0,356,27560,295.7,295,-53,4,44.31805,-68.92719,4,-0.015,1
"2026-07-01 04:00:00",357,13.24,19.95,48,-3.972,16,204,36592,1.3,0.75,50426,257561,-1,0,357,27560,393.2,393,-53,4,"NAN","NAN",4,-0.021,1
"2026-07-01 05:00:00",358,13.24,20.14,48,15.98,16,205,36592,1.3,0.75,50426,258281,-1,0,358,27560,481.5,481,-57,4,44.31807,-68.92719,4,-0.021,1
"2026-07-01 06:00:00",359,13.27,20.39,48,-1.008,-1,204,36592,1.3,0.75,50426,259001,-1,0,359,27560,569.4,569,-55,4,44.31799,-68.92715,5,-0.024,1
"2026-07-01 07:00:00",360,13.32,21.45,47,-7.069,-7,204,36592,1.3,0.75,50426,259721,-1,0,360,27560,674.8,674,-57,4,44.31799,-68.92714,4,-0.024,1
"2026-07-01 08:00:00",361,13.42,22.36,47,-57.07,-57,204,36592,1.3,0.75,50426,260441,-1,0,361,27560,760,759,-57,4,44.31812,-68.92715,5,-0.024,1
"2026-07-01 09:00:00",362,13.49,22.8,47,-107.1,-107,204,36592,1.3,0.75,50426,261161,-1,0,362,27560,845,845,-55,4,44.31814,-68.9272,5,-0.024,1
"2026-07-01 10:00:00",363,13.54,27.67,45,-191.8,-13,204,36592,1.3,0.75,50426,261881,-1,0,363,27560,932,932,-55,4,44.31812,-68.92727,5,-0.021,1
"2026-07-01 11:00:00",364,13.53,30.02,45,-13.06,-13,211,36592,1.3,0.75,50426,262601,-1,0,364,27560,1017,1016,-53,4,44.3181,-68.92725,4,-0.017,1
"2026-07-01 12:00:00",365,13.53,28.45,45,-52.99,-43,204,36592,1.3,0.75,50426,263321,-1,0,365,27560,1106,1106,-51,4,44.31812,-68.92718,7,-0.017,1
"2026-07-01 13:00:00",366,13.55,25.92,46,-42.99,-33,204,36592,1.3,0.75,50426,264041,-1,0,366,27560,1202,1202,-51,4,44.31807,-68.92715,4,-0.017,1
"2026-07-01 14:00:00",367,13.55,26.27,46,-33.01,-33,204,36592,1.3,0.75,50426,264761,-1,0,367,27560,1300,1300,-83,4,44.31813,-68.92717,4,-0.019,1
"2026-07-01 15:00:00",368,13.54,26.26,46,-42.98,-31,204,36592,1.3,0.75,50426,265481,-1,0,368,27560,1381,1381,-59,4,44.31792,-68.92718,5,-0.019,1
"2026-07-01 16:00:00",369,13.55,26.38,46,-31.01,-31,211,36592,1.3,0.75,50426,266201,-1,0,369,27560,1463,1463,-51,4,44.31805,-68.92716,4,-0.026,1
"2026-07-01 17:00:00",370,13.54,27.01,47,-36.95,-4,211,36592,1.3,0.75,50426,266921,-1,0,370,27560,1558,1557,-53,4,44.31782,-68.92711,5,-0.026,1
"2026-07-01 18:00:00",371,13.54,26,47,-4.029,-4,204,36592,1.3,0.75,50426,267641,-1,0,371,27560,1659,1659,-53,4,44.31799,-68.92713,5,-0.026,1
"2026-07-01 19:00:00",372,13.58,25.06,46,-25.02,-25,211,36592,1.3,0.75,50426,268361,-1,0,372,27560,1756,1756,-61,4,44.31799,-68.92713,5,-0.026,1
"2026-07-01 20:00:00",373,13.5,23.65,47,-39.93,9,212,36592,1.3,0.75,50426,269081,-1,0,373,27560,1842,1842,-57,4,44.31811,-68.92715,5,-0.043,1
"2026-07-01 21:00:00",374,13.34,22.5,48,8.99,9,204,36592,1.3,0.75,50426,269801,-1,0,374,27560,1938,1937,-55,4,44.31816,-68.92717,4,-0.043,1
"2026-07-01 22:00:00",375,13.27,22.72,49,2.031,24,204,36592,1.3,0.75,50426,270521,-1,0,375,27560,2032,2031,-57,4,44.31809,-68.92718,6,-0.045,1
"2026-07-01 23:00:00",376,13.26,23.37,49,23.98,24,204,36592,1.3,0.75,50426,271241,-1,0,376,27560,2129,2128,-59,4,44.31816,-68.92718,4,-0.045,1
"2026-07-02 00:00:00",377,13.25,23.33,49,9.02,20,204,36592,1.3,0.75,50426,271961,-1,0,377,27560,0,2225,-57,4,44.31822,-68.92714,4,-0.045,1
"2026-07-02 01:00:00",378,13.26,23.03,49,20.02,31,205,36592,1.3,0.75,50426,272681,-1,0,378,27560,96.6,2322,-53,4,44.3182,-68.92723,4,-0.045,1
"2026-07-02 02:00:00",379,13.25,22.25,49,30.99,31,204,36592,1.3,0.75,50426,273401,-1,0,379,27560,192.2,2418,-53,4,44.31809,-68.92719,4,-0.055,1
"2026-07-02 03:00:00",380,13.23,22.39,48,25.03,47,204,36592,1.3,0.75,50426,274121,-1,0,380,27560,294.7,2520,-57,4,44.31799,-68.92723,4,-0.055,1
"2026-07-02 04:00:00",381,13.23,23.6,49,46.99,47,210,36592,1.3,0.75,50426,274841,-1,0,381,27560,388.8,2614,-51,4,44.31799,-68.92723,4,-0.057,1
"2026-07-02 05:00:00",382,13.25,23.43,49,37.94,38,204,36592,1.3,0.75,50426,275561,-1,0,382,27560,474.9,2700,-55,4,44.31798,-68.92722,7,-0.057,1
"2026-07-02 06:00:00",383,13.32,23.54,48,-3.063,-3,211,36592,1.3,0.75,50426,276281,-1,0,383,27560,562.9,2788,-57,4,44.31803,-68.92728,5,-0.057,1
"2026-07-02 07:00:00",384,13.39,25.78,47,-48.03,-48,210,36592,1.3,0.75,50426,277001,-1,0,384,27560,659.1,2884,-57,4,44.31798,-68.92711,5,-0.057,1
"2026-07-02 08:00:00",385,13.52,28.54,46,-70.28,-70,205,36592,1.3,0.75,50426,277721,-1,0,385,27560,780.8,3006,-55,4,44.31808,-68.92711,5,-0.045,1
"2026-07-02 09:00:00",386,13.5,29.94,47,-267.8,-110,211,36592,1.3,0.75,50426,278441,-1,0,386,27560,888,3113,-57,4,44.31812,-68.92722,4,-0.045,1
"2026-07-02 10:00:00",387,13.41,32.18,47,-109.8,46,204,36592,1.3,0.75,50426,279161,-1,0,387,27560,985,3210,-53,4,44.3181,-68.92716,4,-0.041,1
"2026-07-02 11:00:00",388,13.4,34.3,46,45.92,46,204,36592,1.3,0.75,50426,279881,-1,0,388,27560,1072,3298,-55,4,44.31811,-68.92715,5,-0.041,1
"2026-07-02 12:00:00",389,13.39,35.04,46,-13.99,-5,204,36592,1.3,0.75,50426,280601,-1,0,389,27560,1167,3392,-55,4,44.31811,-68.92721,5,-0.041,1
"2026-07-02 13:00:00",390,13.39,34.6,47,-4.985,6,204,36592,1.3,0.75,50426,281321,-1,0,390,27560,1258,3483,-53,4,44.31807,-68.92715,5,-0.041,1
"2026-07-02 14:00:00",391,13.4,33.78,48,5.965,6,210,36592,1.3,0.75,50426,282041,-1,0,391,27560,1355,3580,-51,4,"NAN","NAN",4,-0.043,1
"2026-07-02 15:00:00",392,13.39,35.41,47,-18.97,5,204,36592,1.3,0.75,50426,282761,-1,0,392,27560,1440,3666,-55,4,44.318,-68.92719,5,-0.043,1
"2026-07-02 16:00:00",393,13.39,36.31,47,5.003,7,204,36592,1.3,0.75,50426,283481,-1,0,393,27560,1526,3752,-55,4,44.318,-68.92715,4,-0.048,1
"2026-07-02 17:00:00",394,13.4,36.08,47,6.951,7,204,36592,1.3,0.75,50426,284201,-1,0,394,27560,1620,3845,-55,4,44.31802,-68.92715,5,-0.048,1
"2026-07-02 18:00:00",395,13.39,35.54,47,-27.95,6,204,36592,1.3,0.75,50426,284921,-1,0,395,27560,1711,3936,-53,4,44.31806,-68.92709,4,-0.056,1
"2026-07-02 19:00:00",396,13.4,35.23,47,5.957,6,204,36592,1.3,0.75,50426,285641,-1,0,396,27560,1809,4034,-53,4,44.31799,-68.92712,5,-0.056,1
"2026-07-02 20:00:00",397,13.37,32.29,48,-24.91,40,204,36592,1.3,0.75,50426,286361,-1,0,397,27560,1894,4119,-51,4,44.31806,-68.92711,5,-0.06,1
"2026-07-02 21:00:00",398,13.29,30.03,49,39.97,40,204,36592,1.3,0.75,50426,287081,-1,0,398,27560,1987,4212,-53,4,44.31808,-68.92724,5,-0.06,1
"2026-07-02 22:00:00",399,13.26,29.26,49,15.11,94,204,36592,1.3,0.75,50426,287801,-1,0,399,27560,2082,4307,-51,4,44.31808,-68.9272,4,-0.062,1
"2026-07-02 23:00:00",400,13.27,29.46,49,93.9,94,204,36592,1.3,0.75,50426,288521,-1,0,400,27560,2183,4409,-53,4,44.31811,-68.92718,5,-0.062,1
"2026-07-03 00:00:00",401,13.24,29.24,49,28.08,85,204,36592,1.3,0.75,50426,289241,-1,0,401,27560,0,4505,-55,4,44.31815,-68.92717,5,-0.065,1
"2026-07-03 01:00:00",402,13.24,28.04,49,85,86,211,36592,1.3,0.75,50426,289961,-1,0,402,27560,97.1,4602,-55,4,44.31804,-68.92716,5,-0.065,1
"2026-07-03 02:00:00",403,13.24,26.75,49,86,86,211,36592,1.3,0.75,50426,290681,-1,0,403,27560,196.5,4701,-57,4,44.31803,-68.9272,4,-0.065,1
"2026-07-03 03:00:00",404,13.26,26.33,49,64.98,65,211,36592,1.3,0.75,50426,291401,-1,0,404,27560,296.7,4801,-57,4,44.318,-68.92725,5,-0.065,1
"2026-07-03 04:00:00",405,13.25,26.63,49,50,52,204,36592,1.3,0.75,50426,292121,-1,0,405,27560,382.5,4887,-53,4,44.31798,-68.92721,4,-0.072,1
"2026-07-03 05:00:00",406,13.26,26.82,49,51.96,52,204,36592,1.3,0.75,50426,292841,-1,0,406,27560,478.9,4984,-55,4,44.31803,-68.92712,4,-0.072,1
"2026-07-03 06:00:00",407,13.36,28.74,48,24.88,25,205,36592,1.3,0.75,50426,293561,-1,0,407,27560,575.9,5081,-55,4,44.31797,-68.92723,4,-0.072,1
"2026-07-03 07:00:00",408,13.45,30.45,48,-59.15,-59,204,36592,1.3,0.75,50426,294281,-1,0,408,27560,667.6,5172,-53,4,44.31802,-68.92715,4,-0.071,1
"2026-07-03 08:00:00",409,13.47,33.43,46,-167,-139,211,36592,1.3,0.75,50426,295001,-1,0,409,27560,760.3,5265,-53,4,44.31799,-68.9271,5,-0.053,1
"2026-07-03 09:00:00",410,13.44,34.43,47,-138.9,-38,204,36592,1.3,0.75,50426,295721,-1,0,410,27560,853,5357,-55,4,44.31796,-68.92719,4,-0.053,1
"2026-07-03 10:00:00",411,13.41,36.08,47,-37.91,26,211,36592,1.3,0.75,50426,296441,-1,0,411,27560,933,5438,-51,4,44.31806,-68.92726,5,-0.049,1
"2026-07-03 11:00:00",412,13.39,35.85,46,25.95,26,212,36592,1.3,0.75,50426,297161,-1,0,412,27560,1015,5519,-55,4,44.31807,-68.92722,4,-0.049,1
"2026-07-03 12:00:00",413,13.39,35.63,46,-12.98,0,204,36592,1.3,0.75,50426,297881,-1,0,413,27560,1108,5613,-59,4,44.31815,-68.9272,5,-0.049,1
"2026-07-03 13:00:00",414,13.39,35.89,47,-0.003,0,204,36592,1.3,0.75,50426,298601,-1,0,414,27560,1201,5706,-51,4,44.31803,-68.92717,4,-0.05,1
"2026-07-03 14:00:00",415,13.4,35.51,47,-2.014,-2,212,36592,1.3,0.75,50426,299321,-1,0,415,27560,1294,5798,-53,4,44.31804,-68.92714,4,-0.05,1
"2026-07-03 15:00:00",416,13.4,34.62,47,-12.02,-12,204,36592,1.3,0.75,50426,300041,-1,0,416,27560,1389,5894,-55,4,44.31804,-68.92714,4,-0.059,1
"2026-07-03 16:00:00",417,13.39,35.74,47,-26.96,3,204,36592,1.3,0.75,50426,300761,-1,0,417,27560,1482,5986,-55,4,44.31801,-68.92714,4,-0.059,1
"2026-07-03 17:00:00",418,13.4,34.78,47,2.954,3,204,36592,1.3,0.75,50426,301481,-1,0,418,27560,1571,6076,-55,4,"NAN","NAN",4,-0.059,1
"2026-07-03 18:00:00",419,13.39,34.41,47,-29.96,-1,204,36592,1.3,0.75,50426,302201,-1,0,419,27560,1658,6162,-53,4,44.31798,-68.92712,4,-0.059,1
"2026-07-03 19:00:00",420,13.4,33.54,48,-0.997,1,211,36592,1.3,0.75,50426,302921,-1,0,420,27560,1749,6254,-53,4,44.318,-68.92709,4,-0.075,1
"2026-07-03 20:00:00",421,13.4,32.33,47,1.013,10,204,36592,1.3,0.75,50426,303641,-1,0,421,27560,1845,6349,-53,4,44.31801,-68.92715,4,-0.075,1
"2026-07-03 21:00:00",422,13.28,29.22,48,10.09,74,205,36592,1.3,0.75,50426,304361,-1,0,422,27560,1936,6440,-53,4,44.3181,-68.92725,6,-0.075,1
"2026-07-03 22:00:00",423,13.28,27.83,49,73.94,74,212,36592,1.3,0.75,50426,305081,-1,0,423,27560,2022,6527,-51,4,44.31811,-68.92721,4,-0.075,1
"2026-07-03 23:00:00",424,13.26,27.46,49,33.03,53,204,36592,1.3,0.75,50426,305801,-1,0,424,27560,2117,6621,-57,4,44.31811,-68.9272,4,-0.073,1
"2026-07-04 00:00:00",425,13.27,27.05,49,52.97,53,204,36592,1.3,0.75,50426,306521,-1,0,425,27560,0.066,6718,-53,4,44.3181,-68.92719,5,-0.073,1
"2026-07-04 01:00:00",426,13.26,26.8,49,31,31,204,36592,1.3,0.75,50426,307241,-1,0,426,27560,88.8,6807,-51,4,44.3181,-68.92717,5,-0.073,1
"2026-07-04 02:00:00",427,13.24,26.49,49,31.08,86,204,36592,1.3,0.75,50426,307961,-1,0,427,27560,178.7,6897,-53,4,44.31807,-68.92716,5,-0.073,1
"2026-07-04 03:00:00",428,13.26,26.2,50,85.9,86,204,36592,1.3,0.75,50426,308681,-1,0,428,27560,272.1,6990,-57,4,44.31804,-68.92717,7,-0.08,1
"2026-07-04 04:00:00",429,13.26,26.01,49,40.99,41,204,36592,1.3,0.75,50426,309401,-1,0,429,27560,372.9,7091,-55,4,44.31802,-68.92728,4,-0.08,1
"2026-07-04 05:00:00",430,13.26,25.25,49,33,36,204,36592,1.3,0.75,50426,310121,-1,0,430,27560,465.9,7184,-57,4,44.31799,-68.92719,4,-0.08,1
"2026-07-04 06:00:00",431,13.34,26.52,49,35.89,36,204,36592,1.3,0.75,50426,310841,-1,0,431,27560,565.2,7283,-57,4,44.31805,-68.92726,5,-0.08,1
"2026-07-04 07:00:00",432,13.46,29.16,48,-44.14,-44,205,36592,1.3,0.75,50426,311561,-1,0,432,27560,656.9,7375,-55,4,44.31799,-68.92712,4,-0.075,1
"2026-07-04 08:00:00",433,13.46,28.77,48,-142,-123,204,36592,1.3,0.75,50426,312281,-1,0,433,27560,742.8,7461,-53,4,44.31801,-68.927,4,-0.075,1
"2026-07-04 09:00:00",434,13.5,31.63,47,-122.8,-9,204,36592,1.3,0.75,50426,313001,-1,0,434,27560,832,7550,-53,4,44.31802,-68.92712,6,-0.066,1
"2026-07-04 10:00:00",435,13.46,33.27,46,-9.02,-9,204,36592,1.3,0.75,50426,313721,-1,0,435,27560,924,7642,-53,4,44.31803,-68.92707,5,-0.066,1
"2026-07-04 11:00:00",436,13.45,33.6,46,-25.03,-25,204,36592,1.3,0.75,50426,314441,-1,0,436,27560,1008,7726,-57,4,44.31809,-68.92722,4,-0.066,1
"2026-07-04 12:00:00",437,13.45,33.03,47,-43.97,-23,204,36592,1.3,0.75,50426,315161,-1,0,437,27560,1106,7824,-55,4,44.31814,-68.92717,4,-0.066,1
"2026-07-04 13:00:00",438,13.44,33.04,47,-22.95,14,204,36592,1.3,0.75,50426,315881,-1,0,438,27560,1201,7919,-53,4,44.31814,-68.92712,4,-0.066,1
"2026-07-04 14:00:00",439,13.45,32.99,47,13.94,14,212,36592,1.3,0.75,50426,316601,-1,0,439,27560,1292,8010,-53,4,44.31809,-68.9272,6,-0.069,1
"2026-07-04 15:00:00",440,13.44,32.97,46,-28.98,-13,204,36592,1.3,0.75,50426,317321,-1,0,440,27560,1382,8100,-51,4,44.31809,-68.9272,6,-0.069,1
"2026-07-04 16:00:00",441,13.44,33.37,46,-12.97,11,204,36592,1.3,0.75,50426,318041,-1,0,441,27560,1464,8182,-55,4,44.318,-68.92719,4,-0.076,1
"2026-07-04 17:00:00",442,13.45,32.22,46,10.95,11,204,36592,1.3,0.75,50426,318761,-1,0,442,27560,1549,8268,-57,4,44.31799,-68.9272,4,-0.076,1
"2026-07-04 18:00:00",443,13.45,31.56,46,-22.01,-22,204,36592,1.3,0.75,50426,319481,-1,0,443,27560,1639,8357,-55,4,44.318,-68.9272,4,-0.076,1
"2026-07-04 19:00:00",444,13.44,29.47,47,-29.92,29,204,36592,1.3,0.75,50426,320201,-1,0,444,27560,1729,8448,-57,4,"NAN","NAN",4,-0.07,1
"2026-07-04 20:00:00",445,13.52,26.66,47,28.97,29,204,36592,1.3,0.75,50426,320921,-1,0,445,27560,1820,8538,-57,4,"NAN","NAN",4,-0.064,1
"2026-07-04 21:00:00",446,13.35,24.81,48,9.01,16,204,36592,1.3,0.75,50426,321641,-1,0,446,27560,1917,8635,-57,4,44.31786,-68.9271,4,-0.064,1
"2026-07-04 22:00:00",447,13.26,24.17,49,16.07,63,204,36592,1.3,0.75,50426,322361,-1,0,447,27560,2005,8723,-57,4,44.31799,-68.92728,5,-0.06,1
"2026-07-04 23:00:00",448,13.24,24.07,49,63.01,70,204,36592,1.3,0.75,50426,323081,-1,0,448,27560,2094,8812,-55,4,44.31802,-68.92722,5,-0.06,1
"2026-07-05 00:00:00",449,13.25,23.5,49,69.95,70,211,36592,1.3,0.75,50426,323801,-1,0,449,27560,0,8949,-57,4,44.31813,-68.9271,4,-0.047,1
"2026-07-05 01:00:00",450,13.26,23.02,49,33.98,34,212,36592,1.3,0.75,50426,324521,-1,0,450,27560,86.3,9035,-51,4,44.31808,-68.92727,4,-0.047,1
"2026-07-05 02:00:00",451,13.24,22.99,49,20.05,56,204,36592,1.3,0.75,50426,325241,-1,0,451,27560,171,9120,-53,4,44.3181,-68.92723,4,-0.033,1
"2026-07-05 03:00:00",452,13.25,22.96,49,55.94,56,211,36592,1.3,0.75,50426,325961,-1,0,452,27560,260.9,9210,-55,4,44.31794,-68.92738,5,-0.033,1
"2026-07-05 04:00:00",453,13.25,22.1,49,14.02,27,211,36592,1.3,0.75,50426,326681,-1,0,453,27560,350.5,9299,-57,4,44.31799,-68.92722,6,-0.033,1
"2026-07-05 05:00:00",454,13.25,21.53,49,26.97,27,204,36592,1.3,0.75,50426,327401,-1,0,454,27560,438,9387,-55,4,44.31799,-68.92724,4,-0.033,1
"2026-07-05 06:00:00",455,13.4,22.78,49,5.835,6,211,36592,1.3,0.75,50426,328121,-1,0,455,27560,522.5,9471,-55,4,44.31797,-68.92722,6,-0.032,1
"2026-07-05 07:00:00",456,13.54,24.78,49,-113.2,-113,204,36592,1.3,0.75,50426,328841,-1,0,456,27560,609.2,9558,-53,4,44.31795,-68.92717,5,-0.029,1
"2026-07-05 08:00:00",457,13.6,26.52,49,-235.7,-47,204,36592,1.3,0.75,50426,329561,-1,0,457,27560,698.1,9647,-55,4,44.31797,-68.92722,6,-0.013,1
"2026-07-05 09:00:00",458,13.56,29.24,48,-47.01,-47,204,36592,1.3,0.75,50426,330281,-1,0,458,27560,783.1,9732,-55,4,44.31799,-68.92728,5,-0.01,1
"2026-07-05 10:00:00",459,13.53,29.85,48,-51.99,-45,204,36592,1.3,0.75,50426,331001,-1,0,459,27560,873,9821,-61,4,44.31804,-68.9273,5,-0.001,1
"2026-07-05 11:00:00",460,13.5,30.76,48,-44.94,-2,204,36592,1.3,0.75,50426,331721,-1,0,460,27560,957,9906,-55,4,44.31805,-68.92728,4,-0.001,1
"2026-07-05 12:00:00",461,13.5,31.01,48,-2.079,-2,204,36592,1.3,0.75,50426,332441,-1,0,461,27560,1047,9996,-55,4,44.31804,-68.92727,7,0.006,1
"2026-07-05 13:00:00",462,13.49,29.77,47,-58.93,-7,204,36592,1.3,0.75,50426,333161,-1,0,462,27560,1134,10083,-57,4,44.31812,-68.92725,4,0.008,1
"2026-07-05 14:00:00",463,13.5,28.65,47,-7.042,-7,205,36592,1.3,0.75,50426,333881,-1,0,463,27560,1217,10166,-59,4,44.31814,-68.9272,5,0.013,1
"2026-07-05 15:00:00",464,13.5,28.39,47,-37,-37,212,36592,1.3,0.75,50426,334601,-1,0,464,27560,1306,10254,-51,4,44.31812,-68.92715,5,0.013,1
"2026-07-05 16:00:00",465,13.48,28.13,47,-36.99,-30,205,36592,1.3,0.75,50426,335321,-1,0,465,27560,1392,10340,-57,4,44.31807,-68.92717,4,0.013,1
"2026-07-05 17:00:00",466,13.51,27.97,47,-30.04,-30,204,36592,1.3,0.75,50426,336041,-1,0,466,27560,1478,10426,-57,4,44.3181,-68.92718,4,0.013,1
"2026-07-05 18:00:00",467,13.52,27.3,47,-61.98,-48,204,36592,1.3,0.75,50426,336761,-1,0,467,27560,1560,10509,-57,4,44.3181,-68.92718,4,0.011,1
"2026-07-05 19:00:00",468,13.55,25.42,47,-48,-45,212,36592,1.3,0.75,50426,337481,-1,0,468,27560,1634,10582,-59,4,44.31814,-68.92716,4,0.011,1
"2026-07-05 20:00:00",469,13.47,23.23,49,-44.88,38,205,36592,1.3,0.75,50426,338201,-1,0,469,27560,1709,10658,-55,4,44.31809,-68.92724,4,0.011,1
"2026-07-05 21:00:00",470,13.3,22.36,49,38.04,68,205,36592,1.3,0.75,50426,338921,-1,0,470,27560,1823,10771,-51,4,44.31811,-68.92715,5,0.011,1
"2026-07-05 22:00:00",471,13.26,22.36,49,67.91,68,204,36592,1.3,0.75,50426,339641,-1,0,471,27560,1904,10853,-57,4,44.31814,-68.92716,6,0.013,1
"2026-07-05 23:00:00",472,13.23,22,49,5.072,57,205,36592,1.3,0.75,50426,340361,-1,0,472,27560,1992,10940,-51,4,44.31816,-68.92715,4,0.014,1
"2026-07-06 00:00:00",473,13.25,21.36,49,56.98,57,204,36592,1.3,0.75,50426,341081,-1,0,473,27560,0,11023,-51,4,44.31816,-68.92719,6,0.024,1
"2026-07-06 01:00:00",474,13.25,20.65,49,39.95,40,204,36592,1.3,0.75,50426,341801,-1,0,474,27560,84.8,11108,-55,4,44.31813,-68.92719,5,0.024,1
"2026-07-06 02:00:00",475,13.22,20.98,49,6.064,52,205,36592,1.3,0.75,50426,342521,-1,0,475,27560,188,11211,-59,4,44.31817,-68.92717,6,0.032,1
"2026-07-06 03:00:00",476,13.25,20.7,50,51.97,52,204,36592,1.3,0.75,50426,343241,-1,0,476,27560,273.5,11296,-53,4,44.31813,-68.92723,5,0.035,1
"2026-07-06 04:00:00",477,13.24,20.71,49,27,30,212,36592,1.3,0.75,50426,343961,-1,0,477,27560,359.2,11382,-61,4,44.31807,-68.92719,6,0.038,1
"2026-07-06 05:00:00",478,13.25,20.89,49,29.95,30,204,36592,1.3,0.75,50426,344681,-1,0,478,27560,447.1,11470,-55,4,44.31802,-68.92724,5,0.04,1
"2026-07-06 06:00:00",479,13.37,21.74,49,-7.086,-7,204,36592,1.3,0.75,50426,345401,-1,0,479,27560,531.4,11554,-61,4,44.31803,-68.92723,7,0.05,1
"2026-07-06 07:00:00",480,13.52,23.27,48,-69.2,-69,205,36592,1.3,0.75,50426,346121,-1,0,480,27560,624.4,11647,-57,4,44.318,-68.92722,4,0.052,1
"2026-07-06 08:00:00",481,13.64,23.64,48,-212.7,28,205,36592,1.3,0.75,50426,346841,-1,0,481,27560,713.2,11736,-55,4,44.31797,-68.92719,5,0.062,1
"2026-07-06 09:00:00",482,13.58,25.06,48,27.9,28,204,36592,1.3,0.75,50426,347561,-1,0,482,27560,799.8,11823,-57,4,44.31794,-68.92725,4,0.067,1
"2026-07-06 10:00:00",483,13.58,26.69,47,-41.98,-29,204,36592,1.3,0.75,50426,348281,-1,0,483,27560,884,11907,-59,4,44.31797,-68.92716,5,0.071,1
"2026-07-06 11:00:00",484,13.55,28,48,-28.98,-14,211,36592,1.3,0.75,50426,349001,-1,0,484,27560,961,11984,-51,4,44.31799,-68.9272,5,0.077,1
"2026-07-06 12:00:00",485,13.5,30.44,48,-13.93,34,204,36592,1.3,0.75,50426,349721,-1,0,485,27560,1056,12078,-57,4,44.31802,-68.92735,6,0.082,1
"2026-07-06 13:00:00",486,13.49,30.01,47,33.95,34,211,36592,1.3,0.75,50426,350441,-1,0,486,27560,1144,12167,-51,4,44.31814,-68.9272,4,0.082,1
"2026-07-06 14:00:00",487,13.49,30.76,48,-1.022,-1,204,36592,1.3,0.75,50426,351161,-1,0,487,27560,1233,12256,-53,4,44.31807,-68.92718,4,0.082,1
"2026-07-06 15:00:00",488,13.48,30.72,48,-17.03,-17,211,36592,1.3,0.75,50426,351881,-1,0,488,27560,1323,12345,-51,4,44.31809,-68.92718,4,0.082,1
"2026-07-06 16:00:00",489,13.47,32.87,47,-36.02,-36,204,36592,1.3,0.75,50426,352601,-1,0,489,27560,1408,12431,-51,4,44.31808,-68.9272,4,0.082,1
"2026-07-06 17:00:00",490,13.46,29.02,48,-51.95,-17,204,36592,1.3,0.75,50426,353321,-1,0,490,27560,1501,12524,-55,4,44.31803,-68.92722,5,0.082,1
"2026-07-06 18:00:00",491,13.57,25.05,47,-17.07,-17,204,36592,1.3,0.75,50426,354041,-1,0,491,27560,1596,12618,-51,4,44.31807,-68.92716,4,0.081,1
"2026-07-06 19:00:00",492,13.6,23.17,47,-65.99,-59,204,36592,1.3,0.75,50426,354761,-1,0,492,27560,1691,12714,-51,4,44.31809,-68.92713,5,0.075,1
"2026-07-06 20:00:00",493,13.53,21.26,48,-58.92,-4,204,36592,1.3,0.75,50426,355481,-1,0,493,27560,1786,12809,-59,4,44.31804,-68.92726,4,0.075,1
"2026-07-06 21:00:00",494,13.35,20.47,49,-3.982,9,204,36592,1.3,0.75,50426,356201,-1,0,494,27560,1876,12899,-57,4,44.31809,-68.92712,5,0.075,1
"2026-07-06 22:00:00",495,13.25,19.69,49,9.04,35,204,36592,1.3,0.75,50426,356921,-1,0,495,27560,1966,12989,-51,4,44.31807,-68.92724,4,0.081,1
"2026-07-06 23:00:00",496,13.25,19.15,49,34.96,35,211,36592,1.3,0.75,50426,357641,-1,0,496,27560,2052,13075,-53,4,44.31812,-68.92722,5,0.077,1
"2026-07-07 00:00:00",497,13.24,18.98,49,2.996,3,204,36592,1.3,0.75,50426,358361,-1,0,497,27560,0,13164,-57,4,44.31815,-68.9272,5,0.077,1
"2026-07-07 01:00:00",498,13.24,18.61,49,0.01,7,204,36592,1.3,0.75,50426,359081,-1,0,498,27560,90.3,13255,-51,4,44.31809,-68.92716,4,0.077,1
"2026-07-07 02:00:00",499,13.24,18.5,49,6.993,7,204,36592,1.3,0.75,50426,359801,-1,0,499,27560,187.1,13351,-57,4,44.31814,-68.92717,8,0.077,1
"2026-07-07 03:00:00",500,13.23,18.65,50,2.007,7,204,36592,1.3,0.75,50426,360521,-1,0,500,27560,286.4,13451,-55,4,44.31812,-68.92716,8,0.077,1
"2026-07-07 04:00:00",501,13.24,18.64,50,6.992,7,204,36592,1.3,0.75,50426,361241,-1,0,501,27560,381.2,13546,-51,4,44.31811,-68.92718,4,0.077,1
"2026-07-07 05:00:00",502,13.21,18.47,49,1.047,35,204,36592,1.3,0.75,50426,361961,-1,0,502,27560,476.3,13641,-55,4,44.31803,-68.92721,5,0.068,1
"2026-07-07 06:00:00",503,13.24,18.78,49,34.97,35,205,36592,1.3,0.75,50426,362681,-1,0,503,27560,571,13735,-55,4,44.31801,-68.92722,4,0.068,1
"2026-07-07 07:00:00",504,13.25,19.32,49,15.98,16,204,36592,1.3,0.75,50426,363401,-1,0,504,27560,662.1,13826,-51,4,44.318,-68.9272,4,0.068,1
"2026-07-07 08:00:00",505,13.31,19.57,49,-2.053,-2,204,36592,1.3,0.75,50426,364121,-1,0,505,27560,753.6,13918,-53,4,44.31802,-68.9272,6,0.068,1
"2026-07-07 09:00:00",506,13.33,19.47,49,-39.97,-21,205,36592,1.3,0.75,50426,364841,-1,0,506,27560,845,14009,-55,4,44.31801,-68.92721,6,0.069,1
"2026-07-07 10:00:00",507,13.53,21.97,48,-21.27,-21,204,36592,1.3,0.75,50426,365561,-1,0,507,27560,943,14108,-57,4,44.31801,-68.92726,6,0.07,1
"2026-07-07 11:00:00",508,13.58,25.21,46,-211.7,-19,204,36592,1.3,0.75,50426,366281,-1,0,508,27560,1035,14199,-57,4,44.31805,-68.92723,5,0.078,1
"2026-07-07 12:00:00",509,13.61,25.54,47,-19.03,-19,210,36592,1.3,0.75,50426,367001,-1,0,509,27560,1119,14283,-53,4,44.31803,-68.92722,5,0.078,1
"2026-07-07 13:00:00",510,13.56,28.08,47,-37.97,-15,211,36592,1.3,0.75,50426,367721,-1,0,510,27560,1208,14372,-55,4,44.31812,-68.92724,4,0.082,1
"2026-07-07 14:00:00",511,13.52,30.54,46,-14.98,0,204,36592,1.3,0.75,50426,368441,-1,0,511,27560,1309,14474,-53,4,44.31813,-68.92723,5,0.082,1
"2026-07-07 15:00:00",512,13.48,30.28,47,-0.05,0,204,36592,1.3,0.75,50426,369161,-1,0,512,27560,1521,14685,-51,4,44.31812,-68.92718,4,0.082,1
"2026-07-07 16:00:00",513,13.5,29.52,48,-35.99,-31,204,36592,1.3,0.75,50426,369881,-1,0,513,27560,1606,14771,-53,4,44.31808,-68.9272,4,0.082,1
"2026-07-07 17:00:00",514,13.51,27.37,47,-31.01,-31,211,36592,1.3,0.75,50426,370601,-1,0,514,27560,1699,14863,-55,4,44.31803,-68.92719,5,0.062,1
"2026-07-07 18:00:00",515,13.57,24.04,47,-37.97,-18,204,36592,1.3,0.75,50426,371321,-1,0,515,27560,1792,14957,-51,4,44.31802,-68.92721,4,0.062,1
"2026-07-07 19:00:00",516,13.57,22.45,47,-17.94,27,205,36592,1.3,0.75,50426,372041,-1,0,516,27560,1880,15044,-55,4,44.31806,-68.9272,4,0.052,1
"2026-07-07 20:00:00",517,13.44,21.51,48,26.99,27,204,36592,1.3,0.75,50426,372761,-1,0,517,27560,1969,15133,-59,4,44.31801,-68.92717,4,0.052,1
"2026-07-07 21:00:00",518,13.31,20.77,49,22.02,35,205,36592,1.3,0.75,50426,373481,-1,0,518,27560,2066,15231,-57,4,44.31799,-68.92716,4,0.052,1
"2026-07-07 22:00:00",519,13.24,20.47,50,35.06,75,204,36592,1.3,0.75,50426,374201,-1,0,519,27560,2158,15322,-55,4,44.31798,-68.92718,4,0.052,1
"2026-07-07 23:00:00",520,13.23,20.31,50,74.97,75,211,36592,1.3,0.75,50426,374921,-1,0,520,27560,2249,15413,-59,4,44.31799,-68.92719,4,0.025,1
"2026-07-08 00:00:00",521,13.22,20.13,50,56.03,75,205,36592,1.3,0.75,50426,375641,-1,0,521,27560,0.187,15500,-57,4,44.31799,-68.92719,4,0.022,1
"2026-07-08 01:00:00",522,13.24,19.95,50,74.93,75,204,36592,1.3,0.75,50426,376361,-1,0,522,27560,81.7,15582,-59,4,"NAN","NAN",4,0.022,1
"2026-07-08 02:00:00",523,13.24,19.78,50,22,25,204,36592,1.3,0.75,50426,377081,-1,0,523,27560,153.9,15654,-53,4,44.31814,-68.9272,5,0.022,1
"2026-07-08 03:00:00",524,13.24,19.67,50,24.95,25,210,36592,1.3,0.75,50426,377801,-1,0,524,27560,228.8,15729,-55,4,44.31815,-68.92717,4,0.022,1
"2026-07-08 04:00:00",525,13.23,19.58,50,-9.96,17,204,36592,1.3,0.75,50426,378521,-1,0,525,27560,304.8,15805,-57,4,44.31812,-68.92721,6,0.014,1
"2026-07-08 05:00:00",526,13.21,19.26,50,17.05,55,211,36592,1.3,0.75,50426,379241,-1,0,526,27560,387.9,15888,-55,4,44.318,-68.92712,5,0.014,1
"2026-07-08 06:00:00",527,13.24,19.52,50,54.93,55,204,36592,1.3,0.75,50426,379961,-1,0,527,27560,462.4,15963,-53,4,44.31802,-68.9272,5,0.006,1
"2026-07-08 07:00:00",528,13.32,20.27,49,1.935,2,211,36592,1.3,0.75,50426,380681,-1,0,528,27560,570,16070,-53,4,44.31804,-68.92725,5,0.006,1
"2026-07-08 08:00:00",529,13.56,25.78,48,-45.28,-45,211,36592,1.3,0.75,50426,381401,-1,0,529,27560,646.7,16147,-53,4,44.31802,-68.92722,6,0.006,1
"2026-07-08 09:00:00",530,13.59,25.63,49,-248.7,-24,205,36592,1.3,0.75,50426,382121,-1,0,530,27560,721.9,16222,-55,4,44.31801,-68.92717,5,0.011,1
"2026-07-08 10:00:00",531,13.53,28.56,48,-24.03,-24,204,36592,1.3,0.75,50426,382841,-1,0,531,27560,804,16305,-51,4,44.31798,-68.92721,4,0.015,1
"2026-07-08 11:00:00",532,13.52,29.32,47,-45.94,-3,204,36592,1.3,0.75,50426,383561,-1,0,532,27560,892,16393,-55,4,44.31799,-68.92727,9,0.017,1
"2026-07-08 12:00:00",533,13.52,28.73,47,-3.047,-3,204,36592,1.3,0.75,50426,384281,-1,0,533,27560,976,16477,-51,4,44.31815,-68.92721,4,0.017,1
"2026-07-08 13:00:00",534,13.53,28.18,48,-37.01,-37,211,36592,1.3,0.75,50426,385001,-1,0,534,27560,1069,16569,-53,4,44.31812,-68.92717,7,0.017,1
"2026-07-08 14:00:00",535,13.52,27.32,49,-42.99,-38,204,36592,1.3,0.75,50426,385721,-1,0,535,27560,1163,16663,-53,4,44.31812,-68.9272,4,0.017,1
"2026-07-08 15:00:00",536,13.53,27.66,48,-38.01,-38,204,36592,1.3,0.75,50426,386441,-1,0,536,27560,1253,16753,-53,4,44.31812,-68.92713,4,0.017,1
"2026-07-08 16:00:00",537,13.51,26.89,48,-47.96,-18,204,36592,1.3,0.75,50426,387161,-1,0,537,27560,1349,16850,-51,4,44.31812,-68.92717,5,-0.001,1
"2026-07-08 17:00:00",538,13.55,27.61,48,-18.02,-18,205,36592,1.3,0.75,50426,387881,-1,0,538,27560,1437,16937,-55,4,44.31812,-68.92714,4,-0.001,1
"2026-07-08 18:00:00",539,13.55,27.2,49,-35.01,-35,204,36592,1.3,0.75,50426,388601,-1,0,539,27560,1523,17024,-55,4,44.31814,-68.92713,4,-0.018,1
"2026-07-08 19:00:00",540,13.53,26.65,49,-40.97,-22,204,36592,1.3,0.75,50426,389321,-1,0,540,27560,1612,17113,-57,4,44.31808,-68.92717,4,-0.018,1
"2026-07-08 20:00:00",541,13.52,25.17,49,-21.94,18,205,36592,1.3,0.75,50426,390041,-1,0,541,27560,1707,17207,-57,4,44.31805,-68.92718,5,-0.018,1
"2026-07-08 21:00:00",542,13.36,23.32,49,17.98,18,204,36592,1.3,0.75,50426,390761,-1,0,542,27560,1804,17304,-55,4,44.31805,-68.92719,4,-0.018,1
"2026-07-08 22:00:00",543,13.25,22.57,50,1.068,50,204,36592,1.3,0.75,50426,391481,-1,0,543,27560,1898,17399,-59,4,44.31804,-68.92718,4,-0.033,1
"2026-07-08 23:00:00",544,13.26,22.55,50,49.95,50,205,36592,1.3,0.75,50426,392201,-1,0,544,27560,1999,17499,-57,4,44.31811,-68.92716,6,-0.033,1
"2026-07-09 00:00:00",545,13.24,22.05,50,11.04,38,204,36592,1.3,0.75,50426,392921,-1,0,545,27560,0,17594,-51,4,44.31816,-68.92716,6,-0.033,1
"2026-07-09 01:00:00",546,13.25,21.71,50,37.96,38,204,36592,1.3,0.75,50426,393641,-1,0,546,27560,95.7,17690,-57,4,44.31816,-68.9272,4,-0.033,1
"2026-07-09 02:00:00",547,13.25,21.37,50,8.01,15,205,36592,1.3,0.75,50426,394361,-1,0,547,27560,185.9,17780,-53,4,44.31812,-68.92714,5,-0.033,1
"2026-07-09 03:00:00",548,13.25,21.08,50,15.01,20,204,36592,1.3,0.75,50426,395081,-1,0,548,27560,277.2,17871,-55,4,44.31852,-68.92712,4,-0.033,1
"2026-07-09 04:00:00",549,13.24,20.37,50,19.99,20,211,36592,1.3,0.75,50426,395801,-1,0,549,27560,363.2,17957,-57,4,44.31812,-68.92718,5,-0.049,1
"2026-07-09 05:00:00",550,13.24,20.02,50,16,16,204,36592,1.3,0.75,50426,396521,-1,0,550,27560,450,18044,-55,4,44.3181,-68.92717,6,-0.049,1
"2026-07-09 06:00:00",551,13.42,22.49,49,13.77,14,204,36592,1.3,0.75,50426,397241,-1,0,551,27560,540.2,18134,-53,4,44.31812,-68.92719,5,-0.049,1
"2026-07-09 07:00:00",552,13.45,27.06,48,-152.9,-77,204,36592,1.3,0.75,50426,397961,-1,0,552,27560,631.3,18226,-55,4,44.31801,-68.9271,4,-0.049,1
"2026-07-09 08:00:00",553,13.68,27.96,49,-77.06,-77,205,36592,1.3,0.75,50426,398681,-1,0,553,27560,722.1,18316,-53,4,44.31804,-68.92716,5,-0.048,1
"2026-07-09 09:00:00",554,13.49,29.8,48,-121.9,-58,205,36592,1.3,0.75,50426,399401,-1,0,554,27560,817,18411,-51,4,44.31799,-68.92722,5,-0.048,1
"2026-07-09 10:00:00",555,13.49,29.26,47,-57.99,-51,205,36592,1.3,0.75,50426,400121,-1,0,555,27560,913,18507,-57,4,44.31801,-68.9272,7,-0.048,1
"2026-07-09 11:00:00",556,13.5,28.38,48,-50.98,-37,204,36592,1.3,0.75,50426,400841,-1,0,556,27560,1010,18605,-53,4,44.31786,-68.92707,5,-0.048,1
"2026-07-09 12:00:00",557,13.49,29.46,48,-36.97,-12,205,36592,1.3,0.75,50426,401561,-1,0,557,27560,1100,18694,-55,4,44.31803,-68.92712,6,-0.052,1
"2026-07-09 13:00:00",558,13.5,31.18,47,-12.02,-12,204,36592,1.3,0.75,50426,402281,-1,0,558,27560,1186,18781,-53,4,44.31816,-68.92716,5,-0.052,1
"2026-07-09 14:00:00",559,13.5,28.12,49,-27.01,-27,204,36592,1.3,0.75,50426,403001,-1,0,559,27560,1268,18862,-55,4,44.31811,-68.92715,4,-0.052,1
"2026-07-09 15:00:00",560,13.53,28.36,49,-34,-34,204,36592,1.3,0.75,50426,403721,-1,0,560,27560,1349,18943,-55,4,44.3181,-68.92711,4,-0.052,1
"2026-07-09 16:00:00",561,13.53,29.59,49,-35.98,-25,204,36592,1.3,0.75,50426,404441,-1,0,561,27560,1433,19027,-51,4,44.31815,-68.92716,4,-0.07,1
"2026-07-09 17:00:00",562,13.5,29.82,49,-24.98,-10,212,36592,1.3,0.75,50426,405161,-1,0,562,27560,1512,19106,-53,4,44.31816,-68.92706,4,-0.07,1
"2026-07-09 18:00:00",563,13.52,28.82,49,-10.06,-10,204,36592,1.3,0.75,50426,405881,-1,0,563,27560,1592,19186,-51,4,44.31815,-68.92715,4,-0.07,1
"2026-07-09 19:00:00",564,13.43,26.97,50,-50.85,60,204,36592,1.3,0.75,50426,406601,-1,0,564,27560,1672,19266,-57,4,44.31809,-68.92717,4,-0.07,1
"2026-07-09 20:00:00",565,13.31,25.44,50,60.02,73,204,36592,1.3,0.75,50426,407321,-1,0,565,27560,1755,19349,-53,4,44.31804,-68.92718,4,-0.081,1
"2026-07-09 21:00:00",566,13.27,24.82,50,72.93,73,204,36592,1.3,0.75,50426,408041,-1,0,566,27560,1846,19440,-57,4,44.31804,-68.92725,6,-0.081,1
"2026-07-09 22:00:00",567,13.26,24.61,50,19.01,23,211,36592,1.3,0.75,50426,408761,-1,0,567,27560,1942,19536,-55,4,44.31799,-68.92721,4,-0.081,1
"2026-07-09 23:00:00",568,13.26,24.26,50,22.99,23,211,36592,1.3,0.75,50426,409481,-1,0,568,27560,2036,19630,-51,4,44.31799,-68.92721,5,-0.081,1
"2026-07-10 00:00:00",569,13.24,23.74,50,18.08,74,204,36592,1.3,0.75,50426,410201,-1,0,569,27560,0,19725,-55,4,44.31797,-68.92719,5,-0.077,1
"2026-07-10 01:00:00",570,13.25,23.46,51,73.91,74,204,36592,1.3,0.75,50426,410921,-1,0,570,27560,92.1,19818,-55,4,44.31798,-68.92718,6,-0.077,1
"2026-07-10 02:00:00",571,13.25,23.34,50,10.01,18,211,36592,1.3,0.75,50426,411641,-1,0,571,27560,184.3,19910,-57,4,44.31796,-68.92719,5,-0.077,1
"2026-07-10 03:00:00",572,13.25,23.18,51,17.96,18,212,36592,1.3,0.75,50426,412361,-1,0,572,27560,278.2,20004,-57,4,44.31806,-68.92725,5,-0.077,1
"2026-07-10 04:00:00",573,13.25,23.22,50,-7.972,12,211,36592,1.3,0.75,50426,413081,-1,0,573,27560,377.2,20103,-59,4,44.31811,-68.92724,6,-0.09,1
"2026-07-10 05:00:00",574,13.24,22.89,50,12.03,34,211,36592,1.3,0.75,50426,413801,-1,0,574,27560,473.9,20199,-53,4,44.31813,-68.92722,4,-0.09,1
"2026-07-10 06:00:00",575,13.25,23.33,50,33.97,34,205,36592,1.3,0.75,50426,414521,-1,0,575,27560,561.7,20287,-53,4,44.31811,-68.9272,6,-0.106,1
"2026-07-10 07:00:00",576,13.3,24.08,50,12.93,13,204,36592,1.3,0.75,50426,415241,-1,0,576,27560,652.9,20378,-55,4,44.31802,-68.92714,4,-0.106,1
"2026-07-10 08:00:00",577,13.31,23.68,50,-35.03,-35,204,36592,1.3,0.75,50426,415961,-1,0,577,27560,746.2,20472,-53,4,44.31795,-68.92718,4,-0.106,1
"2026-07-10 09:00:00",578,13.4,25.19,50,-54.08,-54,204,36592,1.3,0.75,50426,416681,-1,0,578,27560,835,20561,-55,4,44.31797,-68.92724,5,-0.097,1
"2026-07-10 10:00:00",579,13.52,28.75,49,-108.2,-108,204,36592,1.3,0.75,50426,417401,-1,0,579,27560,925,20651,-55,4,44.31799,-68.92721,4,-0.097,1
"2026-07-10 11:00:00",580,13.51,28.87,49,-232.7,-8,205,36592,1.3,0.75,50426,418121,-1,0,580,27560,1018,20744,-57,4,44.31799,-68.92722,5,-0.089,1
"2026-07-10 12:00:00",581,13.5,29.34,50,-8.07,-8,204,36592,1.3,0.75,50426,418841,-1,0,581,27560,1109,20835,-57,4,44.31796,-68.92724,6,-0.089,1
"2026-07-10 13:00:00",582,13.49,29.05,50,-57.94,-14,204,36592,1.3,0.75,50426,419561,-1,0,582,27560,1203,20928,-55,4,44.31797,-68.92725,4,-0.087,1
"2026-07-10 14:00:00",583,13.5,30.51,49,-14.06,-14,205,36592,1.3,0.75,50426,420281,-1,0,583,27560,1298,21023,-57,4,44.31798,-68.92725,6,-0.079,1
"2026-07-10 15:00:00",584,13.5,31.4,49,-58.98,-43,204,36592,1.3,0.75,50426,421001,-1,0,584,27560,1395,21121,-55,4,44.31798,-68.92728,4,-0.079,1
"2026-07-10 16:00:00",585,13.5,30.45,49,-43,-43,204,36592,1.3,0.75,50426,421721,-1,0,585,27560,1487,21213,-53,4,44.318,-68.92725,4,-0.079,1
"2026-07-10 17:00:00",586,13.5,31.6,48,-42.98,-26,204,36592,1.3,0.75,50426,422441,-1,0,586,27560,1580,21306,-55,4,44.31814,-68.92725,4,-0.078,1
"2026-07-10 18:00:00",587,13.48,30.99,48,-26,-26,204,36592,1.3,0.75,50426,423161,-1,0,587,27560,1674,21400,-55,4,44.31808,-68.92721,4,-0.078,1
"2026-07-10 19:00:00",588,13.47,28.81,49,-27.98,-15,204,36592,1.3,0.75,50426,423881,-1,0,588,27560,1773,21498,-55,4,44.318,-68.92721,6,-0.07,1
"2026-07-10 20:00:00",589,13.46,27.13,49,-14.92,41,204,36592,1.3,0.75,50426,424601,-1,0,589,27560,1866,21591,-59,4,44.31799,-68.92718,4,-0.07,1
"2026-07-10 21:00:00",590,13.33,24.66,50,40.99,41,205,36592,1.3,0.75,50426,425321,-1,0,590,27560,1959,21684,-57,4,44.31804,-68.92725,4,-0.064,1
"2026-07-10 22:00:00",591,13.25,23.45,50,33.05,71,205,36592,1.3,0.75,50426,426041,-1,0,591,27560,2059,21784,-57,4,44.31798,-68.92715,5,-0.064,1
"2026-07-10 23:00:00",592,13.26,22.83,50,70.94,71,204,36592,1.3,0.75,50426,426761,-1,0,592,27560,2156,21882,-53,4,44.318,-68.9272,5,-0.064,1
"2026-07-11 00:00:00",593,13.26,22.29,50,29.98,30,204,36592,1.3,0.75,50426,427481,-1,0,593,27560,0,21979,-55,4,44.318,-68.92722,6,-0.059,1
"2026-07-11 01:00:00",594,13.25,22.11,51,18.02,29,204,36592,1.3,0.75,50426,428201,-1,0,594,27560,91.7,22070,-57,4,44.31794,-68.92721,4,-0.044,1
"2026-07-11 02:00:00",595,13.24,21.72,51,28.98,29,204,36592,1.3,0.75,50426,428921,-1,0,595,27560,192.5,22171,-59,4,"NAN","NAN",4,-0.044,1
"2026-07-11 03:00:00",596,13.19,21.41,51,16.18,148,204,36592,1.3,0.75,50426,429641,-1,0,596,27560,284.7,22263,-55,4,44.31795,-68.92723,4,-0.037,1
"2026-07-11 04:00:00",597,13.25,21.12,51,147.8,148,204,36592,1.3,0.75,50426,430361,-1,0,597,27560,377.3,22356,-57,4,44.31792,-68.92724,5,-0.037,1
"2026-07-11 05:00:00",598,13.24,20.67,51,25.99,26,204,36592,1.3,0.75,50426,431081,-1,0,598,27560,467.2,22446,-57,4,44.31807,-68.92724,4,-0.032,1
"2026-07-11 06:00:00",599,13.42,21.81,50,21.79,22,204,36592,1.3,0.75,50426,431801,-1,0,599,27560,553.5,22532,-57,4,44.31807,-68.9272,4,-0.03,1
"2026-07-11 07:00:00",600,13.53,23.99,50,-131.1,-131,204,36592,1.3,0.75,50426,432521,-1,0,600,27560,639.1,22618,-55,4,44.31801,-68.92717,5,-0.024,1
"2026-07-11 08:00:00",601,13.54,25.21,50,-200.7,-12,205,36592,1.3,0.75,50426,433241,-1,0,601,27560,724.5,22703,-53,4,44.31799,-68.9272,4,-0.021,1
"2026-07-11 09:00:00",602,13.54,26.64,50,-12.02,-12,204,36592,1.3,0.75,50426,433961,-1,0,602,27560,816,22795,-55,4,44.31801,-68.92722,5,-0.011,1
"2026-07-11 10:00:00",603,13.55,27.38,49,-28.02,-28,205,36592,1.3,0.75,50426,434681,-1,0,603,27560,902,22881,-55,4,44.31799,-68.92722,6,-0.007,1
"2026-07-11 11:00:00",604,13.55,27.94,49,-44,-44,205,36592,1.3,0.75,50426,435401,-1,0,604,27560,995,22973,-53,4,44.31799,-68.92722,6,-0.006,1
"2026-07-11 12:00:00",605,13.55,28.92,49,-45.98,-35,204,36592,1.3,0.75,50426,436121,-1,0,605,27560,1088,23066,-51,4,44.31799,-68.92722,4,-0.006,1
"2026-07-11 13:00:00",606,13.55,28.39,49,-35.03,-35,204,36592,1.3,0.75,50426,436841,-1,0,606,27560,1187,23166,-57,4,44.31797,-68.92722,5,-0.004,1
"2026-07-11 14:00:00",607,13.53,29.5,49,-53.98,-37,204,36592,1.3,0.75,50426,437561,-1,0,607,27560,1279,23257,-57,4,44.31799,-68.92726,6,0.002,1
"2026-07-11 15:00:00",608,13.52,29.98,48,-36.97,-19,205,36592,1.3,0.75,50426,438281,-1,0,608,27560,1379,23358,-57,4,44.31796,-68.92727,5,0.002,1
"2026-07-11 16:00:00",609,13.5,30.17,48,-19.02,-19,204,36592,1.3,0.75,50426,439001,-1,0,609,27560,1477,23456,-57,4,44.31796,-68.9272,5,0.003,1
"2026-07-11 17:00:00",610,13.5,31.47,47,-31.99,-25,204,36592,1.3,0.75,50426,439721,-1,0,610,27560,1569,23548,-53,4,44.31807,-68.92723,4,0.003,1
"2026-07-11 18:00:00",611,13.49,30.58,47,-24.98,-9,204,36592,1.3,0.75,50426,440441,-1,0,611,27560,1659,23637,-55,4,44.3181,-68.92722,4,0.004,1
"2026-07-11 19:00:00",612,13.5,29.66,47,-9.06,-9,204,36592,1.3,0.75,50426,441161,-1,0,612,27560,1746,23724,-55,4,44.31811,-68.92722,5,0.005,1
"2026-07-11 20:00:00",613,13.5,26.16,49,-48.93,3,204,36592,1.3,0.75,50426,441881,-1,0,613,27560,1842,23821,-55,4,44.31804,-68.92722,6,0.008,1
"2026-07-11 21:00:00",614,13.34,23.68,50,3.021,18,205,36592,1.3,0.75,50426,442601,-1,0,614,27560,1938,23916,-57,4,44.31804,-68.92723,5,0.008,1
"2026-07-11 22:00:00",615,13.27,22.21,50,18.01,25,204,36592,1.3,0.75,50426,443321,-1,0,615,27560,2032,24011,-53,4,44.31801,-68.92721,5,0.008,1
"2026-07-11 23:00:00",616,13.26,21.12,50,24.97,25,204,36592,1.3,0.75,50426,444041,-1,0,616,27560,2123,24102,-55,4,44.31799,-68.9272,7,0.01,1
"2026-07-12 00:00:00",617,13.25,20.89,51,6.026,25,204,36592,1.3,0.75,50426,444761,-1,0,617,27560,0.204,24191,-55,4,44.31799,-68.92725,4,0.024,1
"2026-07-12 01:00:00",618,13.24,20.44,50,25.04,51,212,36592,1.3,0.75,50426,445481,-1,0,618,27560,98.7,24290,-57,4,44.31798,-68.9272,6,0.024,1
"2026-07-12 02:00:00",619,13.23,20.01,51,50.96,51,204,36592,1.3,0.75,50426,446201,-1,0,619,27560,195.8,24387,-57,4,44.318,-68.92728,4,0.029,1
"2026-07-12 03:00:00",620,13.23,20.16,51,18.99,19,204,36592,1.3,0.75,50426,446921,-1,0,620,27560,294.3,24485,-55,4,44.31798,-68.92729,4,0.029,1
"2026-07-12 04:00:00",621,13.24,19.87,51,13.02,29,204,36592,1.3,0.75,50426,447641,-1,0,621,27560,387.4,24578,-57,4,44.31791,-68.92722,6,0.036,1
"2026-07-12 05:00:00",622,13.24,20.26,51,28.97,29,204,36592,1.3,0.75,50426,448361,-1,0,622,27560,478.6,24670,-59,4,44.31799,-68.92727,5,0.036,1
"2026-07-12 06:00:00",623,13.4,22.28,50,7.751,8,204,36592,1.3,0.75,50426,449081,-1,0,623,27560,569.3,24760,-55,4,44.31811,-68.9272,5,0.037,1
"2026-07-12 07:00:00",624,13.51,24.73,49,-171.1,-171,205,36592,1.3,0.75,50426,449801,-1,0,624,27560,659.1,24850,-57,4,44.31812,-68.92722,8,0.041,1
"2026-07-12 08:00:00",625,13.72,24.73,50,-222,-191,211,36592,1.3,0.75,50426,450521,-1,0,625,27560,744.8,24936,-55,4,44.318,-68.92717,4,0.056,1
"2026-07-12 09:00:00",626,13.61,26.04,49,-190.8,-49,204,36592,1.3,0.75,50426,451241,-1,0,626,27560,829,25020,-57,4,44.31806,-68.92722,5,0.059,1
"2026-07-12 10:00:00",627,13.6,26.08,49,-48.96,-17,204,36592,1.3,0.75,50426,451961,-1,0,627,27560,918,25109,-57,4,44.31801,-68.92721,5,0.069,1
"2026-07-12 11:00:00",628,13.58,26.74,50,-17.04,-17,204,36592,1.3,0.75,50426,452681,-1,0,628,27560,999,25190,-55,4,44.31804,-68.92723,5,0.069,1
"2026-07-12 12:00:00",629,13.55,28.51,49,-44.99,-35,204,36592,1.3,0.75,50426,453401,-1,0,629,27560,1082,25273,-55,4,44.31799,-68.92723,6,0.069,1
"2026-07-12 13:00:00",630,13.53,30.69,49,-35.01,-35,204,36592,1.3,0.75,50426,454121,-1,0,630,27560,1171,25362,-57,4,44.31798,-68.92719,4,0.069,1
"2026-07-12 14:00:00",631,13.48,32.63,49,-40.98,-25,204,36592,1.3,0.75,50426,454841,-1,0,631,27560,1260,25451,-55,4,"NAN","NAN",4,0.067,1
"2026-07-12 15:00:00",632,13.39,37.13,47,-24.95,10,204,36592,1.3,0.75,50426,455561,-1,0,632,27560,1348,25539,-55,4,44.31802,-68.92728,6,0.067,1
"2026-07-12 16:00:00",633,13.38,36.08,49,9.95,10,205,36592,1.3,0.75,50426,456281,-1,0,633,27560,1442,25633,-55,4,44.3181,-68.92726,5,0.067,1
"2026-07-12 17:00:00",634,13.47,29.92,49,-26.04,-26,211,36592,1.3,0.75,50426,457001,-1,0,634,27560,1536,25727,-53,4,44.31811,-68.92721,4,0.067,1
"2026-07-12 18:00:00",635,13.5,28.77,48,-54.98,-44,204,36592,1.3,0.75,50426,457721,-1,0,635,27560,1634,25825,-51,4,44.31815,-68.9272,5,0.067,1
"2026-07-12 19:00:00",636,13.53,26.33,49,-44,-44,204,36592,1.3,0.75,50426,458441,-1,0,636,27560,1737,25928,-51,4,44.31813,-68.9272,5,0.067,1
"2026-07-12 20:00:00",637,13.54,25.36,49,-46.99,-38,204,36592,1.3,0.75,50426,459161,-1,0,637,27560,1839,26030,-51,4,44.31812,-68.92719,6,0.062,1
"2026-07-12 21:00:00",638,13.36,23.28,50,-37.91,25,204,36592,1.3,0.75,50426,459881,-1,0,638,27560,1947,26138,-55,4,44.31823,-68.92718,4,0.062,1
"2026-07-12 22:00:00",639,13.26,21.53,50,25.07,78,204,36592,1.3,0.75,50426,460601,-1,0,639,27560,2172,26363,-55,4,44.31803,-68.92718,4,0.062,1
"2026-07-12 23:00:00",640,13.24,21.26,51,77.99,78,211,36592,1.3,0.75,50426,461321,-1,0,640,27560,2277,26468,-57,4,44.31808,-68.92715,5,0.062,1
"2026-07-13 00:00:00",641,13.25,20.83,51,72.91,73,211,36592,1.3,0.75,50426,462041,-1,0,641,27560,0,26574,-55,4,44.31806,-68.92715,4,0.062,1
"2026-07-13 01:00:00",642,13.25,20.55,51,5.022,21,204,36592,1.3,0.75,50426,462761,-1,0,642,27560,100.8,26675,-55,4,44.31803,-68.92717,4,0.062,1
"2026-07-13 02:00:00",643,13.24,20.08,51,21,23,205,36592,1.3,0.75,50426,463481,-1,0,643,27560,211.2,26785,-55,4,44.31805,-68.92722,4,0.062,1
"2026-07-13 03:00:00",644,13.24,19.91,51,23.01,31,204,36592,1.3,0.75,50426,464201,-1,0,644,27560,317.2,26892,-59,4,44.3181,-68.92725,4,0.062,1
"2026-07-13 04:00:00",645,13.23,19.84,51,30.98,31,204,36592,1.3,0.75,50426,464921,-1,0,645,27560,412.2,26988,-55,4,44.31804,-68.92722,6,0.062,1
"2026-07-13 05:00:00",646,13.21,19.85,51,13.04,44,211,36592,1.3,0.75,50426,465641,-1,0,646,27560,507.1,27084,-59,4,44.31812,-68.92722,4,0.062,1
"2026-07-13 06:00:00",647,13.27,20.64,51,43.91,44,204,36592,1.3,0.75,50426,466361,-1,0,647,27560,608.9,27187,-59,4,44.31822,-68.92722,5,0.062,1
"2026-07-13 07:00:00",648,13.44,26.54,48,-21.19,-21,204,36592,1.3,0.75,50426,467081,-1,0,648,27560,710.2,27289,-55,4,44.31817,-68.92717,4,0.062,1
"2026-07-13 08:00:00",649,13.43,26.81,48,-158.9,-92,204,36592,1.3,0.75,50426,467801,-1,0,649,27560,808,27388,-53,4,44.31812,-68.92715,6,0.062,1
"2026-07-13 09:00:00",650,13.47,28.45,48,-92,-91,204,36592,1.3,0.75,50426,468521,-1,0,650,27560,914,27495,-55,4,44.31811,-68.92715,5,0.064,1
"2026-07-13 10:00:00",651,13.52,27.99,48,-90.9,14,204,36592,1.3,0.75,50426,469241,-1,0,651,27560,1015,27597,-51,4,44.31812,-68.92714,5,0.071,1
"2026-07-13 11:00:00",652,13.51,27.95,48,13.92,14,211,36592,1.3,0.75,50426,469961,-1,0,652,27560,1114,27697,-51,4,44.3181,-68.92715,4,0.071,1
"2026-07-13 12:00:00",653,13.52,27.6,48,-41.02,-41,204,36592,1.3,0.75,50426,470681,-1,0,653,27560,1215,27799,-53,4,44.31816,-68.92724,4,0.071,1
"2026-07-13 13:00:00",654,13.53,26.66,48,-53.94,-14,204,36592,1.3,0.75,50426,471401,-1,0,654,27560,1320,27906,-59,4,44.31813,-68.92722,4,0.071,1
"2026-07-13 14:00:00",655,13.55,26.29,49,-14.04,-14,204,36592,1.3,0.75,50426,472121,-1,0,655,27560,1415,28001,-53,4,44.31817,-68.92719,4,0.052,1
"2026-07-13 15:00:00",656,13.54,26.46,49,-39.98,-24,204,36592,1.3,0.75,50426,472841,-1,0,656,27560,1513,28100,-55,4,44.31813,-68.92722,4,0.052,1
"2026-07-13 16:00:00",657,13.55,26.22,49,-24.03,-24,211,36592,1.3,0.75,50426,473561,-1,0,657,27560,1611,28199,-53,4,44.31812,-68.92718,4,0.047,1
"2026-07-13 17:00:00",658,13.55,26.3,49,-42,-42,205,36592,1.3,0.75,50426,474281,-1,0,658,27560,1704,28294,-55,4,44.31819,-68.92718,4,0.038,1
"2026-07-13 18:00:00",659,13.55,26.12,49,-44,-44,211,36592,1.3,0.75,50426,475001,-1,0,659,27560,1802,28392,-51,4,44.31816,-68.92715,4,0.038,1
"2026-07-13 19:00:00",660,13.55,24.78,49,-45.93,4,204,36592,1.3,0.75,50426,475721,-1,0,660,27560,1898,28489,-55,4,44.31806,-68.92717,4,0.026,1
"2026-07-13 20:00:00",661,13.43,23.1,50,4.003,6,204,36592,1.3,0.75,50426,476441,-1,0,661,27560,2008,28600,-53,4,44.31816,-68.92716,4,0.026,1
"2026-07-13 21:00:00",662,13.3,22.07,50,6.025,24,211,36592,1.3,0.75,50426,477161,-1,0,662,27560,2106,28700,-53,4,44.31818,-68.92715,4,0.022,1
"2026-07-13 22:00:00",663,13.25,21.96,51,24.06,70,212,36592,1.3,0.75,50426,477881,-1,0,663,27560,2204,28798,-57,4,44.31812,-68.92715,4,0.022,1
"2026-07-13 23:00:00",664,13.25,21.27,51,69.96,70,204,36592,1.3,0.75,50426,478601,-1,0,664,27560,2307,28902,-53,4,44.31814,-68.9272,4,0.007,1
"2026-07-14 00:00:00",665,13.25,21.71,51,38.93,39,211,36592,1.3,0.75,50426,479321,-1,0,665,27560,0.03,29010,-57,4,44.31818,-68.92722,4,0.006,1
"2026-07-14 01:00:00",666,13.24,21.19,51,-12.98,-2,212,36592,1.3,0.75,50426,480041,-1,0,666,27560,106.2,29117,-59,4,"NAN","NAN",4,0,1
"2026-07-14 02:00:00",667,13.22,21.09,51,-1.975,16,204,36592,1.3,0.75,50426,480761,-1,0,667,27560,210.3,29223,-55,4,44.31803,-68.92722,6,0,1
"2026-07-14 03:00:00",668,13.24,21.27,51,16.04,42,204,36592,1.3,0.75,50426,481481,-1,0,668,27560,308.8,29322,-55,4,44.31803,-68.92724,4,-0.002,1
"2026-07-14 04:00:00",669,13.24,20.83,51,41.99,42,204,36592,1.3,0.75,50426,482201,-1,0,669,27560,398.7,29413,-57,4,44.318,-68.92719,7,-0.002,1
"2026-07-14 05:00:00",670,13.24,20.84,51,35.99,36,205,36592,1.3,0.75,50426,482921,-1,0,670,27560,491.4,29507,-57,4,44.31806,-68.92715,5,-0.002,1
"2026-07-14 06:00:00",671,13.32,21.35,51,31.9,32,204,36592,1.3,0.75,50426,483641,-1,0,671,27560,587,29603,-57,4,"NAN","NAN",4,-0.002,1
"2026-07-14 07:00:00",672,13.43,24.39,49,-40.12,-40,205,36592,1.3,0.75,50426,484361,-1,0,672,27560,682.1,29699,-61,4,44.31799,-68.92706,4,-0.018,1
"2026-07-14 08:00:00",673,13.41,25.58,49,-123.9,-75,204,36592,1.3,0.75,50426,485081,-1,0,673,27560,771.6,29790,-55,4,44.31814,-68.92725,4,-0.018,1
"2026-07-14 09:00:00",674,13.44,26.38,49,-75.03,-75,211,36592,1.3,0.75,50426,485801,-1,0,674,27560,869,29888,-51,4,44.31816,-68.9272,4,-0.018,1
"2026-07-14 10:00:00",675,13.58,27.91,48,-93,-70,211,36592,1.3,0.75,50426,486521,-1,0,675,27560,961,29981,-53,4,44.31812,-68.92718,5,-0.018,1
"2026-07-14 11:00:00",676,13.58,27.09,49,-69.97,-51,204,36592,1.3,0.75,50426,487241,-1,0,676,27560,1055,30076,-55,4,44.31812,-68.92722,7,-0.018,1
"2026-07-14 12:00:00",677,13.56,28.68,49,-50.98,-37,205,36592,1.3,0.75,50426,487961,-1,0,677,27560,1160,30182,-55,4,44.3181,-68.92724,5,-0.018,1
"2026-07-14 13:00:00",678,13.53,29.81,48,-36.97,-13,204,36592,1.3,0.75,50426,488681,-1,0,678,27560,1263,30286,-51,4,44.31805,-68.92707,4,-0.059,1
"2026-07-14 14:00:00",679,13.51,27.28,49,-13,-10,204,36592,1.3,0.75,50426,489401,-1,0,679,27560,1368,30392,-55,4,44.31804,-68.92716,5,-0.059,1
"2026-07-14 15:00:00",680,13.55,26.46,49,-10.03,-10,204,36592,1.3,0.75,50426,490121,-1,0,680,27560,1474,30499,-57,4,44.318,-68.9272,5,-0.062,1
"2026-07-14 16:00:00",681,13.57,24.38,49,-35.02,-35,204,36592,1.3,0.75,50426,490841,-1,0,681,27560,1577,30603,-55,4,44.318,-68.92722,7,-0.062,1
"2026-07-14 17:00:00",682,13.55,22.88,50,-45.96,-14,204,36592,1.3,0.75,50426,491561,-1,0,682,27560,1678,30706,-53,4,44.31815,-68.92725,4,-0.062,1
"2026-07-14 18:00:00",683,13.49,22.08,50,-13.97,6,204,36592,1.3,0.75,50426,492281,-1,0,683,27560,1779,30807,-55,4,44.31816,-68.92721,4,-0.062,1
"2026-07-14 19:00:00",684,13.41,23.63,51,5.999,6,204,36592,1.3,0.75,50426,493001,-1,0,684,27560,1883,30912,-55,4,44.31816,-68.92715,5,-0.091,1
"2026-07-14 20:00:00",685,13.32,23.94,51,5.049,40,204,36592,1.3,0.75,50426,493721,-1,0,685,27560,1987,31018,-53,4,44.31819,-68.92715,4,-0.104,1
"2026-07-14 21:00:00",686,13.25,23.43,51,40.02,54,204,36592,1.3,0.75,50426,494441,-1,0,686,27560,2101,31133,-51,4,44.31818,-68.92716,5,-0.104,1
"2026-07-14 22:00:00",687,13.26,23.73,51,53.96,54,204,36592,1.3,0.75,50426,495161,-1,0,687,27560,2216,31249,-53,4,44.31817,-68.92718,4,-0.104,1
"2026-07-14 23:00:00",688,13.25,23.37,51,28.01,37,204,36592,1.3,0.75,50426,495881,-1,0,688,27560,2330,31364,-51,4,44.31812,-68.92717,4,-0.104,1
"2026-07-15 00:00:00",689,13.25,22.48,51,37,37,204,36592,1.3,0.75,50426,496601,-1,0,689,27560,0,31478,-55,4,44.31801,-68.92722,6,-0.104,1
"2026-07-15 01:00:00",690,13.23,22.08,51,37.04,63,213,36592,1.3,0.75,50426,497321,-1,0,690,27560,118.3,31597,-59,4,44.31804,-68.92718,8,-0.104,1
"2026-07-15 02:00:00",691,13.24,22.01,51,62.93,63,211,36592,1.3,0.75,50426,498041,-1,0,691,27560,234.2,31714,-53,4,44.31805,-68.92721,4,-0.109,1
"2026-07-15 03:00:00",692,13.25,21.79,51,14.01,24,204,36592,1.3,0.75,50426,498761,-1,0,692,27560,344.1,31825,-57,4,44.31802,-68.92721,8,-0.109,1
"2026-07-15 04:00:00",693,13.24,21.98,51,24.02,37,211,36592,1.3,0.75,50426,499481,-1,0,693,27560,459.9,31942,-59,4,44.318,-68.92718,5,-0.109,1
"2026-07-15 05:00:00",694,13.22,21.53,51,36.99,37,204,36592,1.3,0.75,50426,500201,-1,0,694,27560,571.9,32055,-53,4,44.31797,-68.92713,4,-0.109,1
"2026-07-15 06:00:00",695,13.25,22.88,51,28.99,29,204,36592,1.3,0.75,50426,500921,-1,0,695,27560,676.6,32161,-59,4,44.31804,-68.92727,6,-0.119,1
"2026-07-15 07:00:00",696,13.29,24.79,52,24.98,25,204,36592,1.3,0.75,50426,501641,-1,0,696,27560,785.9,32271,-57,4,44.31809,-68.92708,4,-0.119,1
"2026-07-15 08:00:00",697,13.33,26,51,6.947,7,204,36592,1.3,0.75,50426,502361,-1,0,697,27560,891,32377,-55,4,44.31812,-68.92724,5,-0.119,1
"2026-07-15 09:00:00",698,13.45,27.54,50,-31.17,-31,205,36592,1.3,0.75,50426,503081,-1,0,698,27560,991,32478,-57,4,44.31811,-68.92716,4,-0.119,1
"2026-07-15 10:00:00",699,13.51,29.64,49,-153.1,-153,204,36592,1.3,0.75,50426,503801,-1,0,699,27560,1095,32583,-51,4,"NAN","NAN",4,-0.112,1
"2026-07-15 11:00:00",700,13.47,30.55,49,-193.7,19,204,36592,1.3,0.75,50426,504521,-1,0,700,27560,1194,32683,-51,4,44.31812,-68.92719,4,-0.112,1
"2026-07-15 12:00:00",701,13.47,30.76,49,18.91,19,204,36592,1.3,0.75,50426,505241,-1,0,701,27560,1292,32782,-55,4,44.31805,-68.92718,8,-0.112,1
"2026-07-15 13:00:00",702,13.46,31.15,49,-48.96,-23,212,36592,1.3,0.75,50426,505961,-1,0,702,27560,1390,32881,-55,4,44.31799,-68.92721,4,-0.112,1
"2026-07-15 14:00:00",703,13.47,30.7,49,-23.02,-23,205,36592,1.3,0.75,50426,506681,-1,0,703,27560,1487,32980,-53,4,"NAN","NAN",4,-0.114,1
"2026-07-15 15:00:00",704,13.48,31.19,49,-35.98,-25,205,36592,1.3,0.75,50426,507401,-1,0,704,27560,1590,33083,-59,4,44.31804,-68.92724,4,-0.114,1
"2026-07-15 16:00:00",705,13.45,30.62,49,-24.95,13,204,36592,1.3,0.75,50426,508121,-1,0,705,27560,1688,33183,-55,4,44.31801,-68.92718,4,-0.114,1
"2026-07-15 17:00:00",706,13.51,28.3,50,12.97,13,212,36592,1.3,0.75,50426,508841,-1,0,706,27560,1794,33289,-55,4,44.31798,-68.92715,6,-0.114,1
"2026-07-15 18:00:00",707,13.51,29.85,50,-11.99,-5,204,36592,1.3,0.75,50426,509561,-1,0,707,27560,1899,33395,-53,4,44.31799,-68.92717,4,-0.114,1
"2026-07-15 19:00:00",708,13.53,28.63,49,-5.064,-5,204,36592,1.3,0.75,50426,510281,-1,0,708,27560,2008,33505,-59,4,44.31797,-68.92718,4,-0.114,1
"2026-07-15 20:00:00",709,13.47,26.06,49,-50.85,54,204,36592,1.3,0.75,50426,511001,-1,0,709,27560,2119,33618,-61,4,44.31807,-68.92727,5,-0.113,1
"2026-07-15 21:00:00",710,13.34,24.11,51,53.96,54,204,36592,1.3,0.75,50426,511721,-1,0,710,27560,2232,33732,-57,4,44.31808,-68.92725,5,-0.113,1
"2026-07-15 22:00:00",711,13.27,23.93,51,22.02,33,204,36592,1.3,0.75,50426,512441,-1,0,711,27560,2344,33845,-53,4,44.3181,-68.92722,5,-0.113,1
"2026-07-15 23:00:00",712,13.26,23.17,51,33,33,205,36592,1.3,0.75,50426,513161,-1,0,712,27560,2458,33959,-55,4,44.31812,-68.92715,5,-0.11,1
"2026-07-16 00:00:00",713,13.25,22.65,51,32.95,33,204,36592,1.3,0.75,50426,513881,-1,0,713,27560,0.076,34073,-53,4,44.31811,-68.9272,4,-0.098,1
"2026-07-16 01:00:00",714,13.25,22.16,51,-4.953,29,204,36592,1.3,0.75,50426,514601,-1,0,714,27560,112.3,34187,-55,4,44.31804,-68.92719,8,-0.098,1
"2026-07-16 02:00:00",715,13.24,21.87,51,29.04,61,211,36592,1.3,0.75,50426,515321,-1,0,715,27560,250.8,34326,-55,4,44.31803,-68.92721,4,-0.098,1
"2026-07-16 03:00:00",716,13.24,21.55,51,60.97,61,211,36592,1.3,0.75,50426,516041,-1,0,716,27560,360.2,34437,-55,4,44.31801,-68.92716,4,-0.098,1
"2026-07-16 04:00:00",717,13.22,21.72,51,37.05,71,211,36592,1.3,0.75,50426,516761,-1,0,717,27560,467.1,34545,-55,4,44.31803,-68.92719,6,-0.092,1
"2026-07-16 05:00:00",718,13.24,21.52,52,70.94,71,212,36592,1.3,0.75,50426,517481,-1,0,718,27560,572.5,34651,-55,4,44.31809,-68.92714,5,-0.092,1
"2026-07-16 06:00:00",719,13.31,22.48,51,30.93,31,211,36592,1.3,0.75,50426,518201,-1,0,719,27560,677.6,34758,-55,4,44.31809,-68.92722,5,-0.089,1
"2026-07-16 07:00:00",720,13.44,25.54,50,-23.13,-23,204,36592,1.3,0.75,50426,518921,-1,0,720,27560,776.5,34858,-57,4,44.31799,-68.92731,4,-0.089,1
"2026-07-16 08:00:00",721,13.48,26.92,50,-114,-114,204,36592,1.3,0.75,50426,519641,-1,0,721,27560,882,34964,-53,4,44.31805,-68.92715,5,-0.078,1
"2026-07-16 09:00:00",722,13.55,27.38,50,-123.8,35,204,36592,1.3,0.75,50426,520361,-1,0,722,27560,985,35068,-57,4,44.31815,-68.9271,4,-0.078,1
"2026-07-16 10:00:00",723,13.5,28.77,49,34.92,35,204,36592,1.3,0.75,50426,521081,-1,0,723,27560,1091,35175,-57,4,44.31814,-68.92718,4,-0.078,1
"2026-07-16 11:00:00",724,13.5,28.13,49,-25,-24,204,36592,1.3,0.75,50426,521801,-1,0,724,27560,1195,35280,-57,4,44.31814,-68.92718,4,-0.078,1
"2026-07-16 12:00:00",725,13.55,26.26,49,-24,-21,204,36592,1.3,0.75,50426,522521,-1,0,725,27560,1298,35384,-53,4,44.3181,-68.92713,4,-0.087,1
"2026-07-16 13:00:00",726,13.54,26.8,50,-20.97,0,211,36592,1.3,0.75,50426,523241,-1,0,726,27560,1391,35479,-57,4,44.31804,-68.92715,6,-0.087,1
"2026-07-16 14:00:00",727,13.55,28.17,49,-0.039,0,204,36592,1.3,0.75,50426,523961,-1,0,727,27560,1478,35566,-55,4,44.31804,-68.92717,4,-0.106,1
"2026-07-16 15:00:00",728,13.69,21.4,49,-28.01,-28,205,36592,1.3,0.75,50426,524681,-1,0,728,27560,1576,35666,-59,4,44.31809,-68.92744,4,-0.106,1
"2026-07-16 16:00:00",729,13.63,22.91,49,-37,-37,204,36592,1.3,0.75,50426,525401,-1,0,729,27560,1673,35763,-59,4,44.31794,-68.9272,4,-0.106,1
"2026-07-16 17:00:00",730,13.63,24.39,49,-36.99,-31,204,36592,1.3,0.75,50426,526121,-1,0,730,27560,1772,35864,-61,4,44.31796,-68.92721,5,-0.106,1
"2026-07-16 18:00:00",731,13.58,25.74,49,-30.99,-23,204,36592,1.3,0.75,50426,526841,-1,0,731,27560,1874,35966,-55,4,44.31796,-68.92723,4,-0.106,1
"2026-07-16 19:00:00",732,13.58,25.55,50,-23.01,-23,204,36592,1.3,0.75,50426,527561,-1,0,732,27560,1972,36066,-59,4,44.31801,-68.92711,4,-0.106,1
"2026-07-16 20:00:00",733,13.54,24.67,49,-29.91,36,204,36592,1.3,0.75,50426,528281,-1,0,733,27560,2076,36171,-55,4,44.31795,-68.92715,4,-0.087,1
"2026-07-16 21:00:00",734,13.35,21.02,51,36.05,72,204,36592,1.3,0.75,50426,529001,-1,0,734,27560,2178,36274,-55,4,44.31809,-68.92716,5,-0.087,1
"2026-07-16 22:00:00",735,13.27,20.93,51,71.95,72,204,36592,1.3,0.75,50426,529721,-1,0,735,27560,2277,36373,-55,4,44.31807,-68.92724,4,-0.087,1
"2026-07-16 23:00:00",736,13.23,20.11,52,37.03,61,210,36592,1.3,0.75,50426,530441,-1,0,736,27560,2389,36487,-51,4,44.31805,-68.92719,4,-0.087,1
"2026-07-17 00:00:00",737,13.24,19.42,51,60.97,61,204,36592,1.3,0.75,50426,531161,-1,0,737,27560,0.024,36603,-53,4,44.31809,-68.92724,5,-0.244,1
"2026-07-17 01:00:00",738,13.24,19.7,52,37,37,211,36592,1.3,0.75,50426,531881,-1,0,738,27560,110.7,36715,-53,4,44.31804,-68.92728,5,-0.244,1
"2026-07-17 02:00:00",739,13.24,19.36,51,33.95,34,204,36592,1.3,0.75,50426,532601,-1,0,739,27560,218,36823,-55,4,44.31805,-68.92726,5,-0.296,1
"2026-07-17 03:00:00",740,13.24,19.24,52,-3.975,14,204,36592,1.3,0.75,50426,533321,-1,0,740,27560,326.9,36933,-53,4,44.31805,-68.92726,5,-0.296,1
"2026-07-17 04:00:00",741,13.24,19.06,52,14.01,23,204,36592,1.3,0.75,50426,534041,-1,0,741,27560,426.6,37034,-53,4,44.31802,-68.92725,7,-0.296,1
"2026-07-17 05:00:00",742,13.23,19.31,52,23.01,33,204,36592,1.3,0.75,50426,534761,-1,0,742,27560,517.7,37126,-59,4,"NAN","NAN",4,-0.303,1
"2026-07-17 06:00:00",743,13.35,21.04,51,32.85,33,211,36592,1.3,0.75,50426,535481,-1,0,743,27560,620,37229,-57,4,44.31795,-68.92716,4,-0.303,1
"2026-07-17 07:00:00",744,13.54,22.51,51,-76.21,-76,204,36592,1.3,0.75,50426,536201,-1,0,744,27560,724.2,37334,-53,4,44.31799,-68.92716,5,-0.303,1
"2026-07-17 08:00:00",745,13.66,22.88,50,-226.8,-47,204,36592,1.3,0.75,50426,536921,-1,0,745,27560,835,37446,-57,4,44.31794,-68.92722,6,-0.275,1
"2026-07-17 09:00:00",746,13.66,22.75,50,-47,-47,204,36592,1.3,0.75,50426,537641,-1,0,746,27560,937,37549,-57,4,44.31792,-68.92717,5,-0.213,1
"2026-07-17 10:00:00",747,13.66,22.49,50,-49.99,-45,204,36592,1.3,0.75,50426,538361,-1,0,747,27560,1042,37655,-53,4,44.31794,-68.92712,4,-0.198,1
"2026-07-17 11:00:00",748,13.62,24.43,49,-44.96,-15,204,36592,1.3,0.75,50426,539081,-1,0,748,27560,1144,37758,-57,4,44.31804,-68.92711,5,-0.198,1
"2026-07-17 12:00:00",749,13.63,24.79,50,-15.03,-15,204,36592,1.3,0.75,50426,539801,-1,0,749,27560,1251,37866,-55,4,44.31811,-68.92723,4,-0.198,1
"2026-07-17 13:00:00",750,13.59,25.4,50,-35.98,-23,204,36592,1.3,0.75,50426,540521,-1,0,750,27560,1357,37974,-57,4,44.31807,-68.92711,4,-0.154,1
"2026-07-17 14:00:00",751,13.61,25.84,50,-23.02,-23,211,36592,1.3,0.75,50426,541241,-1,0,751,27560,1461,38078,-57,4,44.31802,-68.92716,4,-0.13,1
"2026-07-17 15:00:00",752,13.58,26.84,48,-37.99,-28,204,36592,1.3,0.75,50426,541961,-1,0,752,27560,1576,38194,-55,4,44.31802,-68.92716,4,-0.097,1
"2026-07-17 16:00:00",753,13.58,28.08,48,-28.03,-28,204,36592,1.3,0.75,50426,542681,-1,0,753,27560,1681,38300,-57,4,44.31805,-68.92728,5,-0.089,1
"2026-07-17 17:00:00",754,13.54,27.43,49,-48.95,-12,204,36592,1.3,0.75,50426,543401,-1,0,754,27560,1790,38411,-57,4,44.31795,-68.92718,5,-0.057,1
"2026-07-17 18:00:00",755,13.55,27.14,49,-12.05,-12,204,36592,1.3,0.75,50426,544121,-1,0,755,27560,1890,38512,-57,4,44.31798,-68.92722,4,-0.013,1
"2026-07-17 19:00:00",756,13.53,26.11,49,-44.97,-22,204,36592,1.3,0.75,50426,544841,-1,0,756,27560,1997,38620,-53,4,44.31792,-68.92727,5,-0.013,1
"2026-07-17 20:00:00",757,13.52,23.13,51,-21.94,18,204,36592,1.3,0.75,50426,545561,-1,0,757,27560,2098,38722,-55,4,44.31799,-68.92734,5,-0.013,1
"2026-07-17 21:00:00",758,13.31,20.88,51,18.03,42,204,36592,1.3,0.75,50426,546281,-1,0,758,27560,2197,38821,-55,4,44.31797,-68.92731,6,-0.013,1
"2026-07-17 22:00:00",759,13.27,20.48,52,41.93,42,204,36592,1.3,0.75,50426,547001,-1,0,759,27560,2307,38933,-53,4,44.31803,-68.92735,4,-0.013,1
"2026-07-17 23:00:00",760,13.25,20.5,52,-9.99,-6,205,36592,1.3,0.75,50426,547721,-1,0,760,27560,2414,39041,-53,4,44.31801,-68.92731,4,-0.245,1
"2026-07-18 00:00:00",761,13.25,19.08,52,-5.981,8,204,36592,1.3,0.75,50426,548441,-1,0,761,27560,0.119,39148,-55,4,44.3181,-68.92726,6,-0.245,1
"2026-07-18 01:00:00",762,13.24,18.9,52,8.05,47,205,36592,1.3,0.75,50426,549161,-1,0,762,27560,105.9,39254,-57,4,44.31812,-68.92725,6,-0.245,1
"2026-07-18 02:00:00",763,13.24,19.18,52,47,47,204,36592,1.3,0.75,50426,549881,-1,0,763,27560,212.7,39362,-55,4,44.31805,-68.92722,4,-0.245,1
"2026-07-18 03:00:00",764,13.23,18.24,52,44.96,45,204,36592,1.3,0.75,50426,550601,-1,0,764,27560,323.9,39475,-57,4,44.318,-68.92723,6,-0.13,1
"2026-07-18 04:00:00",765,13.21,17.43,52,19.08,77,204,36592,1.3,0.75,50426,551321,-1,0,765,27560,419.9,39572,-57,4,44.31799,-68.92725,5,-0.094,1
"2026-07-18 05:00:00",766,13.23,17.29,52,76.92,77,204,36592,1.3,0.75,50426,552041,-1,0,766,27560,523.4,39676,-55,4,44.31798,-68.92723,7,-0.094,1
"2026-07-18 06:00:00",767,13.4,18.65,52,20.8,21,204,36592,1.3,0.75,50426,552761,-1,0,767,27560,624.6,39778,-55,4,44.31798,-68.92725,5,-0.094,1
"2026-07-18 07:00:00",768,13.36,19.6,51,-119.9,-72,204,36592,1.3,0.75,50426,553481,-1,0,768,27560,723.9,39879,-57,4,44.31797,-68.92722,4,-0.094,1
"2026-07-18 08:00:00",769,13.49,22.41,51,-72.09,-72,211,36592,1.3,0.75,50426,554201,-1,0,769,27560,816,39971,-57,4,44.31802,-68.92733,8,-0.036,1
"2026-07-18 09:00:00",770,13.62,25.28,50,-135.8,-21,211,36592,1.3,0.75,50426,554921,-1,0,770,27560,955,40112,-55,4,44.31799,-68.92728,5,0.001,1
"2026-07-18 10:00:00",771,13.61,25.56,50,-21.01,-21,204,36592,1.3,0.75,50426,555641,-1,0,771,27560,1055,40213,-51,4,44.31808,-68.92716,4,0.092,1
"2026-07-18 11:00:00",772,13.61,22.64,50,-26.98,-14,204,36592,1.3,0.75,50426,556361,-1,0,772,27560,1152,40311,-57,4,44.31812,-68.92725,4,0.092,1
"2026-07-18 12:00:00",773,13.69,21.9,50,-14.03,-14,204,36592,1.3,0.75,50426,557081,-1,0,773,27560,1251,40411,-55,4,44.31816,-68.9272,6,0.092,1
"2026-07-18 13:00:00",774,13.69,21.56,50,-32.01,-32,204,36592,1.3,0.75,50426,557801,-1,0,774,27560,1347,40508,-55,4,44.31816,-68.9272,4,0.092,1
"2026-07-18 14:00:00",775,13.68,20.95,51,-36.99,-27,211,36592,1.3,0.75,50426,558521,-1,0,775,27560,1438,40600,-53,4,44.31816,-68.9272,4,0.092,1
"2026-07-18 15:00:00",776,13.69,20.66,51,-27.04,-27,211,36592,1.3,0.75,50426,559241,-1,0,776,27560,1527,40690,-51,4,44.31812,-68.92716,5,0.092,1
"2026-07-18 16:00:00",777,13.66,20.8,51,-52.93,-4,209,36592,1.3,0.75,50426,559961,-1,0,777,27560,1621,40785,-51,4,44.31808,-68.92719,5,-0.069,1
"2026-07-18 17:00:00",778,13.6,19.66,52,-3.986,6,204,36592,1.3,0.75,50426,560681,-1,0,778,27560,1713,40878,-81,4,44.31802,-68.92721,7,-0.072,1
"2026-07-18 18:00:00",779,13.45,19.74,52,6.061,50,204,36592,1.3,0.75,50426,561401,-1,0,779,27560,1801,40967,-51,4,44.31803,-68.92719,4,-0.072,1
"2026-07-18 19:00:00",780,13.37,19.37,52,49.95,50,204,36592,1.3,0.75,50426,562121,-1,0,780,27560,1894,41061,-53,4,44.31807,-68.92716,5,-0.072,1
"2026-07-18 20:00:00",781,13.26,18.78,52,12.02,29,211,36592,1.3,0.75,50426,562841,-1,0,781,27560,1993,41160,-55,4,44.31807,-68.92716,5,-0.072,1
"2026-07-18 21:00:00",782,13.23,18.55,52,29.03,49,204,36592,1.3,0.75,50426,563561,-1,0,782,27560,2088,41257,-53,4,44.31813,-68.9272,4,-0.072,1
"2026-07-18 22:00:00",783,13.22,18.64,53,49.01,54,204,36592,1.3,0.75,50426,564281,-1,0,783,27560,2178,41348,-51,4,44.31817,-68.92718,4,-0.118,1
"2026-07-18 23:00:00",784,13.22,18.83,53,54.02,68,204,36592,1.3,0.75,50426,565001,-1,0,784,27560,2276,41446,-51,4,44.31816,-68.92725,4,-0.118,1
"2026-07-19 00:00:00",785,13.24,18.76,53,67.95,68,204,36592,1.3,0.75,50426,565721,-1,0,785,27560,0.064,41552,-53,4,44.31812,-68.92715,4,-0.123,1
"2026-07-19 01:00:00",786,13.24,18.68,53,31,31,204,36592,1.3,0.75,50426,566441,-1,0,786,27560,109.2,41663,-53,4,44.31821,-68.92717,4,-0.123,1
"2026-07-19 02:00:00",787,13.23,18.89,53,27.99,28,204,36592,1.3,0.75,50426,567161,-1,0,787,27560,214.6,41771,-53,4,44.31821,-68.92717,4,-0.148,1
"2026-07-19 03:00:00",788,13.22,20.14,53,24.04,54,204,36592,1.3,0.75,50426,567881,-1,0,788,27560,326.8,41885,-55,4,44.3182,-68.92715,4,-0.148,1
"2026-07-19 04:00:00",789,13.23,20.8,53,53.97,54,204,36592,1.3,0.75,50426,568601,-1,0,789,27560,551.7,42115,-55,4,44.31818,-68.9272,4,-0.162,1
"2026-07-19 05:00:00",790,13.23,20.55,53,31.05,70,204,36592,1.3,0.75,50426,569321,-1,0,790,27560,648.9,42214,-55,4,44.31816,-68.9272,5,-0.162,1
"2026-07-19 06:00:00",791,13.23,21.01,52,69.98,70,205,36592,1.3,0.75,50426,570041,-1,0,791,27560,749.2,42316,-55,4,44.31816,-68.9272,5,-0.162,1
"2026-07-19 07:00:00",792,13.43,21.52,51,56.8,57,204,36592,1.3,0.75,50426,570761,-1,0,792,27560,845,42414,-55,4,44.31799,-68.92697,4,-0.162,1
"2026-07-19 08:00:00",793,13.43,22.92,51,-84,-84,204,36592,1.3,0.75,50426,571481,-1,0,793,27560,942,42513,-59,4,44.31807,-68.92716,4,-0.162,1
"2026-07-19 09:00:00",794,13.48,23.06,51,-104,-104,204,36592,1.3,0.75,50426,572201,-1,0,794,27560,1034,42607,-57,4,44.31805,-68.92711,6,-0.162,1
"2026-07-19 10:00:00",795,13.62,22.69,51,-130.8,48,204,36592,1.3,0.75,50426,572921,-1,0,795,27560,1126,42700,-55,4,44.31806,-68.92709,5,-0.154,1
"2026-07-19 11:00:00",796,13.62,23.11,50,47.9,48,204,36592,1.3,0.75,50426,573641,-1,0,796,27560,1223,42799,-61,4,44.31803,-68.92715,4,-0.153,1
"2026-07-19 12:00:00",797,13.63,23.2,50,-27,-24,211,36592,1.3,0.75,50426,574361,-1,0,797,27560,1314,42893,-55,4,44.31812,-68.92716,4,-0.145,1
"2026-07-19 13:00:00",798,13.63,23.33,50,-24.03,-24,211,36592,1.3,0.75,50426,575081,-1,0,798,27560,1413,42994,-57,4,44.31814,-68.92715,4,-0.145,1
"2026-07-19 14:00:00",799,13.63,23.43,49,-46,-45,204,36592,1.3,0.75,50426,575801,-1,0,799,27560,1504,43087,-57,4,44.3182,-68.92719,4,-0.145,1
"2026-07-19 15:00:00",800,13.63,25.06,48,-44.99,-41,205,36592,1.3,0.75,50426,576521,-1,0,800,27560,1602,43186,-55,4,44.3182,-68.92719,4,-0.14,1
"2026-07-19 16:00:00",801,13.6,25.74,48,-40.98,-29,210,36592,1.3,0.75,50426,577241,-1,0,801,27560,1696,43282,-59,4,44.31805,-68.92721,4,-0.135,1
"2026-07-19 17:00:00",802,13.6,25.84,49,-29.01,-29,204,36592,1.3,0.75,50426,577961,-1,0,802,27560,1796,43384,-57,4,44.31804,-68.92722,5,-0.097,1
"2026-07-19 18:00:00",803,13.6,25.7,49,-34.95,2,204,36592,1.3,0.75,50426,578681,-1,0,803,27560,1900,43490,-55,4,44.31805,-68.92721,4,-0.089,1
"2026-07-19 19:00:00",804,13.59,24,50,1.983,2,204,36592,1.3,0.75,50426,579401,-1,0,804,27560,2005,43597,-57,4,44.31805,-68.92721,4,-0.088,1
"2026-07-19 20:00:00",805,13.51,22.25,51,-9.94,34,204,36592,1.3,0.75,50426,580121,-1,0,805,27560,2101,43695,-57,4,44.31816,-68.92729,4,-0.088,1
"2026-07-19 21:00:00",806,13.32,21.06,52,34.04,65,204,36592,1.3,0.75,50426,580841,-1,0,806,27560,2199,43795,-55,4,44.31809,-68.92713,4,-0.088,1
"2026-07-19 22:00:00",807,13.25,19.64,52,64.99,65,205,36592,1.3,0.75,50426,581561,-1,0,807,27560,2298,43897,-55,4,44.31802,-68.92724,5,-0.088,1
"2026-07-19 23:00:00",808,13.25,19.46,52,59.97,60,204,36592,1.3,0.75,50426,582281,-1,0,808,27560,2402,44003,-57,4,44.31794,-68.92722,4,-0.088,1
"2026-07-20 00:00:00",809,13.24,19.08,52,37.98,38,211,36592,1.3,0.75,50426,583001,-1,0,809,27560,0,44109,-55,4,44.31808,-68.92713,5,-0.086,1
"2026-07-20 01:00:00",810,13.22,18.07,53,25.06,65,204,36592,1.3,0.75,50426,583721,-1,0,810,27560,102.7,44214,-55,4,44.31817,-68.92719,4,-0.074,1
"2026-07-20 02:00:00",811,13.2,17.62,53,65.01,74,204,36592,1.3,0.75,50426,584441,-1,0,811,27560,207.4,44321,-55,4,44.31816,-68.92717,4,-0.074,1
"2026-07-20 03:00:00",812,13.24,18.13,53,73.94,74,204,36592,1.3,0.75,50426,585161,-1,0,812,27560,314,44430,-55,4,44.31812,-68.92719,8,-0.068,1
"2026-07-20 04:00:00",813,13.23,17.92,53,28.02,44,204,36592,1.3,0.75,50426,585881,-1,0,813,27560,416,44534,-55,4,44.31808,-68.92718,8,-0.066,1
"2026-07-20 05:00:00",814,13.21,17.41,53,44.05,82,204,36592,1.3,0.75,50426,586601,-1,0,814,27560,515.1,44635,-57,4,44.31804,-68.92717,5,-0.066,1
"2026-07-20 06:00:00",815,13.35,18.35,52,81.8,82,204,36592,1.3,0.75,50426,587321,-1,0,815,27560,613.7,44735,-57,4,44.31805,-68.9272,5,-0.062,1
"2026-07-20 07:00:00",816,13.49,20.08,52,-34.17,-34,204,36592,1.3,0.75,50426,588041,-1,0,816,27560,711.9,44835,-55,4,44.31804,-68.92722,6,-0.062,1
"2026-07-20 08:00:00",817,13.54,22.26,51,-157,-153,205,36592,1.3,0.75,50426,588761,-1,0,817,27560,810,44936,-55,4,44.31791,-68.9273,4,-0.045,1
"2026-07-20 09:00:00",818,13.61,24.37,51,-152.8,-30,204,36592,1.3,0.75,50426,589481,-1,0,818,27560,909,45036,-55,4,44.31808,-68.9271,4,-0.037,1
"2026-07-20 10:00:00",819,13.61,25.47,50,-30.02,-30,208,36592,1.3,0.75,50426,590201,-1,0,819,27560,1007,45136,-51,4,44.31799,-68.92714,5,-0.026,1
"2026-07-20 11:00:00",820,13.58,27.14,49,-43.95,-9,205,36592,1.3,0.75,50426,590921,-1,0,820,27560,1110,45241,-53,4,44.31816,-68.92723,5,-0.026,1
"2026-07-20 12:00:00",821,13.56,27.83,50,-8.99,-5,205,36592,1.3,0.75,50426,591641,-1,0,821,27560,1210,45344,-55,4,44.31814,-68.92713,4,-0.019,1
"2026-07-20 13:00:00",822,13.55,28.37,49,-5.024,-5,204,36592,1.3,0.75,50426,592361,-1,0,822,27560,1300,45435,-55,4,44.31816,-68.92715,4,-0.017,1
"2026-07-20 14:00:00",823,13.62,23.2,48,-22.13,-22,211,36592,1.3,0.75,50426,593081,-1,0,823,27560,1388,45525,-53,4,44.31817,-68.92712,5,-0.017,1
"2026-07-20 15:00:00",824,13.58,26.74,50,-112.9,-72,211,36592,1.3,0.75,50426,593801,-1,0,824,27560,1481,45620,-51,4,"NAN","NAN",4,-0.014,1
"2026-07-20 16:00:00",825,13.65,22.28,49,-72.05,-72,204,36592,1.3,0.75,50426,594521,-1,0,825,27560,1560,45701,-85,4,"NAN","NAN",4,-0.014,1
