"TOA5","wynken","CR300","36593","CR300-CELL210.11.3.0","CPU:wynken.29dcee00994297b7550bff0a372e8ab5.dld","5610","Ai1"
"TIMESTAMP","RECORD","BatteryVoltage","InternalTemperature","InternalHumidity","CurrentAverage","CurrentMaximum","ProcessingTime","SerialNumber","DataloggerOSVersion","Ai1OSVersion","ProgramSignature","ProgramCounter","StartUpCode","WatchdogErrors","SkippedScans","MemoryFree","CellUsageToday","CellUsageThisMonth","CellRSSI","CellNetBand","Latitude","Longitude","GPSSatellitesInView","Pressure_mH2O","ReadAttempts_Max"
"TS","RN","Volts","°C","%","mA (-=Charge, +=Discharge)","mA (-=Charge, +=Discharge)","µS","","","","(0-65535)","Cycles","(0=Ok, -1=Power, -2=Watchdog)","Errors Since Compile","Scans Skipped","Bytes","kB","kB","dBm","","Decimal Degrees (N=+,S=-)","Decimal Degrees (E=+,W=-)","GPS Satellites visible","mH2O",""
"","","Smp","Smp","Smp","Avg:mA","Max:mA","Smp","Smp","Smp","Smp","Smp:0-65535)","Smp","Smp:0=Ok","Smp:Watchdog Errors Since Compile","Smp:Scans Skipped","Smp:Bytes","Smp:kB","Smp:kB","Smp:dBm","Smp:band","Smp","Smp","Smp","Smp","Max"
"2026-07-04 12:00:00",0,13.56,26.73,58,-0.016,0,160,36593,1.3,0.75,5610,128,0,0,0,28176,1960,6364,-85,4,44.03688,-68.88784,0,-13.01,0
"2026-07-04 13:00:00",1,13.58,25.56,60,-1.983,10,159,36593,1.3,0.75,5610,848,0,0,1,28176,2116,6520,-81,13,44.04356,-68.89221,4,-13.01,1
"2026-07-04 14:00:00",2,13.56,24.22,60,9.97,10,160,36593,1.3,0.75,5610,1568,0,0,2,28176,2209,6613,-77,13,44.04361,-68.89224,4,-13.01,1
"2026-07-04 15:00:00",3,13.61,25.44,60,-9,-9,159,36593,1.3,0.75,5610,2288,0,0,3,28176,2301,6705,-81,13,"NAN","NAN",4,-0.095,1
"2026-07-04 16:00:00",4,13.61,24.73,60,-10,-9,160,36593,1.3,0.75,5610,3008,0,0,4,28176,2397,6802,-79,13,44.04359,-68.89218,4,-0.095,1
"2026-07-04 17:00:00",5,13.62,25.88,60,-9.01,-9,159,36593,1.3,0.75,5610,3728,0,0,5,28176,2480,6884,-83,4,44.04354,-68.89222,4,-0.095,1
"2026-07-04 18:00:00",6,13.57,27.02,60,-13.02,-13,159,36593,1.3,0.75,5610,4448,0,0,6,28176,2565,6969,-81,4,44.04357,-68.89219,4,-0.095,1
"2026-07-04 19:00:00",7,13.6,25.11,62,-25.91,40,159,36593,1.3,0.75,5610,5168,0,0,7,28176,2654,7058,-81,4,44.04356,-68.8922,4,-0.095,1
"2026-07-04 20:00:00",8,13.57,24.77,63,39.98,40,160,36593,1.3,0.75,5610,5888,0,0,8,28176,2752,7157,-81,4,44.04353,-68.89223,4,-0.092,1
"2026-07-04 21:00:00",9,13.36,23.01,64,29.01,39,159,36593,1.3,0.75,5610,6608,0,0,9,28176,2846,7250,-81,4,44.04353,-68.8923,5,-0.087,1
"2026-07-04 22:00:00",10,13.27,21.83,64,39.04,71,166,36593,1.3,0.75,5610,7328,0,0,10,28176,2945,7349,-81,4,44.04354,-68.89228,4,-0.083,1
"2026-07-04 23:00:00",11,13.28,19.95,64,71.05,104,159,36593,1.3,0.75,5610,8048,0,0,11,28176,3034,7438,-81,13,44.04358,-68.89226,6,-0.079,1
"2026-07-05 00:00:00",12,13.27,18.63,64,104,104,166,36593,1.3,0.75,5610,8768,0,0,12,28176,0.01,7577,-85,4,44.04361,-68.89227,4,-0.064,1
"2026-07-05 01:00:00",13,13.26,18.22,63,92,92,160,36593,1.3,0.75,5610,9488,0,0,13,28176,87.8,7665,-77,4,44.04359,-68.89229,4,-0.062,1
"2026-07-05 02:00:00",14,13.26,17.53,64,69.96,70,159,36593,1.3,0.75,5610,10208,0,0,14,28176,172.8,7750,-81,13,44.04363,-68.89224,4,-0.057,1
"2026-07-05 03:00:00",15,13.27,17.4,64,41,43,160,36593,1.3,0.75,5610,10928,0,0,15,28176,263.8,7841,-87,4,44.04356,-68.89221,4,-0.05,1
"2026-07-05 04:00:00",16,13.26,16.88,64,43.02,57,159,36593,1.3,0.75,5610,11648,0,0,16,28176,353.2,7930,-85,4,44.04356,-68.89224,5,-0.047,1
"2026-07-05 05:00:00",17,13.26,17.02,63,56.98,57,159,36593,1.3,0.75,5610,12368,0,0,17,28176,442,8019,-83,4,44.04356,-68.89224,8,-0.047,1
"2026-07-05 06:00:00",18,13.48,18.94,62,39.69,40,159,36593,1.3,0.75,5610,13088,0,0,18,28176,529.3,8106,-81,13,44.04359,-68.89223,7,-0.043,1
"2026-07-05 07:00:00",19,13.57,22.49,61,-180,-178,159,36593,1.3,0.75,5610,13808,0,0,19,28176,618.2,8195,-81,4,44.0436,-68.89224,4,-0.042,1
"2026-07-05 08:00:00",20,13.52,22.8,61,-177.9,-79,159,36593,1.3,0.75,5610,14528,0,0,20,28176,873,8450,-83,4,44.04356,-68.89223,5,-0.033,1
"2026-07-05 09:00:00",21,13.57,26.41,59,-78.89,-1,160,36593,1.3,0.75,5610,15248,0,0,21,28176,963,8540,-83,4,44.04359,-68.89222,4,-0.03,1
"2026-07-05 10:00:00",22,13.59,27.49,59,-0.989,7,160,36593,1.3,0.75,5610,15968,0,0,22,28176,1055,8632,-79,13,44.04358,-68.89225,5,-0.022,1
"2026-07-05 11:00:00",23,13.59,27.25,58,7.001,8,159,36593,1.3,0.75,5610,16688,0,0,23,28176,1141,8718,-77,13,44.04358,-68.89226,4,-0.018,1
"2026-07-05 12:00:00",24,13.56,26.17,60,8.01,18,160,36593,1.3,0.75,5610,17408,0,0,24,28176,1232,8809,-81,4,44.0436,-68.89228,5,-0.014,1
"2026-07-05 13:00:00",25,13.59,24.67,61,17.98,18,167,36593,1.3,0.75,5610,18128,0,0,25,28176,1318,8895,-81,4,44.04364,-68.89228,4,-0.004,1
"2026-07-05 14:00:00",26,13.59,24.96,60,-0.008,0,159,36593,1.3,0.75,5610,18848,0,0,26,28176,1407,8984,-77,4,44.04359,-68.89224,4,-0.004,1
"2026-07-05 15:00:00",27,13.62,26.16,59,-5.996,-3,159,36593,1.3,0.75,5610,19568,0,0,27,28176,1502,9079,-77,13,44.04361,-68.89223,5,-0.004,1
"2026-07-05 16:00:00",28,13.58,27.43,58,-2.988,6,159,36593,1.3,0.75,5610,20288,0,0,28,28176,1589,9166,-79,13,44.04354,-68.8922,4,-0.002,1
"2026-07-05 17:00:00",29,13.59,27.55,58,5.99,6,159,36593,1.3,0.75,5610,21008,0,0,29,28176,1676,9253,-83,4,44.04359,-68.89214,4,-0.002,1
"2026-07-05 18:00:00",30,13.59,26.22,59,-0.983,11,160,36593,1.3,0.75,5610,21728,0,0,30,28176,1762,9339,-79,13,44.04358,-68.89221,5,-0.001,1
"2026-07-05 19:00:00",31,13.59,24.47,61,10.98,11,159,36593,1.3,0.75,5610,22448,0,0,31,28176,1848,9425,-79,13,44.04352,-68.89216,4,-0.001,1
"2026-07-05 20:00:00",32,13.57,21.17,63,-4.906,63,160,36593,1.3,0.75,5610,23168,0,0,32,28176,1932,9509,-81,13,44.04359,-68.8922,4,0.003,1
"2026-07-05 21:00:00",33,13.35,19.17,63,63.04,89,160,36593,1.3,0.75,5610,23888,0,0,33,28176,2045,9622,-83,4,44.04358,-68.89221,6,0.003,1
"2026-07-05 22:00:00",34,13.28,18.7,64,89,89,166,36593,1.3,0.75,5610,24608,0,0,34,28176,2131,9709,-81,4,44.04358,-68.8922,4,0.004,1
"2026-07-05 23:00:00",35,13.27,18.53,63,87,91,160,36593,1.3,0.75,5610,25328,0,0,35,28176,2221,9798,-83,4,44.04362,-68.89223,5,0.004,1
"2026-07-06 00:00:00",36,13.27,17.75,64,91,91,159,36593,1.3,0.75,5610,26048,0,0,36,28176,0,9881,-77,4,44.04363,-68.89226,6,0.01,1
"2026-07-06 01:00:00",37,13.27,18.25,64,91,115,159,36593,1.3,0.75,5610,26768,0,0,37,28176,80.5,9962,-75,4,44.04361,-68.89228,4,0.014,1
"2026-07-06 02:00:00",38,13.26,17.82,64,114.9,115,166,36593,1.3,0.75,5610,27488,0,0,38,28176,185.2,10066,-83,4,44.04362,-68.89227,4,0.014,1
"2026-07-06 03:00:00",39,13.27,18.12,64,63.03,87,159,36593,1.3,0.75,5610,28208,0,0,39,28176,276.7,10158,-87,4,44.04362,-68.89223,5,0.018,1
"2026-07-06 04:00:00",40,13.26,17.81,64,86.9,87,160,36593,1.3,0.75,5610,28928,0,0,40,28176,364.2,10245,-87,13,44.04359,-68.89226,5,0.021,1
"2026-07-06 05:00:00",41,13.25,18.22,64,49.03,73,160,36593,1.3,0.75,5610,29648,0,0,41,28176,450.4,10331,-83,4,44.04356,-68.89224,4,0.023,1
"2026-07-06 06:00:00",42,13.45,19.8,63,72.73,73,159,36593,1.3,0.75,5610,30368,0,0,42,28176,536,10417,-85,4,44.04358,-68.89227,5,0.028,1
"2026-07-06 07:00:00",43,13.43,20.83,63,-119.8,26,167,36593,1.3,0.75,5610,31088,0,0,43,28176,622.4,10504,-83,4,44.04356,-68.89223,4,0.032,1
"2026-07-06 08:00:00",44,13.52,24.62,60,25.77,26,159,36593,1.3,0.75,5610,31808,0,0,44,28176,709.8,10591,-81,13,44.04359,-68.89224,4,0.046,1
"2026-07-06 09:00:00",45,13.62,26.21,60,-141.9,-78,159,36593,1.3,0.75,5610,32528,0,0,45,28176,800,10681,-85,4,44.04356,-68.89225,5,0.048,1
"2026-07-06 10:00:00",46,13.6,25.18,61,-77.92,-17,166,36593,1.3,0.75,5610,33248,0,0,46,28176,891,10773,-81,13,44.04354,-68.89229,5,0.061,1
"2026-07-06 11:00:00",47,13.59,27.19,59,-16.97,4,160,36593,1.3,0.75,5610,33968,0,0,47,28176,976,10857,-81,13,44.04356,-68.89226,4,0.066,1
"2026-07-06 12:00:00",48,13.59,25.92,60,4.017,16,160,36593,1.3,0.75,5610,34688,0,0,48,28176,1072,10953,-85,4,44.04361,-68.89225,6,0.068,1
"2026-07-06 13:00:00",49,13.62,25.38,60,15.99,16,160,36593,1.3,0.75,5610,35408,0,0,49,28176,1170,11051,-85,4,44.04362,-68.89228,6,0.068,1
"2026-07-06 14:00:00",50,13.62,26.28,60,12,15,160,36593,1.3,0.75,5610,36128,0,0,50,28176,1254,11135,-75,13,44.04358,-68.89224,4,0.068,1
"2026-07-06 15:00:00",51,13.61,25.97,60,15,15,160,36593,1.3,0.75,5610,36848,0,0,51,28176,1346,11227,-77,4,44.0436,-68.89222,4,0.068,1
"2026-07-06 16:00:00",52,13.62,22.69,62,14.98,15,160,36593,1.3,0.75,5610,37568,0,0,52,28176,1431,11312,-83,4,44.04362,-68.89223,5,0.068,1
"2026-07-06 17:00:00",53,13.66,21.42,61,-0.99,6,160,36593,1.3,0.75,5610,38288,0,0,53,28176,1525,11406,-79,4,44.04342,-68.89229,4,0.068,1
"2026-07-06 18:00:00",54,13.67,22.12,60,5.996,6,160,36593,1.3,0.75,5610,39008,0,0,54,28176,1611,11493,-83,13,44.0436,-68.89223,4,0.065,1
"2026-07-06 19:00:00",55,13.7,22.88,60,2.976,3,160,36593,1.3,0.75,5610,39728,0,0,55,28176,1704,11585,-81,13,44.04372,-68.89222,4,0.065,5
"2026-07-06 20:00:00",56,13.55,21.57,61,-13.86,90,160,36593,1.3,0.75,5610,40448,0,0,56,28176,1801,11682,-79,13,44.04357,-68.89219,5,0.065,5
"2026-07-06 21:00:00",57,13.35,18.65,63,90,90,160,36593,1.3,0.75,5610,41168,0,0,57,28176,1893,11775,-81,4,44.04359,-68.8922,6,0.07,1
"2026-07-06 22:00:00",58,13.25,17.69,63,71.98,72,160,36593,1.3,0.75,5610,41888,0,0,58,28176,1981,11862,-81,4,44.04359,-68.8922,5,0.07,1
"2026-07-06 23:00:00",59,13.26,16.93,64,57.14,155,160,36593,1.3,0.75,5610,42608,0,0,59,28176,2072,11953,-89,4,44.04354,-68.89222,4,0.071,1
"2026-07-07 00:00:00",60,13.25,16.92,64,154.9,155,159,36593,1.3,0.75,5610,43328,0,0,60,28176,0.158,12037,-83,13,44.0436,-68.89223,7,0.071,1
"2026-07-07 01:00:00",61,13.26,16.91,64,116,116,160,36593,1.3,0.75,5610,44048,0,0,61,28176,85.6,12122,-85,4,44.04359,-68.89224,6,0.071,1
"2026-07-07 02:00:00",62,13.24,16.84,64,98,98,160,36593,1.3,0.75,5610,44768,0,0,62,28176,171.6,12208,-87,4,44.04362,-68.89229,6,0.071,1
"2026-07-07 03:00:00",63,13.21,16.84,64,72.01,81,159,36593,1.3,0.75,5610,45488,0,0,63,28176,257.2,12294,-85,4,44.04364,-68.89227,7,0.061,1
"2026-07-07 04:00:00",64,13.23,16.59,65,81.1,125,160,36593,1.3,0.75,5610,46208,0,0,64,28176,345.6,12382,-85,4,44.04356,-68.89223,6,0.061,1
"2026-07-07 05:00:00",65,13.26,16.8,64,125,125,159,36593,1.3,0.75,5610,46928,0,0,65,28176,434.1,12471,-83,4,44.04358,-68.89222,6,0.054,1
"2026-07-07 06:00:00",66,13.26,17,64,91.9,92,166,36593,1.3,0.75,5610,47648,0,0,66,28176,519,12556,-87,4,44.0436,-68.8922,4,0.054,1
"2026-07-07 07:00:00",67,13.24,17.17,63,34.97,35,160,36593,1.3,0.75,5610,48368,0,0,67,28176,604,12641,-83,4,44.04354,-68.89221,4,0.054,1
"2026-07-07 08:00:00",68,13.31,17.68,64,15.06,57,160,36593,1.3,0.75,5610,49088,0,0,68,28176,705.7,12742,-83,13,44.0436,-68.89221,4,0.055,1
"2026-07-07 09:00:00",69,13.36,18.28,63,56.9,57,166,36593,1.3,0.75,5610,49808,0,0,69,28176,811,12847,-81,4,44.04357,-68.8922,5,0.055,1
"2026-07-07 10:00:00",70,13.53,20.27,62,-16.19,-16,160,36593,1.3,0.75,5610,50528,0,0,70,28176,900,12937,-83,4,44.04357,-68.89223,4,0.059,1
"2026-07-07 11:00:00",71,13.52,23.24,60,-153,-121,159,36593,1.3,0.75,5610,51248,0,0,71,28176,993,13030,-83,13,44.04357,-68.89227,4,0.061,1
"2026-07-07 12:00:00",72,13.73,24.41,60,-120.8,21,159,36593,1.3,0.75,5610,51968,0,0,72,28176,1076,13113,-85,13,44.04363,-68.89225,4,0.061,1
"2026-07-07 13:00:00",73,13.64,25.5,60,20.96,21,167,36593,1.3,0.75,5610,52688,0,0,73,28176,1173,13209,-81,13,44.04359,-68.89224,4,0.059,1
"2026-07-07 14:00:00",74,13.59,24.95,61,-8.99,1,160,36593,1.3,0.75,5610,53408,0,0,74,28176,1273,13309,-83,4,44.04361,-68.89223,5,0.059,1
"2026-07-07 15:00:00",75,13.59,26.09,59,1.024,18,159,36593,1.3,0.75,5610,54128,0,0,75,28176,1361,13398,-79,4,44.04357,-68.8922,5,0.057,1
"2026-07-07 16:00:00",76,13.61,23.41,62,18.04,48,160,36593,1.3,0.75,5610,54848,0,0,76,28176,1439,13475,-81,4,44.04358,-68.89223,6,0.057,1
"2026-07-07 17:00:00",77,13.64,23.01,61,47.94,48,159,36593,1.3,0.75,5610,55568,0,0,77,28176,1529,13565,-79,4,44.04351,-68.8922,4,0.049,1
"2026-07-07 18:00:00",78,13.66,21.56,62,3.069,53,166,36593,1.3,0.75,5610,56288,0,0,78,28176,1616,13653,-81,4,44.04358,-68.89224,4,0.049,1
"2026-07-07 19:00:00",79,13.67,21.25,63,52.95,53,159,36593,1.3,0.75,5610,57008,0,0,79,28176,1707,13743,-79,13,44.04358,-68.89222,5,0.049,1
"2026-07-07 20:00:00",80,13.41,20.31,64,17.04,43,159,36593,1.3,0.75,5610,57728,0,0,80,28176,1800,13836,-83,13,44.04357,-68.89221,4,0.049,1
"2026-07-07 21:00:00",81,13.29,18.93,64,43.03,61,160,36593,1.3,0.75,5610,58448,0,0,81,28176,1892,13928,-85,13,44.04356,-68.8922,5,0.028,1
"2026-07-07 22:00:00",82,13.26,18.42,64,61,61,166,36593,1.3,0.75,5610,59168,0,0,82,28176,1981,14018,-85,4,44.04357,-68.8922,5,0.027,1
"2026-07-07 23:00:00",83,13.27,18.06,64,58,58,160,36593,1.3,0.75,5610,59888,0,0,83,28176,2071,14107,-83,4,44.04354,-68.89223,4,0.026,1
"2026-07-08 00:00:00",84,13.25,17.46,65,56.03,80,159,36593,1.3,0.75,5610,60608,0,0,84,28176,0.159,14190,-83,13,44.04358,-68.89223,4,0.026,1
"2026-07-08 01:00:00",85,13.27,17.6,65,80,103,166,36593,1.3,0.75,5610,61328,0,0,85,28176,70.01,14260,-81,13,44.04359,-68.89223,6,0.026,1
"2026-07-08 02:00:00",86,13.27,17.45,65,103,103,160,36593,1.3,0.75,5610,62048,0,0,86,28176,148.5,14338,-83,13,44.0436,-68.89221,4,0.018,1
"2026-07-08 03:00:00",87,13.26,17.55,65,79.06,119,167,36593,1.3,0.75,5610,62768,0,0,87,28176,229.5,14419,-81,4,44.04363,-68.89224,6,0.018,1
"2026-07-08 04:00:00",88,13.26,17.47,65,119,119,160,36593,1.3,0.75,5610,63488,0,0,88,28176,304.8,14495,-77,13,44.04359,-68.89224,5,0.014,1
"2026-07-08 05:00:00",89,13.26,17.62,65,83,117,160,36593,1.3,0.75,5610,64208,0,0,89,28176,381.5,14571,-79,4,44.04359,-68.89222,5,0.014,1
"2026-07-08 06:00:00",90,13.26,17.8,65,116.9,117,159,36593,1.3,0.75,5610,64928,0,0,90,28176,454.3,14644,-83,4,44.04356,-68.8922,8,0.014,1
"2026-07-08 07:00:00",91,13.35,18.51,64,64.88,65,160,36593,1.3,0.75,5610,65648,0,0,91,28176,557.4,14747,-83,4,44.04357,-68.89224,4,0.014,1
"2026-07-08 08:00:00",92,13.55,21.85,62,-25.22,-25,159,36593,1.3,0.75,5610,66368,0,0,92,28176,627.1,14817,-81,13,44.04359,-68.89225,4,0.005,1
"2026-07-08 09:00:00",93,13.54,23.79,61,-184.9,-96,167,36593,1.3,0.75,5610,67088,0,0,93,28176,699.9,14890,-79,13,44.04342,-68.89228,5,0.005,1
"2026-07-08 10:00:00",94,13.59,25.14,61,-95.8,24,160,36593,1.3,0.75,5610,67808,0,0,94,28176,794.3,14984,-83,4,44.04358,-68.8922,4,0.003,1
"2026-07-08 11:00:00",95,13.59,26.59,60,23.98,24,159,36593,1.3,0.75,5610,68528,0,0,95,28176,886,15076,-83,13,44.04357,-68.89219,4,0.004,1
"2026-07-08 12:00:00",96,13.59,25.02,60,12.04,38,160,36593,1.3,0.75,5610,69248,0,0,96,28176,973,15163,-81,13,44.04379,-68.89225,4,0.004,1
"2026-07-08 13:00:00",97,13.59,25.92,61,37.95,38,166,36593,1.3,0.75,5610,69968,0,0,97,28176,1063,15253,-83,4,44.04359,-68.89223,5,0.004,1
"2026-07-08 14:00:00",98,13.58,26.69,61,0.033,24,160,36593,1.3,0.75,5610,70688,0,0,98,28176,1159,15349,-81,4,44.04351,-68.89218,4,0.004,1
"2026-07-08 15:00:00",99,13.59,26.16,60,23.96,24,159,36593,1.3,0.75,5610,71408,0,0,99,28176,1258,15448,-77,13,44.04358,-68.89221,6,0.004,1
"2026-07-08 16:00:00",100,13.59,26.84,60,-2.992,3,160,36593,1.3,0.75,5610,72128,0,0,100,28176,1345,15535,-77,4,44.04359,-68.89222,4,-0.012,1
"2026-07-08 17:00:00",101,13.59,26.79,59,3.003,5,160,36593,1.3,0.75,5610,72848,0,0,101,28176,1431,15621,-81,13,44.04363,-68.89218,4,-0.012,1
"2026-07-08 18:00:00",102,13.58,25.93,60,5.004,8,160,36593,1.3,0.75,5610,73568,0,0,102,28176,1514,15704,-79,13,44.04363,-68.89218,4,-0.012,1
"2026-07-08 19:00:00",103,13.61,25.53,60,7.996,8,160,36593,1.3,0.75,5610,74288,0,0,103,28176,1606,15796,-77,13,44.04357,-68.89217,5,-0.012,1
"2026-07-08 20:00:00",104,13.59,22.15,62,5.047,39,159,36593,1.3,0.75,5610,75008,0,0,104,28176,1698,15888,-81,4,44.04353,-68.8922,5,-0.039,1
"2026-07-08 21:00:00",105,13.35,19,64,39.11,116,159,36593,1.3,0.75,5610,75728,0,0,105,28176,1792,15982,-79,4,44.04357,-68.8922,4,-0.039,1
"2026-07-08 22:00:00",106,13.28,18.59,64,116,116,160,36593,1.3,0.75,5610,76448,0,0,106,28176,1891,16081,-79,4,44.04356,-68.8922,4,-0.042,1
"2026-07-08 23:00:00",107,13.27,18.1,65,97,97,160,36593,1.3,0.75,5610,77168,0,0,107,28176,1991,16181,-77,4,44.04364,-68.8922,5,-0.042,1
"2026-07-09 00:00:00",108,13.27,18.09,65,74,74,166,36593,1.3,0.75,5610,77888,0,0,108,28176,0.01,16275,-87,4,44.0436,-68.89221,6,-0.042,1
"2026-07-09 01:00:00",109,13.27,17.73,65,74.07,125,159,36593,1.3,0.75,5610,78608,0,0,109,28176,92,16367,-85,4,44.0436,-68.89223,5,-0.042,1
"2026-07-09 02:00:00",110,13.26,17.88,65,124.9,125,159,36593,1.3,0.75,5610,79328,0,0,110,28176,183.7,16459,-81,13,44.04359,-68.89223,5,-0.049,1
"2026-07-09 03:00:00",111,13.26,18.15,65,87,89,166,36593,1.3,0.75,5610,80048,0,0,111,28176,279.1,16555,-83,4,"NAN","NAN",4,-0.055,1
"2026-07-09 04:00:00",112,13.27,18.3,66,89,110,159,36593,1.3,0.75,5610,80768,0,0,112,28176,373.3,16649,-83,13,44.0436,-68.89227,5,-0.055,1
"2026-07-09 05:00:00",113,13.25,18.21,66,109.9,110,159,36593,1.3,0.75,5610,81488,0,0,113,28176,458,16733,-79,13,44.04362,-68.89223,5,-0.057,1
"2026-07-09 06:00:00",114,13.42,19.27,65,69.85,70,167,36593,1.3,0.75,5610,82208,0,0,114,28176,546.8,16822,-79,13,44.04358,-68.89221,5,-0.057,1
"2026-07-09 07:00:00",115,13.55,21.76,63,-37.12,-37,159,36593,1.3,0.75,5610,82928,0,0,115,28176,630.9,16906,-83,4,44.04356,-68.8922,4,-0.059,1
"2026-07-09 08:00:00",116,13.79,22.39,62,-120.1,-120,166,36593,1.3,0.75,5610,83648,0,0,116,28176,727.9,17003,-83,4,44.04349,-68.89217,4,-0.059,1
"2026-07-09 09:00:00",117,13.65,23.88,62,-158.7,27,167,36593,1.3,0.75,5610,84368,0,0,117,28176,826,17102,-81,4,44.04351,-68.89224,4,-0.061,1
"2026-07-09 10:00:00",118,13.64,24.2,62,26.97,27,160,36593,1.3,0.75,5610,85088,0,0,118,28176,921,17196,-79,13,"NAN","NAN",4,-0.061,1
"2026-07-09 11:00:00",119,13.6,26.52,60,4.065,51,160,36593,1.3,0.75,5610,85808,0,0,119,28176,1011,17286,-79,13,44.04356,-68.89219,5,-0.061,1
"2026-07-09 12:00:00",120,13.58,25.51,61,50.97,51,160,36593,1.3,0.75,5610,86528,0,0,120,28176,1104,17379,-79,13,44.04359,-68.89219,4,-0.061,1
"2026-07-09 13:00:00",121,13.63,24.63,62,28.97,29,160,36593,1.3,0.75,5610,87248,0,0,121,28176,1192,17467,-87,4,44.04358,-68.89223,4,-0.068,1
"2026-07-09 14:00:00",122,13.65,24.96,62,6.008,12,160,36593,1.3,0.75,5610,87968,0,0,122,28176,1274,17549,-81,13,44.04356,-68.89225,4,-0.068,1
"2026-07-09 15:00:00",123,13.61,24.04,62,12,15,159,36593,1.3,0.75,5610,88688,0,0,123,28176,1352,17627,-77,13,44.04358,-68.89224,4,-0.075,1
"2026-07-09 16:00:00",124,13.62,25.21,61,14.99,15,160,36593,1.3,0.75,5610,89408,0,0,124,28176,1441,17717,-79,13,44.04361,-68.89223,4,-0.075,1
"2026-07-09 17:00:00",125,13.6,26.88,61,6.024,23,160,36593,1.3,0.75,5610,90128,0,0,125,28176,1524,17799,-77,13,44.04369,-68.89224,4,-0.075,1
"2026-07-09 18:00:00",126,13.57,27.38,60,22.99,23,160,36593,1.3,0.75,5610,90848,0,0,126,28176,1606,17881,-87,4,44.0436,-68.89222,4,-0.075,1
"2026-07-09 19:00:00",127,13.56,26.79,61,12.98,13,160,36593,1.3,0.75,5610,91568,0,0,127,28176,1690,17965,-81,4,"NAN","NAN",4,-0.086,1
"2026-07-09 20:00:00",128,13.46,23.32,64,-0.924,54,166,36593,1.3,0.75,5610,92288,0,0,128,28176,1775,18051,-83,4,44.04354,-68.8922,4,-0.086,1
"2026-07-09 21:00:00",129,13.32,21.77,65,54.03,79,159,36593,1.3,0.75,5610,93008,0,0,129,28176,1859,18134,-83,13,44.04358,-68.89223,6,-0.086,1
"2026-07-09 22:00:00",130,13.28,21.57,65,78.99,79,166,36593,1.3,0.75,5610,93728,0,0,130,28176,1957,18232,-79,13,44.04354,-68.89219,4,-0.086,1
"2026-07-09 23:00:00",131,13.27,20.93,65,73.97,74,159,36593,1.3,0.75,5610,94448,0,0,131,28176,2051,18326,-81,13,44.04356,-68.8922,4,-0.094,1
"2026-07-10 00:00:00",132,13.27,19.79,65,51.09,119,159,36593,1.3,0.75,5610,95168,0,0,132,28176,0.011,18419,-85,13,44.04357,-68.89223,7,-0.094,1
"2026-07-10 01:00:00",133,13.25,19.52,66,118.9,119,166,36593,1.3,0.75,5610,95888,0,0,133,28176,90.5,18510,-81,4,"NAN","NAN",4,-0.096,1
"2026-07-10 02:00:00",134,13.27,19.2,66,69.98,70,166,36593,1.3,0.75,5610,96608,0,0,134,28176,182.4,18602,-83,13,44.04357,-68.89225,4,-0.097,1
"2026-07-10 03:00:00",135,13.27,18.35,66,57.05,93,160,36593,1.3,0.75,5610,97328,0,0,135,28176,276.3,18695,-85,13,44.04356,-68.8923,5,-0.101,1
"2026-07-10 04:00:00",136,13.26,18.11,65,93,113,160,36593,1.3,0.75,5610,98048,0,0,136,28176,370.3,18789,-81,13,44.0436,-68.89227,4,-0.101,1
"2026-07-10 05:00:00",137,13.26,17.97,66,113,113,159,36593,1.3,0.75,5610,98768,0,0,137,28176,464.4,18883,-81,13,44.04358,-68.8923,5,-0.101,1
"2026-07-10 06:00:00",138,13.28,18.08,66,77.95,78,159,36593,1.3,0.75,5610,99488,0,0,138,28176,557,18976,-81,13,44.04359,-68.89224,5,-0.101,1
"2026-07-10 07:00:00",139,13.41,19.4,65,39.87,40,160,36593,1.3,0.75,5610,100208,0,0,139,28176,655.8,19075,-81,4,44.04357,-68.89226,5,-0.113,1
"2026-07-10 08:00:00",140,13.36,19.86,65,-53.01,-53,159,36593,1.3,0.75,5610,100928,0,0,140,28176,753.9,19173,-85,4,44.04354,-68.8922,4,-0.113,1
"2026-07-10 09:00:00",141,13.5,24.63,62,-57.09,-57,160,36593,1.3,0.75,5610,101648,0,0,141,28176,854,19273,-85,4,44.04356,-68.89227,5,-0.113,1
"2026-07-10 10:00:00",142,13.6,26.54,62,-118.9,-72,159,36593,1.3,0.75,5610,102368,0,0,142,28176,949,19368,-87,4,44.04346,-68.89224,4,-0.107,1
"2026-07-10 11:00:00",143,13.59,26.92,63,-71.9,2,159,36593,1.3,0.75,5610,103088,0,0,143,28176,1048,19467,-81,4,44.04356,-68.8922,4,-0.103,1
"2026-07-10 12:00:00",144,13.59,26.97,64,1.979,2,159,36593,1.3,0.75,5610,103808,0,0,144,28176,1141,19560,-81,4,44.04356,-68.89223,4,-0.103,1
"2026-07-10 13:00:00",145,13.59,27.09,64,-13.01,-13,159,36593,1.3,0.75,5610,104528,0,0,145,28176,1240,19659,-87,4,44.04359,-68.89227,4,-0.1,1
"2026-07-10 14:00:00",146,13.59,27.07,65,-19.01,-19,160,36593,1.3,0.75,5610,105248,0,0,146,28176,1335,19754,-77,4,44.04356,-68.89228,5,-0.099,1
"2026-07-10 15:00:00",147,13.59,26.83,64,-28.98,-15,167,36593,1.3,0.75,5610,105968,0,0,147,28176,1435,19854,-85,4,44.04361,-68.89229,5,-0.092,1
"2026-07-10 16:00:00",148,13.56,28.63,63,-14.95,19,159,36593,1.3,0.75,5610,106688,0,0,148,28176,1533,19952,-81,13,44.04359,-68.89227,5,-0.092,1
"2026-07-10 17:00:00",149,13.57,26.64,63,18.98,19,159,36593,1.3,0.75,5610,107408,0,0,149,28176,1632,20051,-79,13,44.04363,-68.89221,5,-0.092,1
"2026-07-10 18:00:00",150,13.54,26.73,62,7.011,15,160,36593,1.3,0.75,5610,108128,0,0,150,28176,1734,20153,-77,13,44.04354,-68.89223,4,-0.092,1
"2026-07-10 19:00:00",151,13.55,25.62,62,14.99,15,167,36593,1.3,0.75,5610,108848,0,0,151,28176,1844,20263,-83,4,44.04359,-68.89226,5,-0.085,1
"2026-07-10 20:00:00",152,13.61,24,62,11.12,97,159,36593,1.3,0.75,5610,109568,0,0,152,28176,1959,20378,-79,13,44.04359,-68.89223,5,-0.085,1
"2026-07-10 21:00:00",153,13.36,19.64,65,96.9,97,160,36593,1.3,0.75,5610,110288,0,0,153,28176,2066,20485,-81,4,44.04358,-68.89221,4,-0.082,1
"2026-07-10 22:00:00",154,13.28,19.01,65,51.99,52,159,36593,1.3,0.75,5610,111008,0,0,154,28176,2176,20595,-85,4,44.04353,-68.89223,5,-0.082,1
"2026-07-10 23:00:00",155,13.27,18.51,66,44.01,48,167,36593,1.3,0.75,5610,111728,0,0,155,28176,2280,20699,-83,4,44.04356,-68.89221,4,-0.071,1
"2026-07-11 00:00:00",156,13.27,18.32,66,48.03,71,159,36593,1.3,0.75,5610,112448,0,0,156,28176,0.076,20809,-79,4,44.04362,-68.89222,4,-0.066,1
"2026-07-11 01:00:00",157,13.25,18.22,66,70.95,71,160,36593,1.3,0.75,5610,113168,0,0,157,28176,105.5,20914,-85,4,44.0436,-68.89225,6,-0.061,1
"2026-07-11 02:00:00",158,13.25,18.38,66,32.05,70,159,36593,1.3,0.75,5610,113888,0,0,158,28176,211,21020,-83,4,44.04356,-68.89225,5,-0.053,1
"2026-07-11 03:00:00",159,13.27,19.53,67,70.07,120,159,36593,1.3,0.75,5610,114608,0,0,159,28176,310.8,21120,-79,13,44.04356,-68.89224,5,-0.052,1
"2026-07-11 04:00:00",160,13.27,19.36,67,119.9,120,166,36593,1.3,0.75,5610,115328,0,0,160,28176,409.1,21218,-79,13,44.04356,-68.89224,4,-0.052,1
"2026-07-11 05:00:00",161,13.26,18.89,67,68.99,69,166,36593,1.3,0.75,5610,116048,0,0,161,28176,506.4,21315,-81,13,44.04352,-68.89232,5,-0.046,1
"2026-07-11 06:00:00",162,13.35,19.88,65,61.98,62,159,36593,1.3,0.75,5610,116768,0,0,162,28176,595.5,21404,-79,4,44.04359,-68.8923,5,-0.042,1
"2026-07-11 07:00:00",163,13.44,23.41,64,48.86,49,159,36593,1.3,0.75,5610,117488,0,0,163,28176,685.5,21494,-79,4,44.04358,-68.89229,4,-0.037,1
"2026-07-11 08:00:00",164,13.54,23.7,64,-54.24,-54,159,36593,1.3,0.75,5610,118208,0,0,164,28176,778.2,21587,-85,4,44.04358,-68.89225,5,-0.03,1
"2026-07-11 09:00:00",165,13.63,24.87,62,-226.7,23,160,36593,1.3,0.75,5610,118928,0,0,165,28176,873,21681,-83,4,44.04357,-68.89224,5,-0.026,1
"2026-07-11 10:00:00",166,13.62,25.38,63,22.93,23,160,36593,1.3,0.75,5610,119648,0,0,166,28176,961,21770,-81,4,44.04354,-68.89223,5,-0.018,1
"2026-07-11 11:00:00",167,13.6,25.5,63,-24,-24,159,36593,1.3,0.75,5610,120368,0,0,167,28176,1058,21867,-81,4,44.04351,-68.89219,5,-0.018,1
"2026-07-11 12:00:00",168,13.6,26.29,63,-24.99,-18,166,36593,1.3,0.75,5610,121088,0,0,168,28176,1156,21965,-85,4,44.04356,-68.89222,5,-0.013,1
"2026-07-11 13:00:00",169,13.58,25.96,64,-17.98,-7,159,36593,1.3,0.75,5610,121808,0,0,169,28176,1251,22059,-81,4,44.04358,-68.89223,4,-0.013,1
"2026-07-11 14:00:00",170,13.62,26.01,67,-7.006,-7,159,36593,1.3,0.75,5610,122528,0,0,170,28176,1347,22156,-81,4,44.04365,-68.89227,4,-0.013,1
"2026-07-11 15:00:00",171,13.59,27.15,62,-10.94,32,160,36593,1.3,0.75,5610,123248,0,0,171,28176,1440,22249,-81,4,44.04358,-68.89222,4,-0.013,1
"2026-07-11 16:00:00",172,13.59,25.93,61,32,34,160,36593,1.3,0.75,5610,123968,0,0,172,28176,1535,22344,-81,4,44.04358,-68.89223,6,-0.013,1
"2026-07-11 17:00:00",173,13.59,23.84,63,33.99,34,160,36593,1.3,0.75,5610,124688,0,0,173,28176,1630,22439,-79,4,44.0436,-68.89225,5,-0.013,1
"2026-07-11 18:00:00",174,13.61,23.71,63,28.96,29,159,36593,1.3,0.75,5610,125408,0,0,174,28176,1720,22529,-77,13,44.04363,-68.89228,5,-0.013,1
"2026-07-11 19:00:00",175,13.66,22.2,64,2.039,30,159,36593,1.3,0.75,5610,126128,0,0,175,28176,1824,22633,-85,4,44.04362,-68.8922,4,-0.013,1
"2026-07-11 20:00:00",176,13.58,20.12,65,30.03,52,166,36593,1.3,0.75,5610,126848,0,0,176,28176,1911,22720,-73,13,44.04359,-68.89223,5,-0.009,1
"2026-07-11 21:00:00",177,13.35,19.01,66,52.02,68,160,36593,1.3,0.75,5610,127568,0,0,177,28176,2016,22825,-75,13,44.04356,-68.89223,4,-0.009,1
"2026-07-11 22:00:00",178,13.26,18.31,67,68,68,159,36593,1.3,0.75,5610,128288,0,0,178,28176,2116,22925,-79,4,44.04356,-68.89219,4,-0.008,1
"2026-07-11 23:00:00",179,13.27,17.9,67,67.04,95,160,36593,1.3,0.75,5610,129008,0,0,179,28176,2213,23022,-83,4,44.04356,-68.8922,7,0.001,1
"2026-07-12 00:00:00",180,13.27,17.16,67,94.9,95,167,36593,1.3,0.75,5610,129728,0,0,180,28176,0.072,23113,-85,4,44.04354,-68.8922,7,0.011,1
"2026-07-12 01:00:00",181,13.26,17.38,67,47.98,48,160,36593,1.3,0.75,5610,130448,0,0,181,28176,103.9,23217,-83,4,44.04356,-68.89223,4,0.011,1
"2026-07-12 02:00:00",182,13.26,17.31,67,37.08,94,160,36593,1.3,0.75,5610,131168,0,0,182,28176,197.8,23310,-77,4,44.0436,-68.89223,5,0.015,1
"2026-07-12 03:00:00",183,13.26,17.3,67,94,94,166,36593,1.3,0.75,5610,131888,0,0,183,28176,293.5,23406,-87,4,44.04356,-68.89223,6,0.015,1
"2026-07-12 04:00:00",184,13.24,17.41,66,64,65,160,36593,1.3,0.75,5610,132608,0,0,184,28176,384.3,23497,-77,13,44.04354,-68.8922,6,0.02,1
"2026-07-12 05:00:00",185,13.26,16.59,67,65,67,160,36593,1.3,0.75,5610,133328,0,0,185,28176,468.6,23581,-83,13,44.04356,-68.89225,4,0.02,1
"2026-07-12 06:00:00",186,13.46,19.49,64,66.78,67,166,36593,1.3,0.75,5610,134048,0,0,186,28176,561.7,23674,-81,13,44.04354,-68.89223,5,0.027,1
"2026-07-12 07:00:00",187,13.56,22.46,64,-88.9,-7,159,36593,1.3,0.75,5610,134768,0,0,187,28176,649.4,23762,-85,4,44.0436,-68.89231,6,0.028,1
"2026-07-12 08:00:00",188,13.51,24.63,63,-7.094,-7,159,36593,1.3,0.75,5610,135488,0,0,188,28176,737.7,23850,-83,4,44.04361,-68.89228,5,0.039,1
"2026-07-12 09:00:00",189,13.62,24.26,64,-74.85,31,159,36593,1.3,0.75,5610,136208,0,0,189,28176,822,23934,-81,4,44.04359,-68.89228,4,0.04,1
"2026-07-12 10:00:00",190,13.62,25.72,63,30.9,31,159,36593,1.3,0.75,5610,136928,0,0,190,28176,910,24023,-79,4,44.04358,-68.89225,5,0.05,1
"2026-07-12 11:00:00",191,13.62,26.28,63,-39.95,-7,160,36593,1.3,0.75,5610,137648,0,0,191,28176,991,24104,-77,4,44.04354,-68.89223,4,0.05,1
"2026-07-12 12:00:00",192,13.59,25.6,64,-7.032,-7,166,36593,1.3,0.75,5610,138368,0,0,192,28176,1075,24188,-85,4,44.04356,-68.89223,5,0.054,1
"2026-07-12 13:00:00",193,13.62,26.14,64,-29.99,-24,160,36593,1.3,0.75,5610,139088,0,0,193,28176,1169,24282,-77,4,44.04357,-68.89221,6,0.054,1
"2026-07-12 14:00:00",194,13.54,26.2,65,-23.99,-14,159,36593,1.3,0.75,5610,139808,0,0,194,28176,1259,24371,-81,4,44.04357,-68.89221,5,0.054,1
"2026-07-12 15:00:00",195,13.58,26.52,62,-13.98,-2,159,36593,1.3,0.75,5610,140528,0,0,195,28176,1347,24460,-85,4,44.04357,-68.89224,5,0.058,1
"2026-07-12 16:00:00",196,13.58,26.38,61,-1.954,31,160,36593,1.3,0.75,5610,141248,0,0,196,28176,1449,24562,-81,4,44.04354,-68.89224,4,0.058,1
"2026-07-12 17:00:00",197,13.59,25.25,61,30.96,31,159,36593,1.3,0.75,5610,141968,0,0,197,28176,1549,24662,-81,4,44.04358,-68.89222,5,0.058,1
"2026-07-12 18:00:00",198,13.61,23.58,63,2.993,3,160,36593,1.3,0.75,5610,142688,0,0,198,28176,1652,24765,-83,4,44.04364,-68.8923,4,0.058,1
"2026-07-12 19:00:00",199,13.61,23.8,63,-1.988,7,160,36593,1.3,0.75,5610,143408,0,0,199,28176,1760,24873,-77,4,44.0436,-68.89224,4,0.058,1
"2026-07-12 20:00:00",200,13.64,22.02,64,7.018,20,160,36593,1.3,0.75,5610,144128,0,0,200,28176,1863,24976,-79,4,44.0436,-68.89224,4,0.058,1
"2026-07-12 21:00:00",201,13.36,19.59,66,20.09,86,160,36593,1.3,0.75,5610,144848,0,0,201,28176,1965,25077,-75,4,44.04356,-68.89223,5,0.056,1
"2026-07-12 22:00:00",202,13.28,19.19,66,86,113,160,36593,1.3,0.75,5610,145568,0,0,202,28176,2185,25298,-79,4,44.04358,-68.8922,4,0.054,1
"2026-07-12 23:00:00",203,13.25,18.93,67,113,113,159,36593,1.3,0.75,5610,146288,0,0,203,28176,2290,25403,-77,13,44.04352,-68.89223,5,0.054,1
"2026-07-13 00:00:00",204,13.25,18.54,67,89,89,167,36593,1.3,0.75,5610,147008,0,0,204,28176,0.062,25515,-81,13,44.04354,-68.8922,4,0.056,1
"2026-07-13 01:00:00",205,13.26,17.69,68,72.03,91,160,36593,1.3,0.75,5610,147728,0,0,205,28176,104.6,25620,-79,13,44.04351,-68.89218,4,0.06,1
"2026-07-13 02:00:00",206,13.27,17.56,67,91,91,160,36593,1.3,0.75,5610,148448,0,0,206,28176,209.7,25725,-79,13,44.04351,-68.89218,4,0.06,1
"2026-07-13 03:00:00",207,13.26,17.39,67,83,111,165,36593,1.3,0.75,5610,149168,0,0,207,28176,313.2,25828,-87,4,44.04359,-68.89219,4,0.06,1
"2026-07-13 04:00:00",208,13.26,17.59,67,111,111,160,36593,1.3,0.75,5610,149888,0,0,208,28176,407.5,25922,-79,13,44.04356,-68.89224,5,0.06,1
"2026-07-13 05:00:00",209,13.26,18.33,67,106,106,159,36593,1.3,0.75,5610,150608,0,0,209,28176,497.4,26012,-79,13,44.04357,-68.89223,5,0.054,1
"2026-07-13 06:00:00",210,13.3,18.5,67,78.02,89,160,36593,1.3,0.75,5610,151328,0,0,210,28176,598.4,26113,-81,4,44.04361,-68.89223,5,0.054,1
"2026-07-13 07:00:00",211,13.44,20.69,65,88.8,89,159,36593,1.3,0.75,5610,152048,0,0,211,28176,691.8,26207,-79,4,44.04359,-68.89224,4,0.052,1
"2026-07-13 08:00:00",212,13.48,22.02,64,-65.96,-39,159,36593,1.3,0.75,5610,152768,0,0,212,28176,780.4,26295,-81,4,44.04364,-68.8923,4,0.052,1
"2026-07-13 09:00:00",213,13.53,22.76,63,-39.07,-39,159,36593,1.3,0.75,5610,153488,0,0,213,28176,876,26391,-77,4,44.04359,-68.89223,5,0.052,1
"2026-07-13 10:00:00",214,13.61,23.01,64,-87.8,30,159,36593,1.3,0.75,5610,154208,0,0,214,28176,972,26487,-51,4,44.04354,-68.89219,4,0.053,1
"2026-07-13 11:00:00",215,13.61,23.78,62,29.94,30,160,36593,1.3,0.75,5610,154928,0,0,215,28176,1068,26583,-85,4,44.04359,-68.8922,4,0.053,1
"2026-07-13 12:00:00",216,13.62,23.88,62,-10.99,-6,159,36593,1.3,0.75,5610,155648,0,0,216,28176,1159,26674,-65,4,44.04359,-68.89223,4,0.053,1
"2026-07-13 13:00:00",217,13.61,23.43,62,-5.978,10,160,36593,1.3,0.75,5610,156368,0,0,217,28176,1260,26775,-73,4,44.04357,-68.89219,6,0.046,1
"2026-07-13 14:00:00",218,13.61,23.9,63,9.98,10,159,36593,1.3,0.75,5610,157088,0,0,218,28176,1355,26870,-83,13,44.04354,-68.8922,4,0.046,1
"2026-07-13 15:00:00",219,13.61,24.69,62,-0.99,6,159,36593,1.3,0.75,5610,157808,0,0,219,28176,1448,26963,-85,4,44.04359,-68.89227,4,0.046,1
"2026-07-13 16:00:00",220,13.62,24.8,62,6.015,17,159,36593,1.3,0.75,5610,158528,0,0,220,28176,1540,27055,-85,4,44.04359,-68.8922,5,0.046,1
"2026-07-13 17:00:00",221,13.62,24.16,63,17,19,159,36593,1.3,0.75,5610,159248,0,0,221,28176,1635,27150,-85,4,44.0436,-68.8922,5,0.038,1
"2026-07-13 18:00:00",222,13.61,24.45,64,18.97,19,159,36593,1.3,0.75,5610,159968,0,0,222,28176,1728,27243,-79,4,44.04359,-68.89223,4,0.038,1
"2026-07-13 19:00:00",223,13.62,21.82,64,0.054,39,159,36593,1.3,0.75,5610,160688,0,0,223,28176,1824,27339,-83,4,44.0436,-68.89228,4,0.021,1
"2026-07-13 20:00:00",224,13.43,19.61,66,39.07,90,159,36593,1.3,0.75,5610,161408,0,0,224,28176,1927,27442,-83,4,44.04363,-68.89233,4,0.021,1
"2026-07-13 21:00:00",225,13.28,19.47,64,90,90,160,36593,1.3,0.75,5610,162128,0,0,225,28176,2028,27543,-77,13,44.04358,-68.89226,4,0.012,1
"2026-07-13 22:00:00",226,13.26,19.78,64,55.05,93,159,36593,1.3,0.75,5610,162848,0,0,226,28176,2128,27643,-85,4,44.04362,-68.8922,4,0.012,1
"2026-07-13 23:00:00",227,13.26,18.95,65,93,93,160,36593,1.3,0.75,5610,163568,0,0,227,28176,2226,27741,-77,13,"NAN","NAN",4,0.002,1
"2026-07-14 00:00:00",228,13.27,19.31,67,69.02,82,159,36593,1.3,0.75,5610,164288,0,0,228,28176,0.061,27846,-83,4,"NAN","NAN",4,0.002,1
"2026-07-14 01:00:00",229,13.27,19.31,68,82,98,160,36593,1.3,0.75,5610,165008,0,0,229,28176,95.8,27943,-83,13,44.04358,-68.89218,5,0,1
"2026-07-14 02:00:00",230,13.27,18.66,67,98,98,159,36593,1.3,0.75,5610,165728,0,0,230,28176,197.6,28046,-85,4,44.04358,-68.89219,4,0,1
"2026-07-14 03:00:00",231,13.26,19.58,67,88,89,159,36593,1.3,0.75,5610,166448,0,0,231,28176,293,28142,-85,4,"NAN","NAN",4,0,1
"2026-07-14 04:00:00",232,13.27,19.06,67,89,101,166,36593,1.3,0.75,5610,167168,0,0,232,28176,379,28229,-83,13,44.04354,-68.89223,5,0,1
"2026-07-14 05:00:00",233,13.24,18.83,67,101,101,159,36593,1.3,0.75,5610,167888,0,0,233,28176,472.3,28323,-81,13,44.04353,-68.89221,5,-0.03,1
"2026-07-14 06:00:00",234,13.43,19.65,66,77.78,78,160,36593,1.3,0.75,5610,168608,0,0,234,28176,563.6,28415,-87,4,"NAN","NAN",4,-0.03,1
"2026-07-14 07:00:00",235,13.47,21.48,65,-79.98,-66,160,36593,1.3,0.75,5610,169328,0,0,235,28176,655.5,28508,-87,4,44.04356,-68.89223,4,-0.031,1
"2026-07-14 08:00:00",236,13.48,22.19,65,-65.94,-23,160,36593,1.3,0.75,5610,170048,0,0,236,28176,744.6,28598,-85,4,44.04359,-68.89219,5,-0.031,1
"2026-07-14 09:00:00",237,13.55,23.31,64,-23.11,-23,160,36593,1.3,0.75,5610,170768,0,0,237,28176,837,28692,-81,4,44.04359,-68.8923,5,-0.031,1
"2026-07-14 10:00:00",238,13.66,23.11,64,-98.8,28,159,36593,1.3,0.75,5610,171488,0,0,238,28176,926,28781,-83,4,44.04358,-68.89224,4,-0.031,1
"2026-07-14 11:00:00",239,13.64,22.47,64,27.98,28,160,36593,1.3,0.75,5610,172208,0,0,239,28176,1016,28872,-85,4,44.04349,-68.89226,5,-0.031,1
"2026-07-14 12:00:00",240,13.67,22.97,64,12.97,13,167,36593,1.3,0.75,5610,172928,0,0,240,28176,1120,28976,-75,4,44.0436,-68.89224,5,-0.031,1
"2026-07-14 13:00:00",241,13.65,24.07,62,-8.98,9,159,36593,1.3,0.75,5610,173648,0,0,241,28176,1225,29083,-79,4,"NAN","NAN",4,-0.067,1
"2026-07-14 14:00:00",242,13.63,23.77,63,9.01,17,160,36593,1.3,0.75,5610,174368,0,0,242,28176,1323,29182,-83,4,"NAN","NAN",4,-0.067,1
"2026-07-14 15:00:00",243,13.67,21.77,65,17.02,34,160,36593,1.3,0.75,5610,175088,0,0,243,28176,1432,29291,-79,13,44.04356,-68.89217,4,-0.076,1
"2026-07-14 16:00:00",244,13.7,21.55,65,33.95,34,159,36593,1.3,0.75,5610,175808,0,0,244,28176,1536,29396,-79,13,44.04356,-68.89218,4,-0.076,1
"2026-07-14 17:00:00",245,13.69,20.86,65,-3.96,25,159,36593,1.3,0.75,5610,176528,0,0,245,28176,1637,29498,-79,13,"NAN","NAN",4,-0.079,1
"2026-07-14 18:00:00",246,13.65,19.69,66,25.02,40,159,36593,1.3,0.75,5610,177248,0,0,246,28176,1738,29600,-79,13,44.0436,-68.89223,5,-0.079,1
"2026-07-14 19:00:00",247,13.45,19.15,66,40.04,66,159,36593,1.3,0.75,5610,177968,0,0,247,28176,1836,29699,-75,4,44.04359,-68.89224,4,-0.079,1
"2026-07-14 20:00:00",248,13.3,19.31,65,66.05,104,166,36593,1.3,0.75,5610,178688,0,0,248,28176,1936,29800,-79,13,44.04362,-68.89226,4,-0.079,1
"2026-07-14 21:00:00",249,13.27,19.56,64,104,104,159,36593,1.3,0.75,5610,179408,0,0,249,28176,2037,29903,-85,4,44.04358,-68.89232,5,-0.079,1
"2026-07-14 22:00:00",250,13.25,19.66,65,83,83,160,36593,1.3,0.75,5610,180128,0,0,250,28176,2142,30008,-83,4,44.04356,-68.8923,5,-0.11,1
"2026-07-14 23:00:00",251,13.25,19.03,66,75.99,76,160,36593,1.3,0.75,5610,180848,0,0,251,28176,2240,30107,-85,13,44.04356,-68.8923,5,-0.11,1
"2026-07-15 00:00:00",252,13.27,18.83,67,68.06,111,166,36593,1.3,0.75,5610,181568,0,0,252,28176,0,30214,-81,13,44.04348,-68.89222,4,-0.112,1
"2026-07-15 01:00:00",253,13.27,19,68,111,111,159,36593,1.3,0.75,5610,182288,0,0,253,28176,104.7,30320,-79,13,44.04356,-68.89222,4,-0.112,1
"2026-07-15 02:00:00",254,13.25,18.33,68,75.99,76,160,36593,1.3,0.75,5610,183008,0,0,254,28176,203.5,30420,-81,13,44.04359,-68.8922,5,-0.119,1
"2026-07-15 03:00:00",255,13.26,18.23,68,70.95,71,159,36593,1.3,0.75,5610,183728,0,0,255,28176,311.7,30529,-83,13,44.04356,-68.8922,6,-0.119,1
"2026-07-15 04:00:00",256,13.26,18.59,67,37,39,166,36593,1.3,0.75,5610,184448,0,0,256,28176,422.6,30641,-83,13,"NAN","NAN",5,-0.126,1
"2026-07-15 05:00:00",257,13.25,17.98,68,39.02,51,159,36593,1.3,0.75,5610,185168,0,0,257,28176,525.2,30744,-83,13,44.04356,-68.89219,6,-0.126,1
"2026-07-15 06:00:00",258,13.27,18.65,67,50.98,51,159,36593,1.3,0.75,5610,185888,0,0,258,28176,624.1,30844,-85,4,44.04354,-68.89223,4,-0.126,1
"2026-07-15 07:00:00",259,13.29,18.71,67,35.97,36,160,36593,1.3,0.75,5610,186608,0,0,259,28176,731.4,30952,-87,4,44.04353,-68.89225,5,-0.126,1
"2026-07-15 08:00:00",260,13.36,18.86,67,13.07,60,159,36593,1.3,0.75,5610,187328,0,0,260,28176,832,31054,-79,13,44.04356,-68.89223,4,-0.126,1
"2026-07-15 09:00:00",261,13.4,20.88,66,59.85,60,167,36593,1.3,0.75,5610,188048,0,0,261,28176,929,31152,-83,4,44.04362,-68.89229,5,-0.126,1
"2026-07-15 10:00:00",262,13.45,21.79,66,-50.08,-50,159,36593,1.3,0.75,5610,188768,0,0,262,28176,1022,31246,-83,4,44.04359,-68.89228,4,-0.125,1
"2026-07-15 11:00:00",263,13.6,25.06,64,-109.2,-109,159,36593,1.3,0.75,5610,189488,0,0,263,28176,1125,31350,-83,4,44.04358,-68.89228,5,-0.125,1
"2026-07-15 12:00:00",264,13.6,25.89,64,-243.6,55,160,36593,1.3,0.75,5610,190208,0,0,264,28176,1224,31450,-79,4,44.04357,-68.89225,4,-0.125,1
"2026-07-15 13:00:00",265,13.53,27.38,64,54.89,55,160,36593,1.3,0.75,5610,190928,0,0,265,28176,1324,31551,-81,4,44.04357,-68.89225,4,-0.125,1
"2026-07-15 14:00:00",266,13.59,26.35,63,-25.99,-16,159,36593,1.3,0.75,5610,191648,0,0,266,28176,1427,31655,-83,4,44.04353,-68.89223,4,-0.128,1
"2026-07-15 15:00:00",267,13.58,25.31,63,-16.02,-16,159,36593,1.3,0.75,5610,192368,0,0,267,28176,1534,31763,-85,4,44.04356,-68.8922,4,-0.128,1
"2026-07-15 16:00:00",268,13.59,27.63,62,-32.93,16,160,36593,1.3,0.75,5610,193088,0,0,268,28176,1633,31862,-81,4,44.04352,-68.8922,4,-0.136,1
"2026-07-15 17:00:00",269,13.62,24.86,65,15.94,16,159,36593,1.3,0.75,5610,193808,0,0,269,28176,1739,31970,-77,13,44.04353,-68.89218,4,-0.136,1
"2026-07-15 18:00:00",270,13.58,26.4,64,-26.93,23,159,36593,1.3,0.75,5610,194528,0,0,270,28176,1850,32082,-83,4,44.04348,-68.89223,4,-0.136,1
"2026-07-15 19:00:00",271,13.59,25.41,65,22.94,23,159,36593,1.3,0.75,5610,195248,0,0,271,28176,1969,32202,-79,13,44.04353,-68.89224,4,-0.132,1
"2026-07-15 20:00:00",272,13.6,21.77,67,-19.88,66,159,36593,1.3,0.75,5610,195968,0,0,272,28176,2079,32313,-77,13,44.04359,-68.89234,4,-0.13,1
"2026-07-15 21:00:00",273,13.37,19.56,68,65.99,66,166,36593,1.3,0.75,5610,196688,0,0,273,28176,2203,32438,-81,13,44.04364,-68.89229,5,-0.13,1
"2026-07-15 22:00:00",274,13.27,18.88,68,56.99,57,160,36593,1.3,0.75,5610,197408,0,0,274,28176,2319,32555,-81,4,44.04358,-68.89226,4,-0.121,1
"2026-07-15 23:00:00",275,13.26,19.06,68,49,50,160,36593,1.3,0.75,5610,198128,0,0,275,28176,2429,32666,-83,4,44.04349,-68.89233,4,-0.118,1
"2026-07-16 00:00:00",276,13.27,17.67,68,50.09,114,166,36593,1.3,0.75,5610,198848,0,0,276,28176,0,32784,-83,4,44.04356,-68.89221,4,-0.106,1
"2026-07-16 01:00:00",277,13.27,17.2,68,113.9,114,159,36593,1.3,0.75,5610,199568,0,0,277,28176,116.6,32902,-83,13,44.04356,-68.89223,4,-0.106,1
"2026-07-16 02:00:00",278,13.27,17.85,68,53,53,159,36593,1.3,0.75,5610,200288,0,0,278,28176,252,33039,-85,13,44.04354,-68.89225,4,-0.106,1
"2026-07-16 03:00:00",279,13.25,17.24,69,53.02,65,159,36593,1.3,0.75,5610,201008,0,0,279,28176,360.8,33149,-81,13,44.04356,-68.8922,4,-0.103,1
"2026-07-16 04:00:00",280,13.25,16.99,68,64.99,65,160,36593,1.3,0.75,5610,201728,0,0,280,28176,463.3,33252,-83,4,44.04352,-68.89219,5,-0.101,1
"2026-07-16 05:00:00",281,13.26,17.23,68,58.08,117,159,36593,1.3,0.75,5610,202448,0,0,281,28176,573.6,33363,-83,4,44.04359,-68.8922,4,-0.096,1
"2026-07-16 06:00:00",282,13.38,19.81,66,117,117,160,36593,1.3,0.75,5610,203168,0,0,282,28176,673,33464,-85,4,44.04356,-68.8922,4,-0.096,1
"2026-07-16 07:00:00",283,13.53,21.39,64,89.7,90,159,36593,1.3,0.75,5610,203888,0,0,283,28176,773.7,33566,-83,13,44.0435,-68.89223,4,-0.096,1
"2026-07-16 08:00:00",284,13.58,22.79,65,-135.1,-135,166,36593,1.3,0.75,5610,204608,0,0,284,28176,874,33667,-81,13,44.04352,-68.89219,4,-0.089,1
"2026-07-16 09:00:00",285,13.63,22.33,65,-178.7,26,159,36593,1.3,0.75,5610,205328,0,0,285,28176,983,33777,-85,4,44.04365,-68.8922,4,-0.089,1
"2026-07-16 10:00:00",286,13.66,22.97,64,25.94,26,159,36593,1.3,0.75,5610,206048,0,0,286,28176,1087,33882,-79,4,44.04358,-68.89228,5,-0.089,1
"2026-07-16 11:00:00",287,13.67,23.51,64,-13.99,-7,159,36593,1.3,0.75,5610,206768,0,0,287,28176,1188,33984,-81,4,44.04361,-68.89231,4,-0.092,1
"2026-07-16 12:00:00",288,13.66,20.88,65,-6.999,-6,167,36593,1.3,0.75,5610,207488,0,0,288,28176,1287,34084,-81,4,44.04358,-68.89223,5,-0.092,1
"2026-07-16 13:00:00",289,13.67,22.3,64,-5.983,6,160,36593,1.3,0.75,5610,208208,0,0,289,28176,1377,34175,-79,13,44.04352,-68.89223,4,-0.092,1
"2026-07-16 14:00:00",290,13.66,21.05,63,5.975,6,159,36593,1.3,0.75,5610,208928,0,0,290,28176,1463,34261,-81,13,44.04352,-68.89223,4,-0.092,1
"2026-07-16 15:00:00",291,13.76,19.46,65,-12.02,-12,160,36593,1.3,0.75,5610,209648,0,0,291,28176,1559,34358,-81,4,44.04356,-68.89223,5,-0.11,1
"2026-07-16 16:00:00",292,13.68,18.84,65,-22.91,44,159,36593,1.3,0.75,5610,210368,0,0,292,28176,1653,34452,-85,4,44.04356,-68.89223,5,-0.11,1
"2026-07-16 17:00:00",293,13.71,19.19,66,43.95,44,160,36593,1.3,0.75,5610,211088,0,0,293,28176,1753,34554,-77,13,44.04352,-68.89222,5,-0.11,1
"2026-07-16 18:00:00",294,13.73,20.31,65,9.99,10,159,36593,1.3,0.75,5610,211808,0,0,294,28176,1867,34668,-79,13,44.04358,-68.89219,4,-0.11,1
"2026-07-16 19:00:00",295,13.7,22.5,64,2.94,3,160,36593,1.3,0.75,5610,212528,0,0,295,28176,2019,34822,-87,4,44.04362,-68.89225,4,-0.11,1
"2026-07-16 20:00:00",296,13.63,21.41,66,-39.91,22,159,36593,1.3,0.75,5610,213248,0,0,296,28176,2135,34939,-79,4,44.04354,-68.89223,5,-0.11,1
"2026-07-16 21:00:00",297,13.35,18.61,68,22.08,83,166,36593,1.3,0.75,5610,213968,0,0,297,28176,2241,35046,-87,4,44.04356,-68.89227,5,-0.107,1
"2026-07-16 22:00:00",298,13.25,17.88,68,83,83,159,36593,1.3,0.75,5610,214688,0,0,298,28176,2344,35149,-85,4,44.04351,-68.89227,4,-0.098,1
"2026-07-16 23:00:00",299,13.25,17,68,56.04,88,160,36593,1.3,0.75,5610,215408,0,0,299,28176,2452,35258,-79,4,44.04356,-68.89227,6,-0.091,1
"2026-07-17 00:00:00",300,13.24,16.57,68,88,88,159,36593,1.3,0.75,5610,216128,0,0,300,28176,0.095,35378,-81,4,44.04356,-68.89225,8,-0.091,1
"2026-07-17 01:00:00",301,13.24,16.5,68,69.98,70,160,36593,1.3,0.75,5610,216848,0,0,301,28176,109.1,35488,-83,4,44.04356,-68.89221,5,-0.091,1
"2026-07-17 02:00:00",302,13.26,16.5,68,53.04,79,166,36593,1.3,0.75,5610,217568,0,0,302,28176,210.8,35591,-85,13,44.04356,-68.89227,4,-0.085,1
"2026-07-17 03:00:00",303,13.25,16.12,68,78.96,79,159,36593,1.3,0.75,5610,218288,0,0,303,28176,316.3,35698,-81,13,44.04356,-68.89223,5,-0.077,1
"2026-07-17 04:00:00",304,13.26,16.56,69,48.06,93,159,36593,1.3,0.75,5610,219008,0,0,304,28176,422,35804,-83,4,44.04357,-68.8922,6,-0.075,1
"2026-07-17 05:00:00",305,13.26,16.76,68,93,93,159,36593,1.3,0.75,5610,219728,0,0,305,28176,521.7,35905,-85,4,44.04352,-68.89217,4,-0.073,1
"2026-07-17 06:00:00",306,13.34,18.31,67,82.9,83,159,36593,1.3,0.75,5610,220448,0,0,306,28176,622.6,36006,-85,4,44.04353,-68.8922,5,-0.062,1
"2026-07-17 07:00:00",307,13.58,20.59,66,-6.29,-6,159,36593,1.3,0.75,5610,221168,0,0,307,28176,729.2,36114,-81,13,44.04349,-68.89228,4,-0.06,1
"2026-07-17 08:00:00",308,13.54,22.3,65,-214.8,-63,160,36593,1.3,0.75,5610,221888,0,0,308,28176,835,36221,-81,4,44.04333,-68.89209,4,-0.031,1
"2026-07-17 09:00:00",309,13.63,22.61,64,-62.96,-35,160,36593,1.3,0.75,5610,222608,0,0,309,28176,940,36327,-85,4,44.04353,-68.89226,4,-0.031,1
"2026-07-17 10:00:00",310,13.64,22.26,64,-35.01,-35,167,36593,1.3,0.75,5610,223328,0,0,310,28176,1044,36431,-79,13,44.04353,-68.89226,5,-0.031,1
"2026-07-17 11:00:00",311,13.67,22.49,65,-39,-38,159,36593,1.3,0.75,5610,224048,0,0,311,28176,1148,36536,-77,13,44.04366,-68.89235,4,-0.03,1
"2026-07-17 12:00:00",312,13.67,23.35,65,-38.01,-38,160,36593,1.3,0.75,5610,224768,0,0,312,28176,1243,36632,-81,4,44.04348,-68.89235,4,-0.03,1
"2026-07-17 13:00:00",313,13.65,24.82,65,-41.99,-37,159,36593,1.3,0.75,5610,225488,0,0,313,28176,1349,36739,-77,4,44.04357,-68.89229,5,-0.03,1
"2026-07-17 14:00:00",314,13.64,25.34,65,-36.97,-12,159,36593,1.3,0.75,5610,226208,0,0,314,28176,1452,36843,-81,13,44.04356,-68.89226,4,-0.03,1
"2026-07-17 15:00:00",315,13.58,28.08,63,-11.98,3,160,36593,1.3,0.75,5610,226928,0,0,315,28176,1563,36955,-85,4,44.04354,-68.89229,4,-0.015,1
"2026-07-17 16:00:00",316,13.55,26.43,64,3.078,59,159,36593,1.3,0.75,5610,227648,0,0,316,28176,1671,37064,-83,13,44.04354,-68.89225,4,-0.015,1
"2026-07-17 17:00:00",317,13.59,25.14,64,58.9,59,160,36593,1.3,0.75,5610,228368,0,0,317,28176,1772,37165,-87,4,44.04356,-68.89221,5,0.003,1
"2026-07-17 18:00:00",318,13.58,26.21,63,-14.99,-7,159,36593,1.3,0.75,5610,229088,0,0,318,28176,1876,37271,-79,4,44.04358,-68.89217,5,0.003,1
"2026-07-17 19:00:00",319,13.57,23.52,64,-6.993,-2,159,36593,1.3,0.75,5610,229808,0,0,319,28176,1980,37375,-79,13,44.04356,-68.89223,5,0.003,1
"2026-07-17 20:00:00",320,13.54,20.03,67,-1.908,64,159,36593,1.3,0.75,5610,230528,0,0,320,28176,2075,37471,-77,13,44.04354,-68.89224,4,0.003,1
"2026-07-17 21:00:00",321,13.32,17.96,68,64.02,77,159,36593,1.3,0.75,5610,231248,0,0,321,28176,2180,37578,-81,4,44.04353,-68.89227,4,-0.042,1
"2026-07-17 22:00:00",322,13.26,16.85,68,77.03,100,159,36593,1.3,0.75,5610,231968,0,0,322,28176,2285,37684,-83,4,44.04357,-68.8923,4,-0.042,1
"2026-07-17 23:00:00",323,13.25,15.76,68,100,100,159,36593,1.3,0.75,5610,232688,0,0,323,28176,2390,37790,-85,4,44.04359,-68.89225,5,-0.042,1
"2026-07-18 00:00:00",324,13.26,15.5,68,82,84,166,36593,1.3,0.75,5610,233408,0,0,324,28176,0.064,37897,-79,4,44.04359,-68.89227,4,-0.02,1
"2026-07-18 01:00:00",325,13.26,15.21,68,84,89,160,36593,1.3,0.75,5610,234128,0,0,325,28176,112.2,38010,-87,4,44.04358,-68.89214,5,-0.02,1
"2026-07-18 02:00:00",326,13.23,16.33,66,89,89,159,36593,1.3,0.75,5610,234848,0,0,326,28176,223.8,38123,-79,13,44.04353,-68.89224,6,-0.02,1
"2026-07-18 03:00:00",327,13.26,15.27,69,58.02,70,160,36593,1.3,0.75,5610,235568,0,0,327,28176,335.3,38235,-85,4,44.04356,-68.89221,7,-0.017,1
"2026-07-18 04:00:00",328,13.23,15.18,68,69.97,70,160,36593,1.3,0.75,5610,236288,0,0,328,28176,442,38343,-81,4,44.04358,-68.89218,7,-0.017,1
"2026-07-18 05:00:00",329,13.22,15.63,67,48.02,60,160,36593,1.3,0.75,5610,237008,0,0,329,28176,546.9,38449,-85,4,44.04351,-68.89219,5,-0.013,1
"2026-07-18 06:00:00",330,13.34,17.55,68,59.89,60,159,36593,1.3,0.75,5610,237728,0,0,330,28176,645.6,38549,-79,13,44.04353,-68.89218,5,-0.013,1
"2026-07-18 07:00:00",331,13.44,21.78,65,-16.06,-16,159,36593,1.3,0.75,5610,238448,0,0,331,28176,747.7,38652,-81,4,44.04356,-68.89227,4,-0.013,1
"2026-07-18 08:00:00",332,13.51,21.48,66,-57.07,-57,160,36593,1.3,0.75,5610,239168,0,0,332,28176,850,38755,-79,4,44.04354,-68.89227,5,0,1
"2026-07-18 09:00:00",333,13.55,23.15,65,-108,-76,159,36593,1.3,0.75,5610,239888,0,0,333,28176,984,38891,-77,4,44.0435,-68.89228,5,0,1
"2026-07-18 10:00:00",334,13.63,22.9,66,-75.86,23,159,36593,1.3,0.75,5610,240608,0,0,334,28176,1083,38990,-83,4,44.04351,-68.89223,6,0,1
"2026-07-18 11:00:00",335,13.67,21.2,67,23,24,160,36593,1.3,0.75,5610,241328,0,0,335,28176,1180,39088,-79,13,44.04362,-68.89228,4,0,1
"2026-07-18 12:00:00",336,13.69,20.38,66,24,24,159,36593,1.3,0.75,5610,242048,0,0,336,28176,1281,39190,-85,4,44.04358,-68.89235,5,-0.018,1
"2026-07-18 13:00:00",337,13.72,19.98,66,20.95,21,160,36593,1.3,0.75,5610,242768,0,0,337,28176,1377,39287,-85,4,44.04358,-68.8923,4,-0.018,1
"2026-07-18 14:00:00",338,13.75,19.51,66,-16.98,-4,166,36593,1.3,0.75,5610,243488,0,0,338,28176,1466,39377,-81,13,44.04364,-68.89233,4,-0.041,1
"2026-07-18 15:00:00",339,13.73,20.01,66,-3.761,168,160,36593,1.3,0.75,5610,244208,0,0,339,28176,1560,39471,-77,13,44.04357,-68.89225,5,-0.041,1
"2026-07-18 16:00:00",340,13.7,18.86,67,167.8,168,160,36593,1.3,0.75,5610,244928,0,0,340,28176,1655,39567,-79,13,44.04367,-68.89219,5,-0.061,1
"2026-07-18 17:00:00",341,13.65,18.54,69,58.98,59,160,36593,1.3,0.75,5610,245648,0,0,341,28176,1751,39664,-77,13,44.04358,-68.8922,4,-0.061,1
"2026-07-18 18:00:00",342,13.44,18.37,68,44.04,75,160,36593,1.3,0.75,5610,246368,0,0,342,28176,1843,39756,-79,13,44.04358,-68.8922,4,-0.061,1
"2026-07-18 19:00:00",343,13.33,18.11,68,74.99,75,159,36593,1.3,0.75,5610,247088,0,0,343,28176,1940,39855,-79,13,44.04358,-68.8922,4,-0.061,1
"2026-07-18 20:00:00",344,13.27,17.78,69,65.09,133,159,36593,1.3,0.75,5610,247808,0,0,344,28176,2038,39954,-87,4,44.04357,-68.89221,4,-0.105,1
"2026-07-18 21:00:00",345,13.27,17.64,69,133,133,160,36593,1.3,0.75,5610,248528,0,0,345,28176,2128,40044,-87,4,44.04362,-68.89225,4,-0.105,1
"2026-07-18 22:00:00",346,13.27,17.04,70,128.1,189,159,36593,1.3,0.75,5610,249248,0,0,346,28176,2235,40153,-81,13,44.04362,-68.89225,4,-0.119,1
"2026-07-18 23:00:00",347,13.26,17.24,69,188.9,189,160,36593,1.3,0.75,5610,249968,0,0,347,28176,2333,40253,-83,13,44.0436,-68.89232,4,-0.119,1
"2026-07-19 00:00:00",348,13.26,17.53,68,89,122,160,36593,1.3,0.75,5610,250688,0,0,348,28176,0,40364,-83,13,44.04363,-68.89228,5,-0.119,1
"2026-07-19 01:00:00",349,13.25,17.7,68,122,122,160,36593,1.3,0.75,5610,251408,0,0,349,28176,109.1,40475,-81,13,44.04358,-68.89223,4,-0.119,1
"2026-07-19 02:00:00",350,13.26,16.82,69,98.9,99,159,36593,1.3,0.75,5610,252128,0,0,350,28176,213.5,40582,-83,13,44.04357,-68.89221,4,-0.17,1
"2026-07-19 03:00:00",351,13.25,16.83,70,51,51,160,36593,1.3,0.75,5610,252848,0,0,351,28176,329.4,40700,-83,13,44.04357,-68.8922,5,-0.17,1
"2026-07-19 04:00:00",352,13.25,16.87,70,49.08,107,160,36593,1.3,0.75,5610,253568,0,0,352,28176,431.2,40803,-85,13,44.04352,-68.8922,4,-0.2,1
"2026-07-19 05:00:00",353,13.25,16.72,70,107,120,160,36593,1.3,0.75,5610,254288,0,0,353,28176,531.7,40906,-85,13,44.04357,-68.89221,5,-0.2,1
"2026-07-19 06:00:00",354,13.27,19.03,68,119.9,120,166,36593,1.3,0.75,5610,255008,0,0,354,28176,628.8,41005,-85,13,44.04354,-68.89219,5,-0.2,1
"2026-07-19 07:00:00",355,13.45,18.98,68,46.79,47,165,36593,1.3,0.75,5610,255728,0,0,355,28176,728.1,41107,-85,4,44.04356,-68.89216,4,-0.2,1
"2026-07-19 08:00:00",356,13.5,22.4,65,-105.1,-105,160,36593,1.3,0.75,5610,256448,0,0,356,28176,822,41202,-87,4,44.04342,-68.892,4,-0.175,1
"2026-07-19 09:00:00",357,13.52,22.94,65,-147.9,-68,160,36593,1.3,0.75,5610,257168,0,0,357,28176,915,41297,-77,13,44.04354,-68.89222,5,-0.17,1
"2026-07-19 10:00:00",358,13.67,21.78,66,-68.09,-68,160,36593,1.3,0.75,5610,257888,0,0,358,28176,1005,41389,-81,4,44.04354,-68.89222,5,-0.14,1
"2026-07-19 11:00:00",359,13.64,21.7,66,-131.9,-38,159,36593,1.3,0.75,5610,258608,0,0,359,28176,1108,41494,-81,4,44.04357,-68.89222,5,-0.14,1
"2026-07-19 12:00:00",360,13.67,21.37,67,-37.99,-33,160,36593,1.3,0.75,5610,259328,0,0,360,28176,1194,41581,-85,4,44.04353,-68.8922,5,-0.14,1
"2026-07-19 13:00:00",361,13.67,21.84,67,-32.99,-23,160,36593,1.3,0.75,5610,260048,0,0,361,28176,1291,41679,-81,13,44.0436,-68.8923,4,-0.151,1
"2026-07-19 14:00:00",362,13.67,22.59,66,-23.02,-23,160,36593,1.3,0.75,5610,260768,0,0,362,28176,1379,41769,-77,13,44.0436,-68.8923,4,-0.151,1
"2026-07-19 15:00:00",363,13.64,23.79,65,-36.96,-5,166,36593,1.3,0.75,5610,261488,0,0,363,28176,1476,41868,-87,4,44.04362,-68.89217,4,-0.151,1
"2026-07-19 16:00:00",364,13.63,25.21,64,-4.994,-1,159,36593,1.3,0.75,5610,262208,0,0,364,28176,1574,41967,-83,4,44.04362,-68.89217,4,-0.133,1
"2026-07-19 17:00:00",365,13.62,23.48,65,-1,-1,159,36593,1.3,0.75,5610,262928,0,0,365,28176,1672,42066,-83,4,44.04358,-68.8922,5,-0.133,1
"2026-07-19 18:00:00",366,13.63,22.8,66,-1.019,-1,160,36593,1.3,0.75,5610,263648,0,0,366,28176,1771,42167,-83,4,44.04356,-68.8923,5,-0.127,1
"2026-07-19 19:00:00",367,13.67,22.36,66,-15.01,-15,159,36593,1.3,0.75,5610,264368,0,0,367,28176,1867,42264,-79,4,"NAN","NAN",4,-0.125,1
"2026-07-19 20:00:00",368,13.56,19.84,68,-22.93,31,160,36593,1.3,0.75,5610,265088,0,0,368,28176,1960,42359,-83,4,44.04354,-68.89223,5,-0.118,1
"2026-07-19 21:00:00",369,13.32,19.56,69,31.03,53,160,36593,1.3,0.75,5610,265808,0,0,369,28176,2060,42460,-81,13,44.04354,-68.89223,5,-0.118,1
"2026-07-19 22:00:00",370,13.26,18.51,70,53.03,74,160,36593,1.3,0.75,5610,266528,0,0,370,28176,2163,42564,-83,13,"NAN","NAN",4,-0.118,1
"2026-07-19 23:00:00",371,13.26,18.3,70,73.98,74,159,36593,1.3,0.75,5610,267248,0,0,371,28176,2262,42666,-85,4,44.04356,-68.89223,5,-0.087,1
"2026-07-20 00:00:00",372,13.25,18.24,70,60.03,85,159,36593,1.3,0.75,5610,267968,0,0,372,28176,0.099,42770,-81,13,"NAN","NAN",4,-0.087,1
"2026-07-20 01:00:00",373,13.27,17.22,70,85,85,160,36593,1.3,0.75,5610,268688,0,0,373,28176,105.7,42878,-79,13,44.04357,-68.89226,4,-0.072,1
"2026-07-20 02:00:00",374,13.25,17.54,71,77.96,78,166,36593,1.3,0.75,5610,269408,0,0,374,28176,218.3,42992,-85,13,44.04359,-68.8923,5,-0.066,1
"2026-07-20 03:00:00",375,13.27,17.65,71,48.03,70,160,36593,1.3,0.75,5610,270128,0,0,375,28176,322.5,43098,-87,4,44.04359,-68.89221,5,-0.066,1
"2026-07-20 04:00:00",376,13.26,17.2,71,69.97,70,159,36593,1.3,0.75,5610,270848,0,0,376,28176,421.7,43199,-79,13,"NAN","NAN",4,-0.064,1
"2026-07-20 05:00:00",377,13.26,16.98,71,51,53,166,36593,1.3,0.75,5610,271568,0,0,377,28176,524.7,43303,-83,13,44.04357,-68.89221,5,-0.064,1
"2026-07-20 06:00:00",378,13.37,17.61,70,52.86,53,159,36593,1.3,0.75,5610,272288,0,0,378,28176,624.2,43404,-83,4,44.04354,-68.89222,5,-0.064,1
"2026-07-20 07:00:00",379,13.53,19.04,68,-50.11,-50,159,36593,1.3,0.75,5610,273008,0,0,379,28176,715.2,43497,-87,4,44.04349,-68.89237,4,-0.063,1
"2026-07-20 08:00:00",380,13.6,20.71,67,-126.1,-126,160,36593,1.3,0.75,5610,273728,0,0,380,28176,816,43599,-79,13,44.04356,-68.89216,6,-0.051,1
"2026-07-20 09:00:00",381,13.7,22.36,67,-173.8,-3,166,36593,1.3,0.75,5610,274448,0,0,381,28176,919,43704,-83,4,44.0436,-68.89221,4,-0.034,1
"2026-07-20 10:00:00",382,13.64,22.95,66,-2.95,33,160,36593,1.3,0.75,5610,275168,0,0,382,28176,1014,43800,-75,13,44.04358,-68.89221,4,-0.027,1
"2026-07-20 11:00:00",383,13.67,23.31,66,32.96,33,167,36593,1.3,0.75,5610,275888,0,0,383,28176,1116,43903,-79,13,44.04359,-68.89223,5,-0.027,1
"2026-07-20 12:00:00",384,13.65,23.84,63,0.989,1,159,36593,1.3,0.75,5610,276608,0,0,384,28176,1215,44004,-79,13,44.04358,-68.89222,4,-0.027,1
"2026-07-20 13:00:00",385,13.66,22.04,65,-6.978,9,160,36593,1.3,0.75,5610,277328,0,0,385,28176,1309,44099,-83,4,44.04358,-68.8922,4,-0.027,1
"2026-07-20 14:00:00",386,13.66,21.76,65,9,9,160,36593,1.3,0.75,5610,278048,0,0,386,28176,1404,44196,-79,13,44.04358,-68.8923,4,-0.027,1
"2026-07-20 15:00:00",387,13.63,23.04,64,5.981,6,160,36593,1.3,0.75,5610,278768,0,0,387,28176,1505,44298,-83,4,44.04361,-68.89225,5,-0.027,1
"2026-07-20 16:00:00",388,13.67,22.63,64,-7.989,0,159,36593,1.3,0.75,5610,279488,0,0,388,28176,1600,44395,-81,13,44.04356,-68.8922,4,-0.027,1
"2026-07-20 17:00:00",389,13.67,21.88,65,-0.017,0,160,36593,1.3,0.75,5610,280208,0,0,389,28176,1696,44492,-79,13,44.04359,-68.89223,4,-0.038,1
"2026-07-20 18:00:00",390,13.67,21.39,66,-11.98,0,159,36593,1.3,0.75,5610,280928,0,0,390,28176,1792,44589,-81,4,44.04358,-68.89217,4,-0.038,1
"2026-07-20 19:00:00",391,13.67,21.24,67,-0.017,0,159,36593,1.3,0.75,5610,281648,0,0,391,28176,1888,44687,-79,4,44.04356,-68.8922,4,-0.036,1
"2026-07-20 20:00:00",392,13.59,18.78,68,-11.89,69,159,36593,1.3,0.75,5610,282368,0,0,392,28176,1984,44784,-85,4,44.04354,-68.8922,5,-0.036,1
"2026-07-20 21:00:00",393,13.34,17.17,69,69.06,114,159,36593,1.3,0.75,5610,283088,0,0,393,28176,2089,44891,-79,13,44.04358,-68.8922,4,-0.036,1
"2026-07-20 22:00:00",394,13.27,16.9,70,114,114,159,36593,1.3,0.75,5610,283808,0,0,394,28176,2178,44981,-87,4,44.04356,-68.8922,4,-0.036,1
"2026-07-20 23:00:00",395,13.24,18,68,85,98,159,36593,1.3,0.75,5610,284528,0,0,395,28176,2279,45084,-79,13,44.0436,-68.89227,4,-0.032,1
"2026-07-21 00:00:00",396,13.26,17.1,69,98,98,159,36593,1.3,0.75,5610,285248,0,0,396,28176,0,45192,-83,4,44.04357,-68.89223,4,-0.021,1
"2026-07-21 01:00:00",397,13.26,16.78,70,81,96,159,36593,1.3,0.75,5610,285968,0,0,397,28176,107.1,45301,-83,4,44.04377,-68.89252,5,-0.016,1
"2026-07-21 02:00:00",398,13.26,16.72,70,96,96,159,36593,1.3,0.75,5610,286688,0,0,398,28176,219.3,45415,-83,4,44.04363,-68.89227,4,-0.016,1
"2026-07-21 03:00:00",399,13.26,16.22,71,88,88,159,36593,1.3,0.75,5610,287408,0,0,399,28176,324.3,45521,-79,13,44.04359,-68.89229,5,-0.016,1
"2026-07-21 04:00:00",400,13.25,15.94,71,59.05,95,160,36593,1.3,0.75,5610,288128,0,0,400,28176,424.6,45623,-79,13,"NAN","NAN",4,-0.016,1
"2026-07-21 05:00:00",401,13.23,16.25,70,95,95,159,36593,1.3,0.75,5610,288848,0,0,401,28176,525,45725,-79,13,44.04354,-68.89222,4,-0.016,1
"2026-07-21 06:00:00",402,13.34,17.3,70,75.91,76,160,36593,1.3,0.75,5610,289568,0,0,402,28176,627.7,45830,-83,4,44.0436,-68.89227,4,-0.016,1
"2026-07-21 07:00:00",403,13.43,19.92,68,7.978,8,159,36593,1.3,0.75,5610,290288,0,0,403,28176,732.6,45936,-81,13,44.04359,-68.89222,5,-0.016,1
"2026-07-21 08:00:00",404,13.47,20.49,68,-8.08,-8,160,36593,1.3,0.75,5610,291008,0,0,404,28176,834,46039,-81,13,44.04353,-68.89221,4,-0.001,1
"2026-07-21 09:00:00",405,13.56,21.12,68,-66.02,-66,160,36593,1.3,0.75,5610,291728,0,0,405,28176,935,46142,-83,4,44.04361,-68.89219,5,0.005,1
"2026-07-21 10:00:00",406,13.63,21.87,68,-82.8,31,159,36593,1.3,0.75,5610,292448,0,0,406,28176,1032,46240,-83,4,44.04361,-68.89222,5,0.005,1
"2026-07-21 11:00:00",407,13.67,22,68,30.98,31,166,36593,1.3,0.75,5610,293168,0,0,407,28176,1121,46331,-79,4,44.04359,-68.89223,4,0.005,1
"2026-07-21 12:00:00",408,13.67,22.7,67,14.99,15,159,36593,1.3,0.75,5610,293888,0,0,408,28176,1219,46430,-77,4,44.04363,-68.89224,4,0.005,1
"2026-07-21 13:00:00",409,13.67,21.98,68,9.02,23,160,36593,1.3,0.75,5610,294608,0,0,409,28176,1319,46532,-87,4,44.04362,-68.89229,4,0.003,1
"2026-07-21 14:00:00",410,13.67,21.57,68,23,24,160,36593,1.3,0.75,5610,295328,0,0,410,28176,1414,46628,-81,4,44.04366,-68.8923,5,0.003,1
"2026-07-21 15:00:00",411,13.67,20.32,68,23.98,24,160,36593,1.3,0.75,5610,296048,0,0,411,28176,1516,46732,-83,4,44.04359,-68.89229,4,-0.009,1
"2026-07-21 16:00:00",412,13.7,19.59,68,7.022,23,160,36593,1.3,0.75,5610,296768,0,0,412,28176,1620,46838,-83,4,44.0436,-68.89226,4,-0.009,1
"2026-07-21 17:00:00",413,13.7,19.63,68,23,23,167,36593,1.3,0.75,5610,297488,0,0,413,28176,1723,46943,-81,4,44.0436,-68.89226,4,-0.009,1
"2026-07-21 18:00:00",414,13.68,18.63,68,20.04,46,160,36593,1.3,0.75,5610,298208,0,0,414,28176,1831,47052,-81,4,44.04356,-68.892,4,-0.028,1
"2026-07-21 19:00:00",415,13.48,17.9,70,46.02,59,160,36593,1.3,0.75,5610,298928,0,0,415,28176,1933,47156,-77,4,44.04354,-68.8922,4,-0.028,1
"2026-07-21 20:00:00",416,13.32,17.44,70,59.03,83,160,36593,1.3,0.75,5610,299648,0,0,416,28176,2033,47258,-77,4,44.04357,-68.89223,4,-0.044,1
"2026-07-21 21:00:00",417,13.25,17.64,71,83,89,166,36593,1.3,0.75,5610,300368,0,0,417,28176,2130,47356,-79,4,44.04359,-68.8922,6,-0.044,1
"2026-07-21 22:00:00",418,13.26,17.33,71,89,89,160,36593,1.3,0.75,5610,301088,0,0,418,28176,2232,47459,-87,4,44.04359,-68.89219,4,-0.044,1
"2026-07-21 23:00:00",419,13.26,17.51,71,87,87,166,36593,1.3,0.75,5610,301808,0,0,419,28176,2322,47551,-87,4,44.04364,-68.89225,4,-0.044,1
"2026-07-22 00:00:00",420,13.26,17.35,72,79.99,80,159,36593,1.3,0.75,5610,302528,0,0,420,28176,0.08,47662,-85,4,44.04356,-68.89232,4,-0.065,1
"2026-07-22 01:00:00",421,13.24,18.4,71,73.07,125,160,36593,1.3,0.75,5610,303248,0,0,421,28176,116.3,47780,-91,4,44.04362,-68.89232,4,-0.065,1
"2026-07-22 02:00:00",422,13.26,18.08,71,125,125,159,36593,1.3,0.75,5610,303968,0,0,422,28176,229.2,47894,-87,4,44.04365,-68.8923,4,-0.099,1
"2026-07-22 03:00:00",423,13.24,18.24,71,121.9,122,159,36593,1.3,0.75,5610,304688,0,0,423,28176,330.3,47997,-87,4,44.04359,-68.89236,4,-0.099,1
"2026-07-22 04:00:00",424,13.22,19.19,72,69.06,114,159,36593,1.3,0.75,5610,305408,0,0,424,28176,434.8,48103,-91,4,44.04367,-68.8923,4,-0.116,1
"2026-07-22 05:00:00",425,13.26,18.48,72,114,114,167,36593,1.3,0.75,5610,306128,0,0,425,28176,541.1,48211,-81,13,44.04365,-68.89231,5,-0.127,1
"2026-07-22 06:00:00",426,13.23,18.31,70,113,125,160,36593,1.3,0.75,5610,306848,0,0,426,28176,645,48317,-81,13,44.0436,-68.89223,4,-0.127,1
"2026-07-22 07:00:00",427,13.26,18.74,71,124.9,125,160,36593,1.3,0.75,5610,307568,0,0,427,28176,741.5,48415,-81,13,44.04353,-68.8922,4,-0.127,1
"2026-07-22 08:00:00",428,13.29,18.36,71,67.96,68,159,36593,1.3,0.75,5610,308288,0,0,428,28176,839,48514,-81,13,44.04363,-68.89213,5,-0.127,1
"2026-07-22 09:00:00",429,13.29,18.14,70,41.05,75,160,36593,1.3,0.75,5610,309008,0,0,429,28176,943,48619,-81,13,44.04358,-68.89219,4,-0.124,1
"2026-07-22 10:00:00",430,13.35,18.42,69,74.91,75,167,36593,1.3,0.75,5610,309728,0,0,430,28176,1034,48712,-81,13,44.04361,-68.89212,4,-0.124,1
"2026-07-22 11:00:00",431,13.57,19.91,68,12.74,13,159,36593,1.3,0.75,5610,310448,0,0,431,28176,1127,48806,-79,13,44.04359,-68.89221,6,-0.124,1
"2026-07-22 12:00:00",432,13.52,21.07,68,-175.9,-106,159,36593,1.3,0.75,5610,311168,0,0,432,28176,1225,48905,-75,13,44.04361,-68.89224,4,-0.115,1
"2026-07-22 13:00:00",433,13.61,20.86,68,-106.1,-106,159,36593,1.3,0.75,5610,311888,0,0,433,28176,1313,48995,-85,4,44.04369,-68.89233,4,-0.114,1
"2026-07-22 14:00:00",434,13.69,21.48,68,-149.8,-13,159,36593,1.3,0.75,5610,312608,0,0,434,28176,1408,49092,-89,4,44.04363,-68.89224,4,-0.106,1
"2026-07-22 15:00:00",435,13.67,21.36,67,-12.98,-1,160,36593,1.3,0.75,5610,313328,0,0,435,28176,1504,49189,-87,13,44.04362,-68.89225,4,-0.104,1
"2026-07-22 16:00:00",436,13.74,20.79,69,-0.946,38,159,36593,1.3,0.75,5610,314048,0,0,436,28176,1602,49289,-77,13,44.04369,-68.89227,5,-0.104,1
"2026-07-22 17:00:00",437,13.69,20.63,68,37.98,38,160,36593,1.3,0.75,5610,314768,0,0,437,28176,1914,49606,-75,13,44.04369,-68.89227,5,-0.104,1
"2026-07-22 18:00:00",438,13.7,19.82,69,20.96,21,159,36593,1.3,0.75,5610,315488,0,0,438,28176,2012,49705,-77,13,44.04369,-68.89227,5,-0.104,1
"2026-07-22 19:00:00",439,13.69,18.63,71,-6.904,62,159,36593,1.3,0.75,5610,316208,0,0,439,28176,2106,49800,-77,13,44.04354,-68.8922,4,-0.114,1
"2026-07-22 20:00:00",440,13.4,17.98,71,62.01,68,159,36593,1.3,0.75,5610,316928,0,0,440,28176,2202,49898,-81,13,44.04356,-68.8922,4,-0.114,1
"2026-07-22 21:00:00",441,13.27,17.62,71,68.02,80,159,36593,1.3,0.75,5610,317648,0,0,441,28176,2305,50002,-79,13,44.04356,-68.8922,4,-0.114,1
"2026-07-22 22:00:00",442,13.27,17.02,72,79.98,80,166,36593,1.3,0.75,5610,318368,0,0,442,28176,2407,50106,-81,13,44.04358,-68.89223,4,-0.111,1
"2026-07-22 23:00:00",443,13.25,16.67,72,69.02,85,166,36593,1.3,0.75,5610,319088,0,0,443,28176,2512,50213,-79,13,44.04359,-68.89218,6,-0.095,1
"2026-07-23 00:00:00",444,13.25,16.39,72,85,93,166,36593,1.3,0.75,5610,319808,0,0,444,28176,0,50323,-51,13,44.04363,-68.89223,4,-0.081,1
"2026-07-23 01:00:00",445,13.24,16.69,72,92.9,93,160,36593,1.3,0.75,5610,320528,0,0,445,28176,109.2,50434,-79,13,44.04372,-68.8922,4,-0.073,1
"2026-07-23 02:00:00",446,13.26,16.38,72,53.03,76,159,36593,1.3,0.75,5610,321248,0,0,446,28176,224.2,50551,-79,13,44.04356,-68.8923,4,-0.066,1
"2026-07-23 03:00:00",447,13.26,16.48,72,76.05,115,160,36593,1.3,0.75,5610,321968,0,0,447,28176,336.1,50665,-85,4,44.04358,-68.89225,6,-0.049,1
"2026-07-23 04:00:00",448,13.23,16.27,72,115,115,167,36593,1.3,0.75,5610,322688,0,0,448,28176,438.3,50768,-79,13,44.04359,-68.89229,4,-0.049,1
"2026-07-23 05:00:00",449,13.25,16.63,70,82.9,83,159,36593,1.3,0.75,5610,323408,0,0,449,28176,548.4,50880,-85,4,44.04361,-68.8923,5,-0.045,1
"2026-07-23 06:00:00",450,13.3,16.18,70,40.94,41,160,36593,1.3,0.75,5610,324128,0,0,450,28176,653.6,50987,-77,13,44.04359,-68.89223,4,-0.045,1
"2026-07-23 07:00:00",451,13.55,18.93,69,-5.258,-5,159,36593,1.3,0.75,5610,324848,0,0,451,28176,750.6,51085,-79,13,44.04361,-68.89222,4,-0.036,1
"2026-07-23 08:00:00",452,13.49,20.34,69,-191,-191,159,36593,1.3,0.75,5610,325568,0,0,452,28176,861,51197,-85,4,44.04356,-68.89222,5,-0.033,1
"2026-07-23 09:00:00",453,13.65,22.66,69,-204.9,-159,166,36593,1.3,0.75,5610,326288,0,0,453,28176,967,51305,-81,4,44.04359,-68.89226,4,0.008,1
"2026-07-23 10:00:00",454,13.65,24.1,68,-158.7,27,160,36593,1.3,0.75,5610,327008,0,0,454,28176,1088,51427,-83,4,44.04357,-68.8922,5,0.012,1
"2026-07-23 11:00:00",455,13.62,25.91,67,26.92,27,159,36593,1.3,0.75,5610,327728,0,0,455,28176,1206,51546,-85,4,44.04357,-68.8922,5,0.035,1
"2026-07-23 12:00:00",456,13.58,27.55,66,-27.98,-12,159,36593,1.3,0.75,5610,328448,0,0,456,28176,1321,51662,-83,4,44.04354,-68.89222,4,0.035,1
"2026-07-23 13:00:00",457,13.56,26.26,67,-11.97,7,160,36593,1.3,0.75,5610,329168,0,0,457,28176,1437,51781,-83,4,44.04358,-68.89223,6,0.042,1
"2026-07-23 14:00:00",458,13.58,25.07,68,6.964,7,159,36593,1.3,0.75,5610,329888,0,0,458,28176,1572,51917,-79,4,44.04354,-68.89225,4,0.042,1
"2026-07-23 15:00:00",459,13.59,26.8,66,-18.98,-2,159,36593,1.3,0.75,5610,330608,0,0,459,28176,1694,52040,-81,4,44.04357,-68.89227,4,0.042,1
"2026-07-23 16:00:00",460,13.59,26.07,68,-2.007,-2,159,36593,1.3,0.75,5610,331328,0,0,460,28176,1810,52158,-83,4,44.04359,-68.89228,4,0.042,1
"2026-07-23 17:00:00",461,13.6,24.12,67,-7.031,-7,160,36593,1.3,0.75,5610,332048,0,0,461,28176,1922,52272,-81,4,44.04361,-68.89225,5,0.033,1
"2026-07-23 18:00:00",462,13.63,22.79,66,-28.94,13,159,36593,1.3,0.75,5610,332768,0,0,462,28176,2029,52380,-85,13,44.0436,-68.89224,5,0.033,1
"2026-07-23 19:00:00",463,13.64,21.51,67,12.97,13,160,36593,1.3,0.75,5610,333488,0,0,463,28176,2141,52494,-77,4,44.04356,-68.8922,5,0.008,1
"2026-07-23 20:00:00",464,13.61,19.17,70,-7.932,41,159,36593,1.3,0.75,5610,334208,0,0,464,28176,2248,52602,-83,4,44.04358,-68.89222,4,0.008,1
"2026-07-23 21:00:00",465,13.36,16.97,72,41.03,63,159,36593,1.3,0.75,5610,334928,0,0,465,28176,2357,52713,-81,4,44.04357,-68.89217,4,0.008,1
"2026-07-23 22:00:00",466,13.26,16.57,72,63.04,95,159,36593,1.3,0.75,5610,335648,0,0,466,28176,2463,52820,-83,4,44.04358,-68.89219,5,0.008,1
"2026-07-23 23:00:00",467,13.26,16.33,72,94.9,95,160,36593,1.3,0.75,5610,336368,0,0,467,28176,2568,52927,-85,4,44.04357,-68.8922,5,0.027,1
"2026-07-24 00:00:00",468,13.26,16.4,71,57,57,166,36593,1.3,0.75,5610,337088,0,0,468,28176,0,53041,-81,13,44.04359,-68.89217,6,0.033,1
"2026-07-24 01:00:00",469,13.24,16.1,72,54.03,78,160,36593,1.3,0.75,5610,337808,0,0,469,28176,112.5,53155,-81,13,44.04359,-68.89222,7,0.044,1
"2026-07-24 02:00:00",470,13.25,16.39,72,78,78,166,36593,1.3,0.75,5610,338528,0,0,470,28176,229.2,53273,-87,4,44.0436,-68.89225,4,0.051,1
"2026-07-24 03:00:00",471,13.26,16.5,72,78.06,121,160,36593,1.3,0.75,5610,339248,0,0,471,28176,340.4,53386,-81,13,44.04359,-68.89224,4,0.051,1
"2026-07-24 04:00:00",472,13.26,15.42,73,121,121,160,36593,1.3,0.75,5610,339968,0,0,472,28176,422.3,53470,-87,4,44.04367,-68.8923,5,0.054,1
"2026-07-24 05:00:00",473,13.25,16,73,107,107,166,36593,1.3,0.75,5610,340688,0,0,473,28176,537.3,53586,-85,4,44.04361,-68.89227,6,0.062,1
"2026-07-24 06:00:00",474,13.45,17.37,70,80.8,81,160,36593,1.3,0.75,5610,341408,0,0,474,28176,635.9,53686,-77,4,44.04364,-68.89233,6,0.062,1
"2026-07-24 07:00:00",475,13.5,21.27,68,-51.09,-51,159,36593,1.3,0.75,5610,342128,0,0,475,28176,735.4,53787,-79,4,44.04361,-68.89223,5,0.062,1
"2026-07-24 08:00:00",476,13.51,23.12,69,-116.9,-69,159,36593,1.3,0.75,5610,342848,0,0,476,28176,821,53875,-79,4,44.0436,-68.89221,5,0.073,1
"2026-07-24 09:00:00",477,13.65,24.24,68,-68.98,-56,166,36593,1.3,0.75,5610,343568,0,0,477,28176,939,53995,-77,13,44.04359,-68.89228,4,0.109,1
"2026-07-24 10:00:00",478,13.64,22.95,68,-55.94,-15,160,36593,1.3,0.75,5610,344288,0,0,478,28176,1047,54105,-79,4,44.04362,-68.89228,5,0.109,1
"2026-07-24 11:00:00",479,13.64,23.81,69,-15.01,-15,160,36593,1.3,0.75,5610,345008,0,0,479,28176,1147,54207,-79,4,44.04357,-68.89223,5,0.109,1
"2026-07-24 12:00:00",480,13.61,26.81,68,-18.97,4,159,36593,1.3,0.75,5610,345728,0,0,480,28176,1249,54311,-85,4,44.04359,-68.89222,4,0.109,1
"2026-07-24 13:00:00",481,13.57,27.09,67,4.017,16,159,36593,1.3,0.75,5610,346448,0,0,481,28176,1341,54405,-83,4,44.04359,-68.89223,7,0.109,1
"2026-07-24 14:00:00",482,13.56,26.2,68,16,16,159,36593,1.3,0.75,5610,347168,0,0,482,28176,1431,54497,-75,4,44.04362,-68.89223,4,0.115,1
"2026-07-24 15:00:00",483,13.57,27.17,67,15,15,160,36593,1.3,0.75,5610,347888,0,0,483,28176,1530,54598,-79,4,44.0436,-68.89226,6,0.115,1
"2026-07-24 16:00:00",484,13.56,26.01,67,14.98,15,159,36593,1.3,0.75,5610,348608,0,0,484,28176,1618,54687,-79,4,44.04358,-68.89227,4,0.115,1
"2026-07-24 17:00:00",485,13.59,26.01,68,0.021,15,160,36593,1.3,0.75,5610,349328,0,0,485,28176,1711,54782,-79,4,44.04359,-68.89226,4,0.069,1
"2026-07-24 18:00:00",486,13.59,25.54,67,14.98,15,160,36593,1.3,0.75,5610,350048,0,0,486,28176,1802,54875,-77,4,44.0436,-68.89228,5,0.069,1
"2026-07-24 19:00:00",487,13.6,24.62,67,-1.999,-1,160,36593,1.3,0.75,5610,350768,0,0,487,28176,1892,54967,-79,4,44.04361,-68.89225,4,0.066,1
"2026-07-24 20:00:00",488,13.58,20.46,70,-0.914,61,160,36593,1.3,0.75,5610,351488,0,0,488,28176,1994,55071,-81,4,44.04356,-68.89223,6,0.066,1
"2026-07-24 21:00:00",489,13.36,17.98,71,61,61,159,36593,1.3,0.75,5610,352208,0,0,489,28176,2091,55170,-83,4,44.04354,-68.89222,4,0.066,1
"2026-07-24 22:00:00",490,13.28,17.38,72,60.98,61,166,36593,1.3,0.75,5610,352928,0,0,490,28176,2183,55263,-81,4,44.04356,-68.89223,4,0.066,1
"2026-07-24 23:00:00",491,13.27,17.15,73,44,46,159,36593,1.3,0.75,5610,353648,0,0,491,28176,2279,55361,-83,4,44.04356,-68.89222,4,0.059,1
"2026-07-25 00:00:00",492,13.25,16.65,73,46.09,114,159,36593,1.3,0.75,5610,354368,0,0,492,28176,0,55461,-85,4,44.04354,-68.89235,4,0.059,1
"2026-07-25 01:00:00",493,13.27,17.16,73,114,114,159,36593,1.3,0.75,5610,355088,0,0,493,28176,106.8,55570,-87,4,44.04361,-68.8922,4,0.059,1
"2026-07-25 02:00:00",494,13.27,17.52,73,93,100,160,36593,1.3,0.75,5610,355808,0,0,494,28176,213.7,55679,-85,4,44.04358,-68.89222,4,0.059,1
"2026-07-25 03:00:00",495,13.24,17.14,72,100,109,159,36593,1.3,0.75,5610,356528,0,0,495,28176,318.7,55787,-85,4,44.04356,-68.89222,4,0.059,1
"2026-07-25 04:00:00",496,13.26,17.32,73,109.1,149,160,36593,1.3,0.75,5610,357248,0,0,496,28176,446.9,55917,-89,4,44.04356,-68.89223,4,0.059,1
"2026-07-25 05:00:00",497,13.26,17.1,73,148.9,149,159,36593,1.3,0.75,5610,357968,0,0,497,28176,544.4,56016,-85,4,44.04359,-68.89225,4,0.059,1
"2026-07-25 06:00:00",498,13.34,18.77,72,65.9,66,166,36593,1.3,0.75,5610,358688,0,0,498,28176,651.3,56125,-81,4,44.04361,-68.89227,5,0.059,1
"2026-07-25 07:00:00",499,13.57,21.58,70,-5.161,-5,159,36593,1.3,0.75,5610,359408,0,0,499,28176,754.8,56231,-83,4,44.04362,-68.89229,4,0.059,1
"2026-07-25 08:00:00",500,13.47,23.47,69,-120.9,-18,166,36593,1.3,0.75,5610,360128,0,0,500,28176,855,56333,-83,4,44.04361,-68.89223,5,0.063,1
"2026-07-25 09:00:00",501,13.63,25.39,70,-18.1,-18,159,36593,1.3,0.75,5610,360848,0,0,501,28176,955,56435,-81,13,44.04359,-68.89223,4,0.086,1
"2026-07-25 10:00:00",502,13.52,26.99,69,-90.9,8,159,36593,1.3,0.75,5610,361568,0,0,502,28176,1065,56547,-83,4,44.04359,-68.89224,6,0.089,1
"2026-07-25 11:00:00",503,13.56,26.88,68,7.989,8,166,36593,1.3,0.75,5610,362288,0,0,503,28176,1154,56637,-81,13,44.04357,-68.89222,5,0.091,1
"2026-07-25 12:00:00",504,13.58,26.97,66,0.015,11,166,36593,1.3,0.75,5610,363008,0,0,504,28176,1251,56736,-79,13,44.04357,-68.8922,5,0.091,1
"2026-07-25 13:00:00",505,13.59,25.25,68,11,12,166,36593,1.3,0.75,5610,363728,0,0,505,28176,1361,56849,-77,13,44.04358,-68.8922,6,0.091,1
"2026-07-25 14:00:00",506,13.58,26.62,67,11.99,12,159,36593,1.3,0.75,5610,364448,0,0,506,28176,1466,56956,-79,4,44.04357,-68.89222,4,0.059,1
"2026-07-25 15:00:00",507,13.58,26.51,67,8.04,35,159,36593,1.3,0.75,5610,365168,0,0,507,28176,1568,57060,-79,4,44.0436,-68.89223,7,0.059,1
"2026-07-25 16:00:00",508,13.62,24.92,68,34.97,35,159,36593,1.3,0.75,5610,365888,0,0,508,28176,1675,57169,-79,4,44.04359,-68.89224,5,0.042,1
"2026-07-25 17:00:00",509,13.59,26.99,66,13.99,14,159,36593,1.3,0.75,5610,366608,0,0,509,28176,1771,57267,-83,4,44.04364,-68.89227,4,0.048,1
"2026-07-25 18:00:00",510,13.58,26.15,67,5.992,6,159,36593,1.3,0.75,5610,367328,0,0,510,28176,1869,57366,-77,4,44.04359,-68.89224,6,0.048,1
"2026-07-25 19:00:00",511,13.59,24.51,68,0.035,25,159,36593,1.3,0.75,5610,368048,0,0,511,28176,1960,57460,-81,4,44.04357,-68.89223,4,0.029,1
"2026-07-25 20:00:00",512,13.53,22.28,69,25.03,49,160,36593,1.3,0.75,5610,368768,0,0,512,28176,2056,57558,-75,4,44.04359,-68.89222,6,0.013,1
"2026-07-25 21:00:00",513,13.34,19.39,72,49.03,73,160,36593,1.3,0.75,5610,369488,0,0,513,28176,2149,57653,-81,4,44.04356,-68.89225,4,0.013,1
"2026-07-25 22:00:00",514,13.28,17.79,73,72.98,73,163,36593,1.3,0.75,5610,370208,0,0,514,28176,2261,57766,-81,4,44.0436,-68.89222,5,0.002,1
"2026-07-25 23:00:00",515,13.27,17.42,73,54.99,55,160,36593,1.3,0.75,5610,370928,0,0,515,28176,2348,57856,-81,4,44.04358,-68.89223,4,0.002,1
"2026-07-26 00:00:00",516,13.26,17.02,73,48.09,116,159,36593,1.3,0.75,5610,371648,0,0,516,28176,0.065,57957,-77,4,44.04357,-68.89221,5,-0.003,1
"2026-07-26 01:00:00",517,13.26,16.61,73,116,116,160,36593,1.3,0.75,5610,372368,0,0,517,28176,95.8,58054,-83,4,44.04356,-68.89222,4,-0.003,1
"2026-07-26 02:00:00",518,13.23,16.47,72,99.9,100,160,36593,1.3,0.75,5610,373088,0,0,518,28176,192.1,58153,-81,4,44.04354,-68.89227,5,-0.003,1
"2026-07-26 03:00:00",519,13.25,15.75,73,42,42,159,36593,1.3,0.75,5610,373808,0,0,519,28176,292.9,58255,-75,13,44.04358,-68.89225,4,-0.003,1
"2026-07-26 04:00:00",520,13.26,15.63,73,41.03,65,160,36593,1.3,0.75,5610,374528,0,0,520,28176,392,58356,-87,4,44.04356,-68.89223,5,-0.006,1
"2026-07-26 05:00:00",521,13.25,15.26,73,65.06,107,166,36593,1.3,0.75,5610,375248,0,0,521,28176,489.8,58455,-85,4,44.04359,-68.8922,5,-0.013,1
"2026-07-26 06:00:00",522,13.37,17.77,72,106.8,107,159,36593,1.3,0.75,5610,375968,0,0,522,28176,579.9,58547,-85,4,44.04361,-68.89225,5,-0.013,1
"2026-07-26 07:00:00",523,13.46,20.55,71,-15.99,-10,160,36593,1.3,0.75,5610,376688,0,0,523,28176,667.6,58636,-83,4,44.04363,-68.89232,6,-0.013,1
"2026-07-26 08:00:00",524,13.6,22.43,71,-10.22,-10,167,36593,1.3,0.75,5610,377408,0,0,524,28176,759,58729,-77,4,44.04359,-68.89228,7,0.01,1
"2026-07-26 09:00:00",525,13.62,24.18,70,-170.8,0,159,36593,1.3,0.75,5610,378128,0,0,525,28176,845,58817,-77,4,44.04357,-68.89227,5,0.035,1
"2026-07-26 10:00:00",526,13.59,26.87,67,0.025,18,160,36593,1.3,0.75,5610,378848,0,0,526,28176,933,58905,-85,4,44.04359,-68.89224,7,0.035,1
"2026-07-26 11:00:00",527,13.59,26.97,67,18,20,159,36593,1.3,0.75,5610,379568,0,0,527,28176,1020,58994,-85,4,44.04364,-68.8922,4,0.035,1
"2026-07-26 12:00:00",528,13.59,24.88,69,19.98,20,160,36593,1.3,0.75,5610,380288,0,0,528,28176,1108,59083,-83,4,44.04358,-68.8922,5,0.035,1
"2026-07-26 13:00:00",529,13.61,24.5,69,1.988,2,159,36593,1.3,0.75,5610,381008,0,0,529,28176,1197,59174,-83,4,"NAN","NAN",4,0.035,1
"2026-07-26 14:00:00",530,13.62,24.75,67,-6.946,32,159,36593,1.3,0.75,5610,381728,0,0,530,28176,1291,59269,-83,4,44.04357,-68.89219,4,0.035,1
"2026-07-26 15:00:00",531,13.61,24.15,69,31.98,32,166,36593,1.3,0.75,5610,382448,0,0,531,28176,1376,59355,-77,4,44.0436,-68.89223,5,-0.033,1
"2026-07-26 16:00:00",532,13.6,24.09,69,19.96,20,160,36593,1.3,0.75,5610,383168,0,0,532,28176,1460,59441,-85,4,44.04359,-68.8923,4,-0.033,1
"2026-07-26 17:00:00",533,13.6,24.71,69,-8.95,27,159,36593,1.3,0.75,5610,383888,0,0,533,28176,1561,59542,-81,4,44.04358,-68.89233,4,-0.033,1
"2026-07-26 18:00:00",534,13.62,25.33,68,26.98,27,160,36593,1.3,0.75,5610,384608,0,0,534,28176,1653,59636,-87,4,44.04361,-68.89223,4,-0.032,1
"2026-07-26 19:00:00",535,13.62,25.09,68,15.99,16,160,36593,1.3,0.75,5610,385328,0,0,535,28176,1743,59728,-77,13,44.04364,-68.8923,6,-0.032,1
"2026-07-26 20:00:00",536,13.5,20.47,70,9.13,104,167,36593,1.3,0.75,5610,386048,0,0,536,28176,1836,59823,-81,4,44.04359,-68.89224,6,-0.032,1
"2026-07-26 21:00:00",537,13.32,18.43,72,104,104,160,36593,1.3,0.75,5610,386768,0,0,537,28176,1927,59915,-79,4,44.04358,-68.89223,5,-0.058,1
"2026-07-26 22:00:00",538,13.27,17.56,72,73.03,97,159,36593,1.3,0.75,5610,387488,0,0,538,28176,2011,59999,-81,4,"NAN","NAN",4,-0.058,1
"2026-07-26 23:00:00",539,13.25,16.9,72,97,97,166,36593,1.3,0.75,5610,388208,0,0,539,28176,2103,60093,-83,4,44.04358,-68.89221,5,-0.059,1
"2026-07-27 00:00:00",540,13.26,16.18,73,70,70,160,36593,1.3,0.75,5610,388928,0,0,540,28176,0.072,60193,-77,4,"NAN","NAN",4,-0.059,1
"2026-07-27 01:00:00",541,13.26,16.04,73,69.05,104,159,36593,1.3,0.75,5610,389648,0,0,541,28176,100.9,60295,-83,4,44.04356,-68.8922,4,-0.059,1
"2026-07-27 02:00:00",542,13.26,15.67,73,104,104,160,36593,1.3,0.75,5610,390368,0,0,542,28176,206.6,60402,-81,4,44.04359,-68.89216,4,-0.058,1
"2026-07-27 03:00:00",543,13.24,15.6,73,82,82,160,36593,1.3,0.75,5610,391088,0,0,543,28176,311.8,60509,-79,4,44.04358,-68.89223,6,-0.058,1
"2026-07-27 04:00:00",544,13.26,15.14,74,67.99,68,166,36593,1.3,0.75,5610,391808,0,0,544,28176,387.9,60586,-73,4,44.04357,-68.89221,5,-0.058,1
"2026-07-27 05:00:00",545,13.25,15.29,73,58,58,159,36593,1.3,0.75,5610,392528,0,0,545,28176,454.2,60654,-79,4,44.04354,-68.89226,6,-0.066,1
"2026-07-27 06:00:00",546,13.39,17.9,71,57.9,58,160,36593,1.3,0.75,5610,393248,0,0,546,28176,531.4,60732,-85,4,44.04356,-68.89224,5,-0.066,1
"2026-07-27 07:00:00",547,13.56,22.01,69,-11.15,-11,160,36593,1.3,0.75,5610,393968,0,0,547,28176,612.8,60815,-51,4,44.04365,-68.89234,5,-0.066,1
"2026-07-27 08:00:00",548,13.49,24.04,69,-120.9,-70,166,36593,1.3,0.75,5610,394688,0,0,548,28176,703.1,60907,-81,13,44.04363,-68.89229,5,-0.038,1
"2026-07-27 09:00:00",549,13.61,24.38,71,-69.96,-39,159,36593,1.3,0.75,5610,395408,0,0,549,28176,787.5,60993,-81,4,44.04362,-68.89226,6,-0.032,1
"2026-07-27 10:00:00",550,13.62,25.82,69,-38.96,-13,166,36593,1.3,0.75,5610,396128,0,0,550,28176,883,61090,-79,13,44.0436,-68.89228,4,-0.032,1
"2026-07-27 11:00:00",551,13.56,28.06,66,-12.95,22,166,36593,1.3,0.75,5610,396848,0,0,551,28176,970,61178,-83,4,44.04358,-68.89221,5,-0.032,1
"2026-07-27 12:00:00",552,13.56,27.56,66,21.98,22,159,36593,1.3,0.75,5610,397568,0,0,552,28176,1062,61272,-81,4,44.04359,-68.89222,6,-0.032,1
"2026-07-27 13:00:00",553,13.56,26.16,67,9.99,10,159,36593,1.3,0.75,5610,398288,0,0,553,28176,1154,61366,-51,4,44.0436,-68.89226,4,-0.032,1
"2026-07-27 14:00:00",554,13.59,25.23,67,0.057,41,160,36593,1.3,0.75,5610,399008,0,0,554,28176,1251,61465,-83,4,44.04358,-68.89217,5,-0.032,1
"2026-07-27 15:00:00",555,13.62,24.71,67,40.97,41,160,36593,1.3,0.75,5610,399728,0,0,555,28176,1348,61563,-81,4,44.04358,-68.89217,4,-0.065,1
"2026-07-27 16:00:00",556,13.62,24.75,69,15.98,16,159,36593,1.3,0.75,5610,400448,0,0,556,28176,1448,61665,-79,4,44.0436,-68.89221,4,-0.065,1
"2026-07-27 17:00:00",557,13.64,23.03,70,1.996,2,160,36593,1.3,0.75,5610,401168,0,0,557,28176,1542,61761,-77,4,44.04363,-68.89223,4,-0.065,1
"2026-07-27 18:00:00",558,13.64,24.58,68,-0.994,3,159,36593,1.3,0.75,5610,401888,0,0,558,28176,1638,61858,-81,4,44.04363,-68.89225,5,-0.065,1
"2026-07-27 19:00:00",559,13.62,23.94,69,2.989,3,166,36593,1.3,0.75,5610,402608,0,0,559,28176,1731,61953,-75,13,44.0436,-68.89224,4,-0.065,1
"2026-07-27 20:00:00",560,13.52,21.71,70,-4.901,66,159,36593,1.3,0.75,5610,403328,0,0,560,28176,1841,62064,-85,4,44.04363,-68.89221,6,-0.065,1
"2026-07-27 21:00:00",561,13.31,19.46,72,66.02,81,159,36593,1.3,0.75,5610,404048,0,0,561,28176,1922,62148,-51,4,44.04359,-68.8922,5,-0.078,1
"2026-07-27 22:00:00",562,13.28,18.47,73,81,81,159,36593,1.3,0.75,5610,404768,0,0,562,28176,2013,62240,-75,4,44.04347,-68.89225,4,-0.078,1
"2026-07-27 23:00:00",563,13.27,18.17,73,66,68,159,36593,1.3,0.75,5610,405488,0,0,563,28176,2106,62335,-77,4,44.04359,-68.89223,5,-0.08,1
"2026-07-28 00:00:00",564,13.25,17.79,74,67.97,68,159,36593,1.3,0.75,5610,406208,0,0,564,28176,0,62430,-51,4,44.04358,-68.89223,4,-0.08,1
"2026-07-28 01:00:00",565,13.26,17.89,73,44.01,50,159,36593,1.3,0.75,5610,406928,0,0,565,28176,63.88,62495,-83,4,44.04356,-68.89224,5,-0.08,1
"2026-07-28 02:00:00",566,13.26,17.78,73,50,50,159,36593,1.3,0.75,5610,407648,0,0,566,28176,157.4,62590,-83,4,44.04357,-68.8922,4,-0.075,1
"2026-07-28 03:00:00",567,13.24,17.12,74,47.11,124,160,36593,1.3,0.75,5610,408368,0,0,567,28176,222.4,62656,-85,4,44.04356,-68.8922,7,-0.075,1
"2026-07-28 04:00:00",568,13.26,17.02,73,123.9,124,159,36593,1.3,0.75,5610,409088,0,0,568,28176,313.4,62749,-51,4,44.04357,-68.89228,4,-0.075,1
"2026-07-28 05:00:00",569,13.25,17.17,73,79.09,141,166,36593,1.3,0.75,5610,409808,0,0,569,28176,406.6,62844,-81,13,44.04359,-68.89221,4,-0.087,1
"2026-07-28 06:00:00",570,13.44,19.44,72,140.8,141,167,36593,1.3,0.75,5610,410528,0,0,570,28176,445.5,62884,0,13,44.04357,-68.8922,4,-0.087,1
"2026-07-28 07:00:00",571,13.54,22.95,69,-20.1,-20,160,36593,1.3,0.75,5610,411248,0,0,571,28176,518.9,62959,-85,4,44.0436,-68.89229,7,-0.087,1
"2026-07-28 08:00:00",572,13.56,24.13,70,-89.1,-89,159,36593,1.3,0.75,5610,411968,0,0,572,28176,600.4,63042,-81,4,44.04362,-68.89229,4,-0.054,1
"2026-07-28 09:00:00",573,13.57,25.47,70,-139.8,17,159,36593,1.3,0.75,5610,412688,0,0,573,28176,686.7,63130,-85,13,44.04362,-68.89229,4,-0.05,1
"2026-07-28 10:00:00",574,13.59,25.34,69,16.97,17,166,36593,1.3,0.75,5610,413408,0,0,574,28176,781.9,63227,-81,4,44.04361,-68.89224,7,-0.05,1
"2026-07-28 11:00:00",575,13.59,25.81,68,-1.986,8,160,36593,1.3,0.75,5610,414128,0,0,575,28176,873,63319,-87,4,44.04362,-68.89227,4,-0.05,1
"2026-07-28 12:00:00",576,13.62,25.29,69,7.981,8,160,36593,1.3,0.75,5610,414848,0,0,576,28176,962,63410,-79,4,44.04356,-68.89224,4,-0.068,1
"2026-07-28 13:00:00",577,13.6,26.91,68,-5.982,7,159,36593,1.3,0.75,5610,415568,0,0,577,28176,1050,63500,-85,4,44.0436,-68.89223,6,-0.068,1
"2026-07-28 14:00:00",578,13.57,28.26,67,6.999,7,159,36593,1.3,0.75,5610,416288,0,0,578,28176,1178,63630,-83,4,44.04356,-68.89223,4,-0.068,1
"2026-07-28 15:00:00",579,13.57,26.19,68,6.01,13,160,36593,1.3,0.75,5610,417008,0,0,579,28176,1273,63727,-83,4,44.04357,-68.8922,6,-0.058,1
"2026-07-28 16:00:00",580,13.59,25.09,69,12.99,13,160,36593,1.3,0.75,5610,417728,0,0,580,28176,1356,63812,-85,4,44.04349,-68.89219,4,-0.058,1
"2026-07-28 17:00:00",581,13.6,23.77,69,8.01,15,160,36593,1.3,0.75,5610,418448,0,0,581,28176,1442,63900,-83,4,44.04359,-68.8922,4,-0.058,1
"2026-07-28 18:00:00",582,13.61,23.24,69,14.97,15,160,36593,1.3,0.75,5610,419168,0,0,582,28176,1521,63981,-87,4,44.0436,-68.89224,4,-0.074,1
"2026-07-28 19:00:00",583,13.57,20.35,71,-4.897,69,159,36593,1.3,0.75,5610,419888,0,0,583,28176,1610,64071,-85,4,44.04361,-68.89228,7,-0.074,1
"2026-07-28 20:00:00",584,13.34,19.37,72,69,69,159,36593,1.3,0.75,5610,420608,0,0,584,28176,1704,64167,-83,4,44.04366,-68.89231,4,-0.082,1
"2026-07-28 21:00:00",585,13.28,19.33,73,68.02,82,160,36593,1.3,0.75,5610,421328,0,0,585,28176,1787,64252,-71,4,44.0436,-68.89227,4,-0.082,1
"2026-07-28 22:00:00",586,13.26,19.17,73,82.1,119,160,36593,1.3,0.75,5610,422048,0,0,586,28176,1870,64336,-71,4,44.04359,-68.8923,4,-0.086,1
"2026-07-28 23:00:00",587,13.25,19.29,73,119,128,159,36593,1.3,0.75,5610,422768,0,0,587,28176,1953,64421,-87,4,44.04361,-68.89225,4,-0.086,1
"2026-07-29 00:00:00",588,13.27,19.08,73,128,128,159,36593,1.3,0.75,5610,423488,0,0,588,28176,0,64510,-87,4,44.04356,-68.8922,5,-0.082,1
"2026-07-29 01:00:00",589,13.26,19.17,74,92,92,160,36593,1.3,0.75,5610,424208,0,0,589,28176,96.4,64608,-89,4,44.04356,-68.89222,4,-0.079,1
"2026-07-29 02:00:00",590,13.26,18.9,74,81,90,159,36593,1.3,0.75,5610,424928,0,0,590,28176,198.6,64713,-83,4,44.0437,-68.89224,4,-0.086,1
"2026-07-29 03:00:00",591,13.19,18.52,74,90,122,160,36593,1.3,0.75,5610,425648,0,0,591,28176,305.7,64822,-89,4,44.04359,-68.8922,5,-0.086,1
"2026-07-29 04:00:00",592,13.26,18.8,74,122,122,160,36593,1.3,0.75,5610,426368,0,0,592,28176,405.1,64923,-85,4,44.04359,-68.89222,4,-0.087,1
"2026-07-29 05:00:00",593,13.26,18.24,74,115,115,160,36593,1.3,0.75,5610,427088,0,0,593,28176,509.5,65030,-85,13,44.0436,-68.89223,6,-0.087,1
"2026-07-29 06:00:00",594,13.24,18.8,73,97,105,160,36593,1.3,0.75,5610,427808,0,0,594,28176,601,65123,-87,4,44.04358,-68.8923,5,-0.087,1
"2026-07-29 07:00:00",595,13.35,20.37,71,104.9,105,160,36593,1.3,0.75,5610,428528,0,0,595,28176,684.3,65208,-83,4,44.04349,-68.89218,4,-0.086,1
"2026-07-29 08:00:00",596,13.5,21.32,71,28.78,29,166,36593,1.3,0.75,5610,429248,0,0,596,28176,769.7,65296,-85,4,44.04366,-68.89227,5,-0.073,1
"2026-07-29 09:00:00",597,13.49,22.12,71,-130.9,-86,160,36593,1.3,0.75,5610,429968,0,0,597,28176,851,65379,-85,4,44.04362,-68.89236,4,-0.07,1
"2026-07-29 10:00:00",598,13.56,24.29,68,-86.1,-86,160,36593,1.3,0.75,5610,430688,0,0,598,28176,940,65470,-85,4,44.0436,-68.89231,4,-0.05,1
"2026-07-29 11:00:00",599,13.61,24.17,70,-137.8,-19,160,36593,1.3,0.75,5610,431408,0,0,599,28176,1027,65560,-83,4,44.04363,-68.89229,4,-0.05,1
"2026-07-29 12:00:00",600,13.62,23.48,71,-18.99,-9,159,36593,1.3,0.75,5610,432128,0,0,600,28176,1113,65647,-79,4,44.04359,-68.89225,4,-0.05,1
"2026-07-29 13:00:00",601,13.62,22.95,71,-9.01,-9,159,36593,1.3,0.75,5610,432848,0,0,601,28176,1226,65763,-79,13,44.04364,-68.89232,4,-0.05,1
"2026-07-29 14:00:00",602,13.67,23.25,70,-14.97,5,159,36593,1.3,0.75,5610,433568,0,0,602,28176,1325,65864,-79,13,44.04364,-68.89232,4,-0.068,1
"2026-07-29 15:00:00",603,13.67,22.1,70,5.001,6,167,36593,1.3,0.75,5610,434288,0,0,603,28176,1418,65960,-81,4,44.04362,-68.89223,4,-0.068,1
"2026-07-29 16:00:00",604,13.67,22.29,70,5.99,6,160,36593,1.3,0.75,5610,435008,0,0,604,28176,1519,66063,-85,4,44.04362,-68.89223,4,-0.068,1
"2026-07-29 17:00:00",605,13.67,21.65,71,-0.967,23,159,36593,1.3,0.75,5610,435728,0,0,605,28176,1624,66170,-79,4,44.04362,-68.89224,4,-0.068,1
"2026-07-29 18:00:00",606,13.69,19.96,72,23.04,49,159,36593,1.3,0.75,5610,436448,0,0,606,28176,1736,66285,-79,13,44.04354,-68.89231,4,-0.068,1
"2026-07-29 19:00:00",607,13.44,19.39,73,49.02,65,160,36593,1.3,0.75,5610,437168,0,0,607,28176,1844,66396,-81,13,44.0436,-68.89233,5,-0.074,1
"2026-07-29 20:00:00",608,13.29,18.43,74,65,67,160,36593,1.3,0.75,5610,437888,0,0,608,28176,1950,66504,-79,4,44.04366,-68.89229,4,-0.074,1
"2026-07-29 21:00:00",609,13.25,18.69,74,67.06,110,159,36593,1.3,0.75,5610,438608,0,0,609,28176,2052,66609,-81,4,44.04363,-68.89227,4,-0.074,1
"2026-07-29 22:00:00",610,13.27,18.61,74,109.9,110,159,36593,1.3,0.75,5610,439328,0,0,610,28176,2157,66717,-81,4,44.04356,-68.89231,4,-0.074,1
"2026-07-29 23:00:00",611,13.24,18.6,74,57.01,64,160,36593,1.3,0.75,5610,440048,0,0,611,28176,2263,66825,-85,4,44.04357,-68.8923,5,-0.071,1
"2026-07-30 00:00:00",612,13.27,19.03,75,64,64,159,36593,1.3,0.75,5610,440768,0,0,612,28176,0,66927,-85,4,44.04354,-68.89232,4,-0.071,1
"2026-07-30 01:00:00",613,13.25,19,75,63.03,87,159,36593,1.3,0.75,5610,441488,0,0,613,28176,100.6,67030,-87,4,44.04356,-68.89227,5,-0.071,1
"2026-07-30 02:00:00",614,13.26,18.94,74,86.9,87,166,36593,1.3,0.75,5610,442208,0,0,614,28176,210.4,67142,-87,4,44.04354,-68.89227,5,-0.071,1
"2026-07-30 03:00:00",615,13.27,19.04,75,37.01,44,159,36593,1.3,0.75,5610,442928,0,0,615,28176,320,67254,-89,4,44.04356,-68.89223,6,-0.079,1
"2026-07-30 04:00:00",616,13.25,19.06,74,44.02,56,160,36593,1.3,0.75,5610,443648,0,0,616,28176,428.3,67365,-83,4,44.04356,-68.89222,4,-0.079,1
"2026-07-30 05:00:00",617,13.25,19.36,74,56.04,83,159,36593,1.3,0.75,5610,444368,0,0,617,28176,520.9,67460,-77,4,44.04359,-68.89229,4,-0.079,1
"2026-07-30 06:00:00",618,13.26,19.5,74,83,83,160,36593,1.3,0.75,5610,445088,0,0,618,28176,620.4,67561,-85,4,44.04354,-68.89226,4,-0.079,1
"2026-07-30 07:00:00",619,13.29,19.86,74,52.02,66,166,36593,1.3,0.75,5610,445808,0,0,619,28176,720.5,67664,-81,4,44.04352,-68.89227,4,-0.082,1
"2026-07-30 08:00:00",620,13.45,22.11,72,65.8,66,159,36593,1.3,0.75,5610,446528,0,0,620,28176,824,67770,-85,4,44.04351,-68.8923,4,-0.082,1
"2026-07-30 09:00:00",621,13.52,22.97,71,-80.1,-80,160,36593,1.3,0.75,5610,447248,0,0,621,28176,930,67878,-77,13,44.0436,-68.89233,4,-0.082,1
"2026-07-30 10:00:00",622,13.39,21.9,72,-121.8,-2,167,36593,1.3,0.75,5610,447968,0,0,622,28176,1036,67987,-85,4,44.04359,-68.89234,4,-0.068,1
"2026-07-30 11:00:00",623,13.43,22.65,71,-2.028,-2,159,36593,1.3,0.75,5610,448688,0,0,623,28176,1138,68091,-83,4,44.04349,-68.89233,4,-0.068,1
"2026-07-30 12:00:00",624,13.44,21.55,73,-22.01,-22,160,36593,1.3,0.75,5610,449408,0,0,624,28176,1234,68190,-81,4,44.04359,-68.89227,5,-0.067,1
"2026-07-30 13:00:00",625,13.4,21.49,73,-29.97,-9,160,36593,1.3,0.75,5610,450128,0,0,625,28176,1340,68298,-81,4,44.04359,-68.89229,4,-0.068,1
"2026-07-30 14:00:00",626,13.42,21.23,73,-9,-8,159,36593,1.3,0.75,5610,450848,0,0,626,28176,1437,68397,-81,4,44.04362,-68.89221,4,-0.068,1
"2026-07-30 15:00:00",627,13.41,21.06,73,-7.957,23,159,36593,1.3,0.75,5610,451568,0,0,627,28176,1546,68509,-83,4,44.04354,-68.8923,4,-0.083,1
"2026-07-30 16:00:00",628,13.42,20.76,74,22.97,23,167,36593,1.3,0.75,5610,452288,0,0,628,28176,1648,68613,-83,4,44.04357,-68.89228,4,-0.083,1
"2026-07-30 17:00:00",629,13.41,20.74,73,3.014,13,160,36593,1.3,0.75,5610,453008,0,0,629,28176,1748,68716,-87,4,44.04356,-68.89223,5,-0.083,1
"2026-07-30 18:00:00",630,13.37,19.84,74,12.99,13,160,36593,1.3,0.75,5610,453728,0,0,630,28176,1844,68814,-79,4,44.04354,-68.89226,5,-0.083,1
"2026-07-30 19:00:00",631,13.32,19.84,74,5.131,99,159,36593,1.3,0.75,5610,454448,0,0,631,28176,1943,68915,-79,4,44.04364,-68.89232,4,-0.081,1
"2026-07-30 20:00:00",632,13.28,19.56,74,99,99,160,36593,1.3,0.75,5610,455168,0,0,632,28176,2015,68988,-83,13,44.04358,-68.89228,4,-0.081,1
"2026-07-30 21:00:00",633,13.27,19.3,75,86,91,160,36593,1.3,0.75,5610,455888,0,0,633,28176,2107,69083,-77,4,44.04358,-68.89227,4,-0.08,1
"2026-07-30 22:00:00",634,13.25,18.66,75,91,91,160,36593,1.3,0.75,5610,456608,0,0,634,28176,2201,69179,-83,13,44.04358,-68.89232,4,-0.076,1
"2026-07-30 23:00:00",635,13.22,18.89,75,91,92,159,36593,1.3,0.75,5610,457328,0,0,635,28176,2310,69290,-81,13,44.04357,-68.89231,6,-0.075,1
"2026-07-31 00:00:00",636,13.25,19.05,75,91.9,92,159,36593,1.3,0.75,5610,458048,0,0,636,28176,0,69396,-87,4,44.04358,-68.8923,4,-0.075,1
"2026-07-31 01:00:00",637,13.24,19.24,75,51.04,81,160,36593,1.3,0.75,5610,458768,0,0,637,28176,108,69507,-79,13,44.0435,-68.8923,4,-0.073,1
"2026-07-31 02:00:00",638,13.27,18.83,75,81,81,159,36593,1.3,0.75,5610,459488,0,0,638,28176,211.8,69613,-83,4,"NAN","NAN",4,-0.073,1
"2026-07-31 03:00:00",639,13.26,18.65,75,44.98,45,167,36593,1.3,0.75,5610,460208,0,0,639,28176,316.7,69720,-83,13,44.04354,-68.89226,5,-0.072,1
"2026-07-31 04:00:00",640,13.26,18.69,75,32.04,58,159,36593,1.3,0.75,5610,460928,0,0,640,28176,427,69832,-81,13,44.04354,-68.89223,5,-0.072,1
"2026-07-31 05:00:00",641,13.25,18.48,75,57.97,58,167,36593,1.3,0.75,5610,461648,0,0,641,28176,533.3,69941,-83,4,44.04354,-68.89223,5,-0.072,1
"2026-07-31 06:00:00",642,13.28,18.63,75,35.97,36,160,36593,1.3,0.75,5610,462368,0,0,642,28176,625.5,70035,-81,4,44.04354,-68.8923,5,-0.066,1
"2026-07-31 07:00:00",643,13.4,21.22,72,14.88,15,160,36593,1.3,0.75,5610,463088,0,0,643,28176,729.8,70141,-81,4,44.04354,-68.89229,5,-0.062,1
"2026-07-31 08:00:00",644,13.53,23.16,70,-73.13,-73,166,36593,1.3,0.75,5610,463808,0,0,644,28176,829,70242,-79,4,44.04354,-68.8923,4,-0.057,1
"2026-07-31 09:00:00",645,13.53,23.29,70,-164,-130,165,36593,1.3,0.75,5610,464528,0,0,645,28176,933,70349,-87,4,44.04363,-68.89235,4,-0.03,1
"2026-07-31 10:00:00",646,13.52,24.34,70,-129.9,-92,159,36593,1.3,0.75,5610,465248,0,0,646,28176,1033,70451,-83,4,44.04362,-68.8923,4,-0.023,1
"2026-07-31 11:00:00",647,13.58,25.22,71,-91.9,11,159,36593,1.3,0.75,5610,465968,0,0,647,28176,1132,70552,-81,4,44.04352,-68.89236,5,-0.02,1
"2026-07-31 12:00:00",648,13.56,25.61,71,10.97,11,160,36593,1.3,0.75,5610,466688,0,0,648,28176,1240,70662,-77,4,44.04359,-68.8923,6,-0.02,1
"2026-07-31 13:00:00",649,13.56,25.62,72,-11.03,-11,160,36593,1.3,0.75,5610,467408,0,0,649,28176,1340,70764,-81,4,44.04361,-68.89233,4,-0.023,1
"2026-07-31 14:00:00",650,13.56,26.2,72,-30.01,-30,159,36593,1.3,0.75,5610,468128,0,0,650,28176,1433,70859,-81,4,44.04349,-68.89231,4,-0.023,1
"2026-07-31 15:00:00",651,13.56,27.08,71,-38.97,-14,159,36593,1.3,0.75,5610,468848,0,0,651,28176,1541,70969,-79,4,44.04358,-68.89226,5,-0.04,1
"2026-07-31 16:00:00",652,13.59,24.42,70,-14,-14,159,36593,1.3,0.75,5610,469568,0,0,652,28176,1651,71081,-81,4,44.04353,-68.89224,4,-0.048,1
"2026-07-31 17:00:00",653,13.6,23.3,70,-14.99,-10,160,36593,1.3,0.75,5610,470288,0,0,653,28176,1756,71189,-79,4,44.04356,-68.8922,4,-0.059,1
"2026-07-31 18:00:00",654,13.62,25.52,69,-10.02,-10,159,36593,1.3,0.75,5610,471008,0,0,654,28176,1855,71290,-77,13,44.04356,-68.89222,4,-0.059,1
"2026-07-31 19:00:00",655,13.63,23.51,71,-21.95,13,160,36593,1.3,0.75,5610,471728,0,0,655,28176,1954,71391,-83,4,44.04358,-68.89224,4,-0.059,1
"2026-07-31 20:00:00",656,13.57,20.33,73,13.15,118,159,36593,1.3,0.75,5610,472448,0,0,656,28176,2065,71504,-85,4,44.04357,-68.89227,6,-0.069,1
"2026-07-31 21:00:00",657,13.32,18.9,73,118,118,159,36593,1.3,0.75,5610,473168,0,0,657,28176,2168,71609,-83,4,44.04357,-68.89227,4,-0.069,1
"2026-07-31 22:00:00",658,13.28,18.39,74,98,98,160,36593,1.3,0.75,5610,473888,0,0,658,28176,2290,71733,-79,13,44.04351,-68.89227,4,-0.056,1
"2026-07-31 23:00:00",659,13.27,18.13,75,85,85,160,36593,1.3,0.75,5610,474608,0,0,659,28176,2407,71853,-83,4,44.04359,-68.89231,6,-0.056,1
"2026-08-01 00:00:00",660,13.27,18.27,75,59.03,84,159,36593,1.3,0.75,5610,475328,0,0,660,28176,0.099,0,-83,4,44.0436,-68.89225,4,-0.047,1
"2026-08-01 01:00:00",661,13.26,17.79,75,84,84,160,36593,1.3,0.75,5610,476048,0,0,661,28176,99.3,99,-79,13,44.04359,-68.89226,4,-0.044,1
"2026-08-01 02:00:00",662,13.24,18.4,75,65.02,78,160,36593,1.3,0.75,5610,476768,0,0,662,28176,190.9,190,-81,13,44.04358,-68.89221,5,-0.041,1
"2026-08-01 03:00:00",663,13.2,18.17,75,77.97,78,166,36593,1.3,0.75,5610,477488,0,0,663,28176,278.8,278,-85,4,44.04351,-68.89225,4,-0.041,1
"2026-08-01 04:00:00",664,13.24,18.18,75,54.05,91,167,36593,1.3,0.75,5610,478208,0,0,664,28176,374.5,374,-87,4,44.04354,-68.89222,6,-0.041,1
"2026-08-01 05:00:00",665,13.24,17.31,75,91,102,160,36593,1.3,0.75,5610,478928,0,0,665,28176,468.1,468,-79,13,"NAN","NAN",4,-0.041,1
"2026-08-01 06:00:00",666,13.3,18.04,74,101.9,102,160,36593,1.3,0.75,5610,479648,0,0,666,28176,558.9,558,-85,4,44.04351,-68.8922,4,-0.038,1
"2026-08-01 07:00:00",667,13.52,22.44,71,62.71,63,160,36593,1.3,0.75,5610,480368,0,0,667,28176,667.9,667,-85,4,44.04365,-68.89225,4,-0.038,1
"2026-08-01 08:00:00",668,13.49,24.96,70,-146.9,-89,166,36593,1.3,0.75,5610,481088,0,0,668,28176,750.3,750,-95,13,44.04356,-68.89228,5,-0.027,1
"2026-08-01 09:00:00",669,13.49,24.92,70,-88.9,-42,159,36593,1.3,0.75,5610,481808,0,0,669,28176,832,831,-87,4,44.04358,-68.89227,6,0.022,1
"2026-08-01 10:00:00",670,13.54,25.63,71,-41.78,118,159,36593,1.3,0.75,5610,482528,0,0,670,28176,906,906,-83,4,44.04359,-68.8923,4,0.022,1
"2026-08-01 11:00:00",671,13.59,26.11,70,117.9,118,159,36593,1.3,0.75,5610,483248,0,0,671,28176,993,992,-83,4,44.04361,-68.89234,4,0.022,1
"2026-08-01 12:00:00",672,13.56,26.15,71,20.99,21,166,36593,1.3,0.75,5610,483968,0,0,672,28176,1079,1079,-81,4,44.04357,-68.8923,5,-0.006,1
"2026-08-01 13:00:00",673,13.62,25,70,14.02,25,159,36593,1.3,0.75,5610,484688,0,0,673,28176,1170,1169,-83,4,44.04357,-68.8923,5,-0.006,1
"2026-08-01 14:00:00",674,13.61,25.1,69,24.97,25,159,36593,1.3,0.75,5610,485408,0,0,674,28176,1299,1299,-81,4,44.0436,-68.89225,6,-0.018,1
"2026-08-01 15:00:00",675,13.62,25.39,70,5.056,45,160,36593,1.3,0.75,5610,486128,0,0,675,28176,1381,1380,-81,4,44.04381,-68.89225,5,-0.018,1
"2026-08-01 16:00:00",676,13.62,25.48,70,44.95,45,166,36593,1.3,0.75,5610,486848,0,0,676,28176,1467,1466,-79,13,44.04359,-68.89222,5,-0.019,1
"2026-08-01 17:00:00",677,13.62,23.9,71,5.993,6,160,36593,1.3,0.75,5610,487568,0,0,677,28176,1543,1542,-83,4,44.04354,-68.89225,4,-0.019,1
"2026-08-01 18:00:00",678,13.62,25.14,69,0.986,1,160,36593,1.3,0.75,5610,488288,0,0,678,28176,1622,1621,-83,4,44.04356,-68.8922,6,-0.018,1
"2026-08-01 19:00:00",679,13.56,21.53,73,-8.93,41,166,36593,1.3,0.75,5610,489008,0,0,679,28176,1704,1703,-79,4,44.04365,-68.89223,4,-0.017,1
"2026-08-01 20:00:00",680,13.36,19.99,73,41.09,108,159,36593,1.3,0.75,5610,489728,0,0,680,28176,1784,1784,-77,4,44.04359,-68.89227,5,-0.017,1
"2026-08-01 21:00:00",681,13.29,18.83,74,107.9,108,167,36593,1.3,0.75,5610,490448,0,0,681,28176,1857,1856,-83,13,44.04352,-68.89224,4,-0.017,1
"2026-08-01 22:00:00",682,13.27,18.67,75,69.99,70,160,36593,1.3,0.75,5610,491168,0,0,682,28176,1950,1950,-85,4,44.0436,-68.89225,4,-0.017,1
"2026-08-01 23:00:00",683,13.25,18.79,75,65.07,116,163,36593,1.3,0.75,5610,491888,0,0,683,28176,2028,2028,-71,4,44.04361,-68.8923,5,-0.017,1
"2026-08-02 00:00:00",684,13.27,18.7,75,115.9,116,159,36593,1.3,0.75,5610,492608,0,0,684,28176,0.061,2125,-83,4,44.0436,-68.89226,4,-0.015,1
"2026-08-02 01:00:00",685,13.27,18.55,75,79.02,92,160,36593,1.3,0.75,5610,493328,0,0,685,28176,84.4,2209,-89,4,44.04359,-68.89225,8,-0.01,1
"2026-08-02 02:00:00",686,13.26,19.36,75,92,92,160,36593,1.3,0.75,5610,494048,0,0,686,28176,179.2,2304,-85,4,44.04364,-68.89214,5,-0.01,1
"2026-08-02 03:00:00",687,13.26,19.05,75,88,103,167,36593,1.3,0.75,5610,494768,0,0,687,28176,269.1,2394,-87,4,44.04357,-68.89223,4,-0.01,1
"2026-08-02 04:00:00",688,13.26,19.09,75,103,103,159,36593,1.3,0.75,5610,495488,0,0,688,28176,367.2,2492,-85,4,44.04356,-68.89223,7,-0.01,1
"2026-08-02 05:00:00",689,13.25,18.78,75,78.08,139,159,36593,1.3,0.75,5610,496208,0,0,689,28176,461.4,2586,-89,4,44.04356,-68.89223,4,-0.011,1
"2026-08-02 06:00:00",690,13.27,19.62,75,138.9,139,159,36593,1.3,0.75,5610,496928,0,0,690,28176,552.6,2678,-87,4,44.04361,-68.89224,5,-0.011,1
"2026-08-02 07:00:00",691,13.29,19.53,75,87,87,166,36593,1.3,0.75,5610,497648,0,0,691,28176,636.9,2762,-91,4,44.04361,-68.89223,5,-0.011,1
"2026-08-02 08:00:00",692,13.38,20.28,74,81.9,82,159,36593,1.3,0.75,5610,498368,0,0,692,28176,721.7,2847,-85,4,44.04357,-68.89228,4,-0.002,1
"2026-08-02 09:00:00",693,13.43,21.84,72,10.99,11,160,36593,1.3,0.75,5610,499088,0,0,693,28176,836,2961,-83,4,44.04359,-68.8923,4,-0.002,1
"2026-08-02 10:00:00",694,13.44,22,73,2.026,21,160,36593,1.3,0.75,5610,499808,0,0,694,28176,930,3054,-83,4,44.04362,-68.89229,4,0.011,1
"2026-08-02 11:00:00",695,13.49,22.93,71,20.88,21,159,36593,1.3,0.75,5610,500528,0,0,695,28176,1018,3143,-81,4,44.04379,-68.89227,4,0.011,1
"2026-08-02 12:00:00",696,13.61,26.33,68,-67.92,-13,159,36593,1.3,0.75,5610,501248,0,0,696,28176,1106,3231,-83,4,44.04364,-68.89231,5,0.012,1
"2026-08-02 13:00:00",697,13.62,25.95,69,-12.97,12,160,36593,1.3,0.75,5610,501968,0,0,697,28176,1198,3323,-87,4,44.04361,-68.89223,5,0.012,1
"2026-08-02 14:00:00",698,13.61,25.23,71,12.01,19,159,36593,1.3,0.75,5610,502688,0,0,698,28176,1290,3415,-87,4,44.04356,-68.89221,5,0.013,1
"2026-08-02 15:00:00",699,13.62,24.69,72,19,22,160,36593,1.3,0.75,5610,503408,0,0,699,28176,1383,3508,-89,4,44.04364,-68.89223,4,0.013,1
"2026-08-02 16:00:00",700,13.61,25.46,71,21.99,22,160,36593,1.3,0.75,5610,504128,0,0,700,28176,1484,3609,-83,4,44.0436,-68.89224,4,0.013,1
"2026-08-02 17:00:00",701,13.63,23.45,71,16.98,17,159,36593,1.3,0.75,5610,504848,0,0,701,28176,1587,3712,-85,4,44.04366,-68.89218,4,-0.012,1
"2026-08-02 18:00:00",702,13.64,22.55,71,5.047,39,166,36593,1.3,0.75,5610,505568,0,0,702,28176,1679,3804,-87,4,44.0436,-68.89222,4,-0.02,1
"2026-08-02 19:00:00",703,13.56,21.32,73,39.04,71,160,36593,1.3,0.75,5610,506288,0,0,703,28176,1769,3894,-85,4,44.04358,-68.89221,4,-0.026,1
"2026-08-02 20:00:00",704,13.37,20.34,75,71.03,92,167,36593,1.3,0.75,5610,507008,0,0,704,28176,1850,3975,-85,4,44.04359,-68.89225,6,-0.026,1
"2026-08-02 21:00:00",705,13.26,20.9,75,92,95,166,36593,1.3,0.75,5610,507728,0,0,705,28176,1938,4063,-83,13,44.04356,-68.89225,4,-0.026,1
"2026-08-02 22:00:00",706,13.28,20.82,76,95,95,159,36593,1.3,0.75,5610,508448,0,0,706,28176,2031,4156,-83,4,44.04363,-68.8923,4,-0.026,1
"2026-08-02 23:00:00",707,13.25,20.61,76,88,88,160,36593,1.3,0.75,5610,509168,0,0,707,28176,2126,4251,-85,4,44.04367,-68.89234,4,-0.026,1
"2026-08-03 00:00:00",708,13.27,19.14,76,80,85,159,36593,1.3,0.75,5610,509888,0,0,708,28176,0,4338,-83,4,44.0436,-68.8923,5,-0.026,1
"2026-08-03 01:00:00",709,13.27,18.83,76,85,88,159,36593,1.3,0.75,5610,510608,0,0,709,28176,86.3,4425,-89,4,44.0436,-68.89229,5,-0.03,1
"2026-08-03 02:00:00",710,13.27,18.89,76,88,111,166,36593,1.3,0.75,5610,511328,0,0,710,28176,172.9,4511,-89,4,44.04358,-68.89226,4,-0.03,1
"2026-08-03 03:00:00",711,13.27,19.51,75,111,111,160,36593,1.3,0.75,5610,512048,0,0,711,28176,253.8,4592,-87,4,44.04366,-68.89221,6,-0.03,1
"2026-08-03 04:00:00",712,13.22,19.73,75,101,108,159,36593,1.3,0.75,5610,512768,0,0,712,28176,332.6,4671,-85,4,44.04346,-68.89218,4,-0.03,1
"2026-08-03 05:00:00",713,13.26,19.17,75,108,108,166,36593,1.3,0.75,5610,513488,0,0,713,28176,414.9,4753,-83,4,44.04359,-68.8922,4,-0.035,1
"2026-08-03 06:00:00",714,13.27,19.84,75,83,83,159,36593,1.3,0.75,5610,514208,0,0,714,28176,503.1,4841,-87,4,44.04358,-68.89221,4,-0.035,1
"2026-08-03 07:00:00",715,13.25,19.72,75,79.99,80,160,36593,1.3,0.75,5610,514928,0,0,715,28176,599.5,4938,-85,4,44.04359,-68.89224,4,-0.044,1
"2026-08-03 08:00:00",716,13.29,19.31,75,71.98,72,159,36593,1.3,0.75,5610,515648,0,0,716,28176,671.4,5010,-77,13,44.04361,-68.89229,5,-0.062,1
"2026-08-03 09:00:00",717,13.41,20.99,75,59.9,60,159,36593,1.3,0.75,5610,516368,0,0,717,28176,756.9,5095,-87,4,44.04359,-68.89229,4,-0.062,1
"2026-08-03 10:00:00",718,13.4,21.93,75,-14.01,-14,160,36593,1.3,0.75,5610,517088,0,0,718,28176,848,5186,-87,4,44.04362,-68.89232,4,-0.044,1
"2026-08-03 11:00:00",719,13.45,23.25,73,-22.04,-22,165,36593,1.3,0.75,5610,517808,0,0,719,28176,933,5271,-85,4,44.04364,-68.89231,4,-0.062,1
"2026-08-03 12:00:00",720,13.43,23.34,74,-52.94,-8,167,36593,1.3,0.75,5610,518528,0,0,720,28176,1025,5363,-87,4,44.04359,-68.89233,4,-0.062,1
"2026-08-03 13:00:00",721,13.44,22.91,74,-7.983,4,159,36593,1.3,0.75,5610,519248,0,0,721,28176,1112,5450,-87,4,44.04359,-68.89234,4,-0.068,1
"2026-08-03 14:00:00",722,13.45,21.01,75,3.961,4,165,36593,1.3,0.75,5610,519968,0,0,722,28176,1200,5538,-79,13,44.04359,-68.89218,4,-0.068,1
"2026-08-03 15:00:00",723,13.43,20.29,75,-23.91,38,160,36593,1.3,0.75,5610,520688,0,0,723,28176,1283,5621,-81,13,44.04359,-68.89223,5,-0.102,1
"2026-08-03 16:00:00",724,13.73,20.97,74,37.91,38,160,36593,1.3,0.75,5610,521408,0,0,724,28176,1371,5709,-87,4,44.04359,-68.89223,5,-0.102,1
"2026-08-03 17:00:00",725,13.73,20.61,74,-29.94,11,159,36593,1.3,0.75,5610,522128,0,0,725,28176,1460,5798,-81,13,44.04354,-68.89219,4,-0.108,1
"2026-08-03 18:00:00",726,13.73,20.54,73,10.98,11,160,36593,1.3,0.75,5610,522848,0,0,726,28176,1550,5888,-85,4,44.04362,-68.8922,4,-0.114,1
"2026-08-03 19:00:00",727,13.58,20.66,75,-3.878,84,160,36593,1.3,0.75,5610,523568,0,0,727,28176,1646,5984,-77,13,44.04362,-68.8922,4,-0.114,1
"2026-08-03 20:00:00",728,13.36,19.66,75,84,86,160,36593,1.3,0.75,5610,524288,0,0,728,28176,1735,6074,-83,4,44.0436,-68.89222,4,-0.108,1
"2026-08-03 21:00:00",729,13.28,19.36,77,86,87,166,36593,1.3,0.75,5610,525008,0,0,729,28176,1825,6163,-81,4,44.04364,-68.89225,4,-0.114,1
"2026-08-03 22:00:00",730,13.25,18.81,76,87,99,165,36593,1.3,0.75,5610,525728,0,0,730,28176,1919,6257,-79,13,44.04363,-68.89222,4,-0.114,1
"2026-08-03 23:00:00",731,13.27,18.65,76,99,99,160,36593,1.3,0.75,5610,526448,0,0,731,28176,2015,6353,-79,13,44.0436,-68.8922,4,-0.11,1
"2026-08-04 00:00:00",732,13.25,18.32,76,76.98,77,166,36593,1.3,0.75,5610,527168,0,0,732,28176,0,6480,-83,13,44.04365,-68.89233,4,-0.11,1
"2026-08-04 01:00:00",733,13.27,19.63,76,60.03,80,166,36593,1.3,0.75,5610,527888,0,0,733,28176,95.6,6576,-87,4,44.04376,-68.89207,4,-0.11,1
"2026-08-04 02:00:00",734,13.27,19.34,77,80,84,166,36593,1.3,0.75,5610,528608,0,0,734,28176,183.7,6664,-79,13,44.04361,-68.89219,4,-0.096,1
"2026-08-04 03:00:00",735,13.23,18.89,76,84,84,159,36593,1.3,0.75,5610,529328,0,0,735,28176,274.7,6755,-85,13,44.04356,-68.89222,5,-0.079,1
"2026-08-04 04:00:00",736,13.26,18.12,76,52.03,75,160,36593,1.3,0.75,5610,530048,0,0,736,28176,367.6,6848,-89,4,44.04356,-68.8922,5,-0.079,1
"2026-08-04 05:00:00",737,13.26,18.05,76,75.08,134,159,36593,1.3,0.75,5610,530768,0,0,737,28176,459.8,6940,-87,4,44.04352,-68.89216,4,-0.068,1
"2026-08-04 06:00:00",738,13.36,18.48,76,133.8,134,159,36593,1.3,0.75,5610,531488,0,0,738,28176,552.8,7033,-81,4,44.04354,-68.89217,5,-0.063,1
"2026-08-04 07:00:00",739,13.52,19.99,75,15.79,16,159,36593,1.3,0.75,5610,532208,0,0,739,28176,637.5,7118,-83,4,44.04354,-68.89214,5,-0.049,1
"2026-08-04 08:00:00",740,13.59,22.16,72,-136.1,-136,159,36593,1.3,0.75,5610,532928,0,0,740,28176,759.8,7240,-87,4,44.04358,-68.8922,4,-0.033,1
"2026-08-04 09:00:00",741,13.66,23.91,71,-181.8,-20,159,36593,1.3,0.75,5610,533648,0,0,741,28176,856,7336,-83,13,44.04358,-68.8922,4,-0.023,1
"2026-08-04 10:00:00",742,13.67,23.91,71,-19.98,-2,159,36593,1.3,0.75,5610,534368,0,0,742,28176,960,7440,-83,4,44.04357,-68.89223,5,0.003,1
"2026-08-04 11:00:00",743,13.63,24.67,69,-2.022,-2,160,36593,1.3,0.75,5610,535088,0,0,743,28176,1048,7528,-65,4,44.04356,-68.89225,4,0.003,1
"2026-08-04 12:00:00",744,13.64,24.08,70,-17.95,20,159,36593,1.3,0.75,5610,535808,0,0,744,28176,1137,7617,-83,4,44.04368,-68.8923,4,0.003,1
"2026-08-04 13:00:00",745,13.64,23.53,70,19.99,20,166,36593,1.3,0.75,5610,536528,0,0,745,28176,1239,7719,-77,13,44.04358,-68.8923,4,0.003,1
"2026-08-04 14:00:00",746,13.64,22.98,71,9.98,10,159,36593,1.3,0.75,5610,537248,0,0,746,28176,1341,7821,-79,13,44.04359,-68.89217,4,-0.002,1
"2026-08-04 15:00:00",747,13.63,23.9,70,-0.979,14,159,36593,1.3,0.75,5610,537968,0,0,747,28176,1439,7919,-85,4,44.04356,-68.89212,4,-0.002,1
"2026-08-04 16:00:00",748,13.64,23.24,72,13.97,14,159,36593,1.3,0.75,5610,538688,0,0,748,28176,1537,8018,-79,4,44.04354,-68.89219,5,-0.002,1
"2026-08-04 17:00:00",749,13.64,23.54,72,-4.999,-4,159,36593,1.3,0.75,5610,539408,0,0,749,28176,1636,8116,-79,4,44.04357,-68.8922,4,-0.002,1
"2026-08-04 18:00:00",750,13.64,23.01,72,-4.017,-4,159,36593,1.3,0.75,5610,540128,0,0,750,28176,1738,8218,-81,4,44.04356,-68.89219,4,-0.002,1
"2026-08-04 19:00:00",751,13.64,22.45,73,-16.01,-16,160,36593,1.3,0.75,5610,540848,0,0,751,28176,1843,8324,-83,4,44.04354,-68.89217,5,-0.002,1
"2026-08-04 20:00:00",752,13.51,20.04,75,-19.88,65,159,36593,1.3,0.75,5610,541568,0,0,752,28176,1948,8428,-77,13,44.04356,-68.8922,5,-0.002,1
"2026-08-04 21:00:00",753,13.33,18.71,76,65.04,91,160,36593,1.3,0.75,5610,542288,0,0,753,28176,2075,8555,-75,13,44.04356,-68.89217,5,-0.002,1
"2026-08-04 22:00:00",754,13.27,18.51,77,91,107,160,36593,1.3,0.75,5610,543008,0,0,754,28176,2183,8663,-79,4,44.04354,-68.89223,4,-0.002,1
"2026-08-04 23:00:00",755,13.23,18.33,76,107,107,167,36593,1.3,0.75,5610,543728,0,0,755,28176,2285,8766,-81,13,44.04359,-68.89219,6,-0.002,1
"2026-08-05 00:00:00",756,13.27,18.3,77,77.05,116,159,36593,1.3,0.75,5610,544448,0,0,756,28176,0,8869,-77,13,"NAN","NAN",4,0.008,1
"2026-08-05 01:00:00",757,13.25,17.64,77,115.9,116,159,36593,1.3,0.75,5610,545168,0,0,757,28176,99.6,8969,-85,4,44.0436,-68.89223,4,0.013,1
"2026-08-05 02:00:00",758,13.27,17.7,77,78.98,79,159,36593,1.3,0.75,5610,545888,0,0,758,28176,185.8,9055,-85,4,44.0436,-68.89227,4,0.013,1
"2026-08-05 03:00:00",759,13.24,18.08,76,67.03,85,160,36593,1.3,0.75,5610,546608,0,0,759,28176,289.7,9159,-79,13,44.04356,-68.89221,7,0.013,1
"2026-08-05 04:00:00",760,13.26,17.85,76,84.9,85,159,36593,1.3,0.75,5610,547328,0,0,760,28176,404.5,9274,-79,13,"NAN","NAN",4,0.016,1
"2026-08-05 05:00:00",761,13.26,17.65,76,39.07,88,160,36593,1.3,0.75,5610,548048,0,0,761,28176,507.9,9377,-83,4,44.04356,-68.89224,4,0.016,1
"2026-08-05 06:00:00",762,13.34,18.13,75,87.9,88,160,36593,1.3,0.75,5610,548768,0,0,762,28176,610.7,9480,-85,4,44.04359,-68.89229,4,0.016,1
"2026-08-05 07:00:00",763,13.52,20.39,75,31.78,32,159,36593,1.3,0.75,5610,549488,0,0,763,28176,704.9,9574,-81,4,44.04356,-68.89221,5,0.016,1
"2026-08-05 08:00:00",764,13.53,24.7,72,-127,-127,166,36593,1.3,0.75,5610,550208,0,0,764,28176,793,9662,-77,4,44.04353,-68.89222,4,0.034,1
"2026-08-05 09:00:00",765,13.6,24.83,73,-153.9,-90,160,36593,1.3,0.75,5610,550928,0,0,765,28176,880,9749,-75,4,44.04357,-68.89223,7,0.034,1
"2026-08-05 10:00:00",766,13.58,27.33,70,-89.9,10,160,36593,1.3,0.75,5610,551648,0,0,766,28176,973,9842,-81,4,44.04358,-68.89222,5,0.067,1
"2026-08-05 11:00:00",767,13.59,26.87,70,10.01,15,160,36593,1.3,0.75,5610,552368,0,0,767,28176,1072,9942,-81,4,44.04357,-68.89224,5,0.067,1
"2026-08-05 12:00:00",768,13.59,25.66,72,15.05,50,166,36593,1.3,0.75,5610,553088,0,0,768,28176,1167,10036,-93,4,44.04358,-68.89225,4,0.042,1
"2026-08-05 13:00:00",769,13.59,25.06,72,49.92,50,160,36593,1.3,0.75,5610,553808,0,0,769,28176,1264,10133,-81,4,44.04363,-68.8923,4,0.042,1
"2026-08-05 14:00:00",770,13.61,25.47,72,-5.924,49,159,36593,1.3,0.75,5610,554528,0,0,770,28176,1366,10235,-83,4,44.04363,-68.89231,6,0.042,1
"2026-08-05 15:00:00",771,13.62,24.24,73,48.93,49,159,36593,1.3,0.75,5610,555248,0,0,771,28176,1470,10339,-75,13,44.04359,-68.89224,4,0.031,1
"2026-08-05 16:00:00",772,13.62,25.9,71,2.01,9,160,36593,1.3,0.75,5610,555968,0,0,772,28176,1570,10439,-75,13,44.04359,-68.89222,4,0.031,1
"2026-08-05 17:00:00",773,13.62,25.06,72,8.99,9,160,36593,1.3,0.75,5610,556688,0,0,773,28176,1672,10541,-75,13,"NAN","NAN",4,0.031,1
"2026-08-05 18:00:00",774,13.62,23.2,72,2.007,7,159,36593,1.3,0.75,5610,557408,0,0,774,28176,1779,10648,-81,4,44.04358,-68.89223,5,0.031,1
"2026-08-05 19:00:00",775,13.65,22.66,72,6.968,7,160,36593,1.3,0.75,5610,558128,0,0,775,28176,1888,10757,-81,4,44.04358,-68.8922,5,0.031,1
"2026-08-05 20:00:00",776,13.55,21.61,74,-15.84,98,159,36593,1.3,0.75,5610,558848,0,0,776,28176,1995,10864,-83,4,44.04351,-68.89218,4,0.031,1
"2026-08-05 21:00:00",777,13.33,19.52,75,98,98,160,36593,1.3,0.75,5610,559568,0,0,777,28176,2105,10974,-83,4,44.04359,-68.8922,5,0.002,1
"2026-08-05 22:00:00",778,13.26,18.88,76,62.03,83,160,36593,1.3,0.75,5610,560288,0,0,778,28176,2219,11088,-87,4,44.04356,-68.89223,4,0.002,1
"2026-08-05 23:00:00",779,13.26,18.85,76,83.3,282,160,36593,1.3,0.75,5610,561008,0,0,779,28176,2328,11197,-79,4,44.04356,-68.89228,6,0.002,1
"2026-08-06 00:00:00",780,13.2,18.61,76,281.8,282,159,36593,1.3,0.75,5610,561728,0,0,780,28176,0.203,11296,-83,4,44.0436,-68.89229,4,0.007,1
"2026-08-06 01:00:00",781,13.27,18.77,76,119,119,159,36593,1.3,0.75,5610,562448,0,0,781,28176,98.8,11394,-87,4,44.04359,-68.89227,4,0.016,1
"2026-08-06 02:00:00",782,13.24,18.69,76,115,115,166,36593,1.3,0.75,5610,563168,0,0,782,28176,194.2,11490,-87,4,44.0436,-68.89229,6,0.016,1
"2026-08-06 03:00:00",783,13.26,18.28,77,93,93,160,36593,1.3,0.75,5610,563888,0,0,783,28176,296.6,11592,-79,13,44.04369,-68.89227,4,0.016,1
"2026-08-06 04:00:00",784,13.26,18.29,77,67,67,160,36593,1.3,0.75,5610,564608,0,0,784,28176,397.8,11693,-83,13,44.04359,-68.89225,4,0.016,1
"2026-08-06 05:00:00",785,13.26,17.88,77,65,67,159,36593,1.3,0.75,5610,565328,0,0,785,28176,496.3,11792,-79,13,44.04358,-68.89223,4,0.009,1
"2026-08-06 06:00:00",786,13.35,18.98,76,66.93,67,167,36593,1.3,0.75,5610,566048,0,0,786,28176,599,11894,-83,13,44.04357,-68.8922,5,0.009,1
"2026-08-06 07:00:00",787,13.47,21.57,75,19.83,20,160,36593,1.3,0.75,5610,566768,0,0,787,28176,694,11989,-79,13,44.04357,-68.89224,6,0.009,1
"2026-08-06 08:00:00",788,13.56,22.85,75,-103.1,-103,160,36593,1.3,0.75,5610,567488,0,0,788,28176,796.8,12092,-85,4,44.04357,-68.89223,4,0.025,1
"2026-08-06 09:00:00",789,13.63,23.89,73,-143.8,35,160,36593,1.3,0.75,5610,568208,0,0,789,28176,894,12190,-81,13,44.04356,-68.8922,5,0.039,1
"2026-08-06 10:00:00",790,13.62,26.22,72,34.91,35,159,36593,1.3,0.75,5610,568928,0,0,790,28176,994,12289,-81,4,44.04356,-68.89221,4,0.054,1
"2026-08-06 11:00:00",791,13.61,26.26,72,-28.98,-12,159,36593,1.3,0.75,5610,569648,0,0,791,28176,1094,12390,-83,4,44.04359,-68.89229,4,0.054,1
"2026-08-06 12:00:00",792,13.56,27.19,71,-11.99,-5,167,36593,1.3,0.75,5610,570368,0,0,792,28176,1190,12486,-77,4,44.04354,-68.89226,6,0.041,1
"2026-08-06 13:00:00",793,13.56,25.82,72,-4.968,18,160,36593,1.3,0.75,5610,571088,0,0,793,28176,1284,12580,-81,4,44.04357,-68.89223,4,0.041,1
"2026-08-06 14:00:00",794,13.59,26.14,71,18,18,160,36593,1.3,0.75,5610,571808,0,0,794,28176,1384,12679,-81,4,44.0436,-68.89228,5,0.041,1
"2026-08-06 15:00:00",795,13.59,25.7,71,17.01,21,159,36593,1.3,0.75,5610,572528,0,0,795,28176,1483,12779,-75,13,44.04361,-68.89226,4,0.022,1
"2026-08-06 16:00:00",796,13.59,25.81,71,20.97,21,159,36593,1.3,0.75,5610,573248,0,0,796,28176,1590,12886,-83,4,44.04358,-68.89223,5,0.021,1
"2026-08-06 17:00:00",797,13.58,26.8,71,-3.964,22,160,36593,1.3,0.75,5610,573968,0,0,797,28176,1697,12992,-75,13,44.04356,-68.89225,4,0.021,1
"2026-08-06 18:00:00",798,13.59,26.55,71,21.96,22,160,36593,1.3,0.75,5610,574688,0,0,798,28176,1822,13117,-77,13,44.04364,-68.89223,5,0.022,1
"2026-08-06 19:00:00",799,13.59,25.75,72,-4.006,-4,159,36593,1.3,0.75,5610,575408,0,0,799,28176,1920,13216,-79,4,44.04356,-68.89222,5,0.021,1
"2026-08-06 20:00:00",800,13.48,21.96,75,-7.925,46,160,36593,1.3,0.75,5610,576128,0,0,800,28176,2024,13319,-81,4,44.04356,-68.89221,4,0.021,1
"2026-08-06 21:00:00",801,13.31,20.34,77,46.03,71,160,36593,1.3,0.75,5610,576848,0,0,801,28176,2146,13441,-81,4,44.04358,-68.89223,6,0.004,1
"2026-08-06 22:00:00",802,13.29,19.96,77,71.05,107,159,36593,1.3,0.75,5610,577568,0,0,802,28176,2235,13530,-81,4,44.04358,-68.89217,5,0.004,1
"2026-08-06 23:00:00",803,13.28,20,77,107,107,159,36593,1.3,0.75,5610,578288,0,0,803,28176,2312,13608,-85,4,44.04358,-68.89225,5,0.004,1
"2026-08-07 00:00:00",804,13.27,19.88,77,86,86,166,36593,1.3,0.75,5610,579008,0,0,804,28176,0,13718,-85,4,44.04357,-68.89223,5,0.011,1
"2026-08-07 01:00:00",805,13.26,19.19,76,83,83,159,36593,1.3,0.75,5610,579728,0,0,805,28176,93.8,13812,-85,13,44.04358,-68.89228,4,0.011,1
"2026-08-07 02:00:00",806,13.26,18.9,77,72.04,102,159,36593,1.3,0.75,5610,580448,0,0,806,28176,188.4,13906,-87,4,44.0436,-68.89225,5,0.011,1
"2026-08-07 03:00:00",807,13.27,18.47,76,102,102,160,36593,1.3,0.75,5610,581168,0,0,807,28176,287.3,14005,-89,4,44.04359,-68.89228,4,0.006,1
"2026-08-07 04:00:00",808,13.27,18.42,77,88,88,159,36593,1.3,0.75,5610,581888,0,0,808,28176,379.4,14097,-95,13,44.0436,-68.89225,5,0.006,1
"2026-08-07 05:00:00",809,13.25,18.46,77,79.05,118,160,36593,1.3,0.75,5610,582608,0,0,809,28176,472.9,14191,-83,13,44.0436,-68.89227,5,0.004,1
"2026-08-07 06:00:00",810,13.29,18.91,76,118,118,160,36593,1.3,0.75,5610,583328,0,0,810,28176,566.2,14284,-83,4,44.0436,-68.89226,5,0.006,1
"2026-08-07 07:00:00",811,13.37,20.28,75,87.9,88,160,36593,1.3,0.75,5610,584048,0,0,811,28176,656.5,14374,-83,13,44.04353,-68.89224,6,0.006,1
"2026-08-07 08:00:00",812,13.45,22.44,74,-4.1,-4,159,36593,1.3,0.75,5610,584768,0,0,812,28176,754.5,14472,-85,4,44.04358,-68.89222,5,0.02,1
"2026-08-07 09:00:00",813,13.54,25.1,73,-76.12,-76,166,36593,1.3,0.75,5610,585488,0,0,813,28176,842,14560,-85,4,44.04354,-68.8922,4,0.038,1
"2026-08-07 10:00:00",814,13.58,26.44,73,-161.7,50,159,36593,1.3,0.75,5610,586208,0,0,814,28176,931,14649,-79,13,44.04356,-68.8922,7,0.054,1
"2026-08-07 11:00:00",815,13.54,28.94,70,49.94,50,159,36593,1.3,0.75,5610,586928,0,0,815,28176,1019,14737,-87,13,44.04359,-68.89217,4,0.07,1
"2026-08-07 12:00:00",816,13.52,30.66,70,7.029,28,160,36593,1.3,0.75,5610,587648,0,0,816,28176,1111,14829,-83,4,44.04358,-68.89221,6,0.07,1
"2026-08-07 13:00:00",817,13.53,29.63,72,27.98,28,159,36593,1.3,0.75,5610,588368,0,0,817,28176,1188,14906,-79,4,44.04357,-68.89225,5,0.07,1
"2026-08-07 14:00:00",818,13.53,29.06,73,16,17,159,36593,1.3,0.75,5610,589088,0,0,818,28176,1270,14988,-83,4,44.04359,-68.89225,5,0.07,1
"2026-08-07 15:00:00",819,13.59,27.22,72,16.99,17,160,36593,1.3,0.75,5610,589808,0,0,819,28176,1362,15080,-83,4,44.04363,-68.89223,5,0.041,1
"2026-08-07 16:00:00",820,13.57,28.71,71,8.01,13,166,36593,1.3,0.75,5610,590528,0,0,820,28176,1456,15174,-77,13,44.04363,-68.8923,6,0.041,1
"2026-08-07 17:00:00",821,13.54,28.62,72,12.98,13,159,36593,1.3,0.75,5610,591248,0,0,821,28176,1675,15393,-81,13,44.04361,-68.89228,6,0.041,1
"2026-08-07 18:00:00",822,13.54,29.27,70,-1.976,15,160,36593,1.3,0.75,5610,591968,0,0,822,28176,1763,15481,-87,4,44.04354,-68.89223,4,0.041,1
"2026-08-07 19:00:00",823,13.56,25.74,72,14.99,15,167,36593,1.3,0.75,5610,592688,0,0,823,28176,1845,15563,-81,4,44.04347,-68.89225,4,0.022,1
"2026-08-07 20:00:00",824,13.37,21.34,75,9.06,54,159,36593,1.3,0.75,5610,593408,0,0,824,28176,1942,15659,-83,4,44.04358,-68.89223,4,0.003,1
"2026-08-07 21:00:00",825,13.29,20.77,76,54.01,59,159,36593,1.3,0.75,5610,594128,0,0,825,28176,2030,15748,-85,4,44.04358,-68.89222,4,0.003,1
"2026-08-07 22:00:00",826,13.25,20.4,76,59.01,67,160,36593,1.3,0.75,5610,594848,0,0,826,28176,2129,15847,-77,13,44.04356,-68.89221,6,0,1
"2026-08-07 23:00:00",827,13.27,20.3,77,66.97,67,159,36593,1.3,0.75,5610,595568,0,0,827,28176,2226,15944,-87,4,44.04357,-68.8922,6,0,1
"2026-08-08 00:00:00",828,13.27,19.92,76,44.02,59,160,36593,1.3,0.75,5610,596288,0,0,828,28176,0.061,16041,-87,4,44.04358,-68.89224,5,-0.007,1
"2026-08-08 01:00:00",829,13.27,19.24,77,59.06,101,159,36593,1.3,0.75,5610,597008,0,0,829,28176,95.8,16137,-79,13,44.04356,-68.89226,4,-0.007,1
"2026-08-08 02:00:00",830,13.27,19.01,77,101,101,159,36593,1.3,0.75,5610,597728,0,0,830,28176,193.1,16234,-83,13,44.04359,-68.89226,4,-0.007,1
"2026-08-08 03:00:00",831,13.27,18.86,77,76.02,90,159,36593,1.3,0.75,5610,598448,0,0,831,28176,281,16322,-87,13,44.04359,-68.89229,5,-0.007,1
"2026-08-08 04:00:00",832,13.26,19.01,77,90,95,159,36593,1.3,0.75,5610,599168,0,0,832,28176,364.4,16406,-85,13,44.0436,-68.89228,4,-0.017,1
"2026-08-08 05:00:00",833,13.24,18.89,77,95,95,159,36593,1.3,0.75,5610,599888,0,0,833,28176,451.9,16493,-89,4,44.0436,-68.89229,4,-0.017,1
"2026-08-08 06:00:00",834,13.26,19.29,76,94,119,166,36593,1.3,0.75,5610,600608,0,0,834,28176,540.4,16582,-79,13,44.04356,-68.89225,6,-0.017,1
"2026-08-08 07:00:00",835,13.27,19.26,77,118.9,119,160,36593,1.3,0.75,5610,601328,0,0,835,28176,630.7,16672,-81,13,44.0436,-68.89224,5,-0.017,1
"2026-08-08 08:00:00",836,13.32,19.85,77,61.93,62,159,36593,1.3,0.75,5610,602048,0,0,836,28176,720.3,16762,-81,13,44.04359,-68.89223,4,-0.017,1
"2026-08-08 09:00:00",837,13.31,20.45,76,15.13,111,160,36593,1.3,0.75,5610,602768,0,0,837,28176,811,16852,-83,4,44.04357,-68.89223,6,-0.017,1
"2026-08-08 10:00:00",838,13.3,20.92,77,110.9,111,160,36593,1.3,0.75,5610,603488,0,0,838,28176,902,16943,-81,4,44.04356,-68.89224,4,-0.018,1
"2026-08-08 11:00:00",839,13.54,23.18,75,65.62,66,159,36593,1.3,0.75,5610,604208,0,0,839,28176,988,17030,-87,4,44.04357,-68.89224,6,-0.017,1
"2026-08-08 12:00:00",840,13.51,25.49,74,-205.9,-105,160,36593,1.3,0.75,5610,604928,0,0,840,28176,1077,17118,-85,4,44.04358,-68.89227,4,0.003,1
"2026-08-08 13:00:00",841,13.58,27.42,73,-105,-105,166,36593,1.3,0.75,5610,605648,0,0,841,28176,1158,17199,-83,4,44.04362,-68.8923,4,0.012,1
"2026-08-08 14:00:00",842,13.56,26.23,73,-135.8,3,159,36593,1.3,0.75,5610,606368,0,0,842,28176,1243,17285,-83,4,44.04357,-68.89229,6,0.012,1
"2026-08-08 15:00:00",843,13.59,26.08,72,3.004,6,159,36593,1.3,0.75,5610,607088,0,0,843,28176,1340,17381,-81,4,44.04368,-68.89222,5,0.012,1
"2026-08-08 16:00:00",844,13.61,24.3,74,5.99,6,159,36593,1.3,0.75,5610,607808,0,0,844,28176,1478,17519,-83,4,44.04367,-68.89234,5,-0.029,1
"2026-08-08 17:00:00",845,13.58,26.66,73,-0.944,39,159,36593,1.3,0.75,5610,608528,0,0,845,28176,1563,17604,-89,4,44.04363,-68.89231,6,-0.029,1
"2026-08-08 18:00:00",846,13.56,26.84,72,39.06,79,165,36593,1.3,0.75,5610,609248,0,0,846,28176,1651,17692,-81,4,44.04361,-68.89224,4,-0.029,1
"2026-08-08 19:00:00",847,13.47,23.05,75,78.96,79,160,36593,1.3,0.75,5610,609968,0,0,847,28176,1737,17779,-81,13,44.04359,-68.89222,6,-0.029,1
"2026-08-08 20:00:00",848,13.31,21.21,76,48.03,67,159,36593,1.3,0.75,5610,610688,0,0,848,28176,1823,17864,-77,13,44.0436,-68.89214,5,-0.054,1
"2026-08-08 21:00:00",849,13.25,20.75,76,66.99,67,159,36593,1.3,0.75,5610,611408,0,0,849,28176,1912,17953,-79,4,44.04361,-68.89214,6,-0.059,1
"2026-08-08 22:00:00",850,13.28,19.74,77,58,58,166,36593,1.3,0.75,5610,612128,0,0,850,28176,2007,18049,-77,13,44.04358,-68.89223,4,-0.059,1
"2026-08-08 23:00:00",851,13.27,19.31,77,55,55,160,36593,1.3,0.75,5610,612848,0,0,851,28176,2101,18143,-83,4,44.04357,-68.89227,4,-0.06,1
"2026-08-09 00:00:00",852,13.25,19.09,77,55.08,116,166,36593,1.3,0.75,5610,613568,0,0,852,28176,0.011,18230,-89,4,44.04352,-68.89232,4,-0.059,1
"2026-08-09 01:00:00",853,13.26,18.97,78,116,116,166,36593,1.3,0.75,5610,614288,0,0,853,28176,82.9,18313,-89,4,44.04359,-68.89223,5,-0.059,1
"2026-08-09 02:00:00",854,13.25,18.83,77,87,95,160,36593,1.3,0.75,5610,615008,0,0,854,28176,173.6,18404,-89,4,44.04358,-68.89223,7,-0.059,1
"2026-08-09 03:00:00",855,13.27,18.31,77,95,95,159,36593,1.3,0.75,5610,615728,0,0,855,28176,255,18485,-85,13,44.04357,-68.89226,6,-0.057,1
"2026-08-09 04:00:00",856,13.26,18.46,77,72.02,83,160,36593,1.3,0.75,5610,616448,0,0,856,28176,343,18573,-77,4,44.0436,-68.89225,6,-0.057,1
"2026-08-09 05:00:00",857,13.26,18.28,78,83.3,285,160,36593,1.3,0.75,5610,617168,0,0,857,28176,426.5,18657,-91,4,44.04362,-68.8923,6,-0.057,1
"2026-08-09 06:00:00",858,13.26,18.47,77,284.8,285,166,36593,1.3,0.75,5610,617888,0,0,858,28176,520.3,18751,-87,4,44.04362,-68.89225,6,-0.057,1
"2026-08-09 07:00:00",859,13.34,19.74,77,119.9,120,159,36593,1.3,0.75,5610,618608,0,0,859,28176,609.3,18839,-81,13,44.04358,-68.89223,6,-0.057,1
"2026-08-09 08:00:00",860,13.45,21.33,76,47.78,48,160,36593,1.3,0.75,5610,619328,0,0,860,28176,698.4,18929,-87,4,44.04357,-68.89221,4,-0.055,1
"2026-08-09 09:00:00",861,13.57,25.97,73,-108.1,-108,159,36593,1.3,0.75,5610,620048,0,0,861,28176,791.2,19021,-81,13,44.04354,-68.89234,4,-0.039,1
"2026-08-09 10:00:00",862,13.67,27.51,72,-206.9,-168,160,36593,1.3,0.75,5610,620768,0,0,862,28176,881,19111,-83,4,44.04357,-68.8922,7,-0.027,1
"2026-08-09 11:00:00",863,13.56,26.4,73,-167.7,20,159,36593,1.3,0.75,5610,621488,0,0,863,28176,968,19198,-83,4,"NAN","NAN",4,-0.027,1
"2026-08-09 12:00:00",864,13.56,28.47,70,19.97,20,165,36593,1.3,0.75,5610,622208,0,0,864,28176,1058,19288,-85,4,44.04356,-68.89219,5,-0.027,1
"2026-08-09 13:00:00",865,13.55,26.87,72,1.011,9,160,36593,1.3,0.75,5610,622928,0,0,865,28176,1139,19369,-83,4,44.04359,-68.8922,4,-0.029,1
"2026-08-09 14:00:00",866,13.59,26.25,72,8.99,9,160,36593,1.3,0.75,5610,623648,0,0,866,28176,1236,19466,-83,4,44.04361,-68.89224,4,-0.048,1
"2026-08-09 15:00:00",867,13.59,25.95,71,0.032,23,160,36593,1.3,0.75,5610,624368,0,0,867,28176,1322,19552,-83,4,44.04364,-68.8922,4,-0.055,1
"2026-08-09 16:00:00",868,13.59,26.08,71,22.98,23,159,36593,1.3,0.75,5610,625088,0,0,868,28176,1417,19647,-79,13,44.04364,-68.8922,4,-0.055,1
"2026-08-09 17:00:00",869,13.59,25.72,72,10.99,11,160,36593,1.3,0.75,5610,625808,0,0,869,28176,1519,19750,-81,13,"NAN","NAN",4,-0.058,1
"2026-08-09 18:00:00",870,13.55,25.78,72,5,5,159,36593,1.3,0.75,5610,626528,0,0,870,28176,1608,19838,-87,4,44.04359,-68.89226,4,-0.058,1
"2026-08-09 19:00:00",871,13.6,23.58,74,5.026,24,166,36593,1.3,0.75,5610,627248,0,0,871,28176,1697,19927,-83,4,44.04359,-68.89225,5,-0.065,1
"2026-08-09 20:00:00",872,13.4,21.06,77,24.15,135,166,36593,1.3,0.75,5610,627968,0,0,872,28176,1802,20032,-83,4,44.0436,-68.89223,4,-0.065,1
"2026-08-09 21:00:00",873,13.29,20.49,77,134.9,135,160,36593,1.3,0.75,5610,628688,0,0,873,28176,1891,20121,-83,4,44.04358,-68.8922,5,-0.065,1
"2026-08-09 22:00:00",874,13.28,20.25,77,72,72,159,36593,1.3,0.75,5610,629408,0,0,874,28176,1992,20222,-81,4,44.04357,-68.8922,5,-0.065,1
"2026-08-09 23:00:00",875,13.27,20.39,77,68.98,69,160,36593,1.3,0.75,5610,630128,0,0,875,28176,2088,20318,-81,4,44.04356,-68.89222,4,-0.063,1
"2026-08-10 00:00:00",876,13.28,20.62,77,57.03,79,159,36593,1.3,0.75,5610,630848,0,0,876,28176,0.012,20418,-83,4,44.04354,-68.89223,4,-0.053,1
"2026-08-10 01:00:00",877,13.15,21.02,76,79.3,294,159,36593,1.3,0.75,5610,631568,0,0,877,28176,99.8,20518,-85,4,44.04354,-68.89223,5,-0.042,1
"2026-08-10 02:00:00",878,13.26,19.84,77,293.7,294,159,36593,1.3,0.75,5610,632288,0,0,878,28176,198,20616,-83,4,44.04357,-68.8922,6,-0.035,1
"2026-08-10 03:00:00",879,13.24,19.31,77,54,56,159,36593,1.3,0.75,5610,633008,0,0,879,28176,299.3,20717,-79,13,44.04356,-68.89223,4,-0.035,1
"2026-08-10 04:00:00",880,13.26,18.72,77,56.03,80,159,36593,1.3,0.75,5610,633728,0,0,880,28176,389.6,20807,-83,4,44.04354,-68.89226,5,-0.032,1
"2026-08-10 05:00:00",881,13.26,18.83,77,80,92,165,36593,1.3,0.75,5610,634448,0,0,881,28176,484.3,20902,-85,4,44.04359,-68.89221,5,-0.032,1
"2026-08-10 06:00:00",882,13.27,19.2,77,92,111,160,36593,1.3,0.75,5610,635168,0,0,882,28176,573.2,20991,-87,4,44.04359,-68.8923,4,-0.03,1
"2026-08-10 07:00:00",883,13.34,20.11,76,110.9,111,159,36593,1.3,0.75,5610,635888,0,0,883,28176,667.9,21086,-79,4,44.04362,-68.89229,4,-0.028,1
"2026-08-10 08:00:00",884,13.39,20.9,75,11.98,12,160,36593,1.3,0.75,5610,636608,0,0,884,28176,761,21179,-81,4,44.04359,-68.89224,5,-0.023,1
"2026-08-10 09:00:00",885,13.44,21.34,75,-1.036,-1,159,36593,1.3,0.75,5610,637328,0,0,885,28176,859,21277,-79,4,44.04359,-68.89223,4,-0.017,1
"2026-08-10 10:00:00",886,13.53,23.38,74,-27.22,-27,159,36593,1.3,0.75,5610,638048,0,0,886,28176,959,21377,-81,4,44.04357,-68.89216,4,-0.008,1
"2026-08-10 11:00:00",887,13.63,24.12,73,-182.9,-142,160,36593,1.3,0.75,5610,638768,0,0,887,28176,1060,21478,-81,4,44.04356,-68.8922,5,-0.008,1
"2026-08-10 12:00:00",888,13.59,26.57,72,-141.8,25,160,36593,1.3,0.75,5610,639488,0,0,888,28176,1170,21588,-85,4,44.04358,-68.89222,4,-0.004,1
"2026-08-10 13:00:00",889,13.56,28.18,71,24.96,25,160,36593,1.3,0.75,5610,640208,0,0,889,28176,1262,21680,-75,13,44.04364,-68.89204,4,0.006,1
"2026-08-10 14:00:00",890,13.54,28.97,71,-4.985,6,160,36593,1.3,0.75,5610,640928,0,0,890,28176,1374,21792,-81,4,44.04359,-68.89217,5,0.006,1
"2026-08-10 15:00:00",891,13.54,26.81,72,5.988,6,166,36593,1.3,0.75,5610,641648,0,0,891,28176,1468,21886,-77,4,44.04359,-68.89223,5,0.006,1
"2026-08-10 16:00:00",892,13.59,25.92,73,-2.999,-2,166,36593,1.3,0.75,5610,642368,0,0,892,28176,1574,21992,-83,4,44.04352,-68.89229,5,0.006,1
"2026-08-10 17:00:00",893,13.59,26.19,72,-1.953,32,167,36593,1.3,0.75,5610,643088,0,0,893,28176,1674,22092,-83,4,44.04358,-68.89225,4,0.006,1
"2026-08-10 18:00:00",894,13.59,24.18,74,31.96,32,159,36593,1.3,0.75,5610,643808,0,0,894,28176,1766,22184,-77,13,44.04362,-68.89227,4,0.006,1
"2026-08-10 19:00:00",895,13.64,23.45,74,0.111,80,159,36593,1.3,0.75,5610,644528,0,0,895,28176,1864,22282,-79,4,44.04359,-68.8923,4,-0.034,1
"2026-08-10 20:00:00",896,13.38,20.44,76,80.1,165,160,36593,1.3,0.75,5610,645248,0,0,896,28176,1970,22388,-83,4,44.04359,-68.89227,4,-0.034,1
"2026-08-10 21:00:00",897,13.29,19.58,77,164.9,165,160,36593,1.3,0.75,5610,645968,0,0,897,28176,2076,22493,-81,13,44.0436,-68.89217,4,-0.065,1
"2026-08-10 22:00:00",898,13.27,18.95,77,74.01,80,166,36593,1.3,0.75,5610,646688,0,0,898,28176,2178,22596,-83,4,44.04354,-68.89223,4,-0.065,1
"2026-08-10 23:00:00",899,13.27,18.98,77,80,103,160,36593,1.3,0.75,5610,647408,0,0,899,28176,2279,22697,-83,4,44.04352,-68.89221,6,-0.065,1
"2026-08-11 00:00:00",900,13.27,19.45,77,103.1,148,159,36593,1.3,0.75,5610,648128,0,0,900,28176,0.011,22808,-83,4,44.04357,-68.89219,4,-0.061,1
"2026-08-11 01:00:00",901,13.27,19.63,78,147.9,148,159,36593,1.3,0.75,5610,648848,0,0,901,28176,106.3,22914,-87,4,44.04369,-68.89201,4,-0.061,1
"2026-08-11 02:00:00",902,13.27,19.75,78,63,63,160,36593,1.3,0.75,5610,649568,0,0,902,28176,203.3,23011,-85,4,44.04357,-68.89221,5,-0.053,1
"2026-08-11 03:00:00",903,13.26,18.94,78,62.04,89,167,36593,1.3,0.75,5610,650288,0,0,903,28176,303,23111,-87,4,44.04347,-68.89223,4,-0.053,1
"2026-08-11 04:00:00",904,13.27,18.52,78,89,89,159,36593,1.3,0.75,5610,651008,0,0,904,28176,396.3,23204,-83,4,44.0436,-68.89229,6,-0.053,1
"2026-08-11 05:00:00",905,13.26,18.24,78,86,109,166,36593,1.3,0.75,5610,651728,0,0,905,28176,498.9,23307,-85,4,44.04359,-68.89228,4,-0.066,1
"2026-08-11 06:00:00",906,13.28,18.06,78,109,109,167,36593,1.3,0.75,5610,652448,0,0,906,28176,593.8,23402,-89,4,44.04359,-68.89226,4,-0.086,1
"2026-08-11 07:00:00",907,13.42,20.2,76,107.8,108,159,36593,1.3,0.75,5610,653168,0,0,907,28176,694.6,23503,-85,4,44.04351,-68.89229,4,-0.086,1
"2026-08-11 08:00:00",908,13.57,21.55,75,-56.19,-56,166,36593,1.3,0.75,5610,653888,0,0,908,28176,809,23617,-81,4,44.04361,-68.89229,4,-0.086,1
"2026-08-11 09:00:00",909,13.63,23.64,73,-192,-178,160,36593,1.3,0.75,5610,654608,0,0,909,28176,913,23721,-79,4,44.04359,-68.89229,5,-0.064,1
"2026-08-11 10:00:00",910,13.64,23.96,74,-177.7,3,159,36593,1.3,0.75,5610,655328,0,0,910,28176,1011,23819,-83,4,44.04359,-68.89223,5,-0.064,1
"2026-08-11 11:00:00",911,13.59,26.98,74,2.963,3,160,36593,1.3,0.75,5610,656048,0,0,911,28176,1108,23916,-85,13,44.04361,-68.89223,4,-0.062,1
"2026-08-11 12:00:00",912,13.57,28.65,74,-23.97,-5,167,36593,1.3,0.75,5610,656768,0,0,912,28176,1216,24025,-83,4,44.04354,-68.89221,6,-0.052,1
"2026-08-11 13:00:00",913,13.54,29.65,71,-4.999,-4,160,36593,1.3,0.75,5610,657488,0,0,913,28176,1319,24127,-81,4,44.04356,-68.89219,4,-0.052,1
"2026-08-11 14:00:00",914,13.51,27.93,72,-3.989,4,166,36593,1.3,0.75,5610,658208,0,0,914,28176,1431,24239,-79,4,44.04357,-68.8922,4,-0.052,1
"2026-08-11 15:00:00",915,13.53,26.62,72,4.001,5,159,36593,1.3,0.75,5610,658928,0,0,915,28176,1536,24344,-81,4,44.04356,-68.89214,5,-0.052,1
"2026-08-11 16:00:00",916,13.56,26.08,72,4.993,5,160,36593,1.3,0.75,5610,659648,0,0,916,28176,1637,24446,-83,4,44.0436,-68.89218,5,-0.052,1
"2026-08-11 17:00:00",917,13.59,25.92,72,0.007,5,159,36593,1.3,0.75,5610,660368,0,0,917,28176,1739,24547,-87,4,44.04363,-68.8923,6,-0.052,1
"2026-08-11 18:00:00",918,13.62,24.89,72,4.993,5,160,36593,1.3,0.75,5610,661088,0,0,918,28176,1843,24651,-85,4,44.04369,-68.8923,4,-0.11,1
"2026-08-11 19:00:00",919,13.63,22.77,75,0.003,2,159,36593,1.3,0.75,5610,661808,0,0,919,28176,1941,24749,-81,4,44.04362,-68.89229,4,-0.11,1
"2026-08-11 20:00:00",920,13.48,21.42,76,2.057,43,160,36593,1.3,0.75,5610,662528,0,0,920,28176,2037,24845,-79,4,44.04361,-68.8923,5,-0.111,1
"2026-08-11 21:00:00",921,13.32,20.79,78,43.02,60,159,36593,1.3,0.75,5610,663248,0,0,921,28176,2133,24942,-81,4,44.04358,-68.89222,4,-0.111,1
"2026-08-11 22:00:00",922,13.28,20.21,78,60,63,159,36593,1.3,0.75,5610,663968,0,0,922,28176,2231,25039,-81,4,44.04358,-68.89222,4,-0.111,1
"2026-08-11 23:00:00",923,13.27,20,78,62.98,63,160,36593,1.3,0.75,5610,664688,0,0,923,28176,2324,25132,-85,4,44.04357,-68.8922,4,-0.111,1
"2026-08-12 00:00:00",924,13.27,19.45,78,47.04,74,159,36593,1.3,0.75,5610,665408,0,0,924,28176,0.071,25227,-83,4,44.04354,-68.89224,5,-0.108,1
"2026-08-12 01:00:00",925,13.25,19.77,77,73.99,74,160,36593,1.3,0.75,5610,666128,0,0,925,28176,92.3,25319,-83,4,44.04356,-68.89222,4,-0.106,1
"2026-08-12 02:00:00",926,13.27,19.31,78,69.98,70,160,36593,1.3,0.75,5610,666848,0,0,926,28176,190.1,25417,-83,4,44.04356,-68.8922,5,-0.102,1
"2026-08-12 03:00:00",927,13.27,19.58,77,55.03,78,159,36593,1.3,0.75,5610,667568,0,0,927,28176,276,25503,-81,4,44.0435,-68.89216,6,-0.102,1
"2026-08-12 04:00:00",928,13.26,19.16,78,78.02,90,160,36593,1.3,0.75,5610,668288,0,0,928,28176,364.9,25592,-87,4,44.04351,-68.89233,4,-0.101,1
"2026-08-12 05:00:00",929,13.24,18.87,78,90,93,160,36593,1.3,0.75,5610,669008,0,0,929,28176,457.6,25684,-83,13,44.0435,-68.89227,5,-0.101,1
"2026-08-12 06:00:00",930,13.35,19.26,77,92.8,93,159,36593,1.3,0.75,5610,669728,0,0,930,28176,550.7,25777,-81,4,44.04353,-68.89226,4,-0.099,1
"2026-08-12 07:00:00",931,13.39,23.34,74,-40.98,-24,159,36593,1.3,0.75,5610,670448,0,0,931,28176,655.7,25882,-83,4,44.04358,-68.89225,5,-0.098,1
"2026-08-12 08:00:00",932,13.45,24.39,74,-24.05,-24,159,36593,1.3,0.75,5610,671168,0,0,932,28176,760.5,25987,-79,4,44.04361,-68.89231,5,-0.086,1
"2026-08-12 09:00:00",933,13.53,26.96,72,-58.08,-58,160,36593,1.3,0.75,5610,671888,0,0,933,28176,862,26089,-77,4,44.04354,-68.89228,4,-0.056,1
"2026-08-12 10:00:00",934,13.55,26.75,73,-116.9,-48,160,36593,1.3,0.75,5610,672608,0,0,934,28176,953,26180,-81,4,44.04358,-68.89225,6,-0.056,1
"2026-08-12 11:00:00",935,13.57,27.99,71,-47.9,24,160,36593,1.3,0.75,5610,673328,0,0,935,28176,1048,26275,-77,4,44.04352,-68.89221,5,-0.056,1
"2026-08-12 12:00:00",936,13.56,27.13,72,23.99,24,159,36593,1.3,0.75,5610,674048,0,0,936,28176,1148,26374,-81,4,44.04356,-68.89222,4,-0.056,1
"2026-08-12 13:00:00",937,13.56,26.49,72,15.99,16,159,36593,1.3,0.75,5610,674768,0,0,937,28176,1238,26465,-75,13,44.04356,-68.89219,4,-0.076,1
"2026-08-12 14:00:00",938,13.59,25.55,73,8.98,9,160,36593,1.3,0.75,5610,675488,0,0,938,28176,1334,26560,-79,13,44.04356,-68.89219,5,-0.076,1
"2026-08-12 15:00:00",939,13.58,26.41,72,-7.956,24,159,36593,1.3,0.75,5610,676208,0,0,939,28176,1414,26640,-77,13,44.04352,-68.89214,4,-0.076,1
"2026-08-12 16:00:00",940,13.59,24.12,74,24,24,159,36593,1.3,0.75,5610,676928,0,0,940,28176,1503,26730,-81,4,44.04359,-68.89218,5,-0.076,1
"2026-08-12 17:00:00",941,13.61,24.17,73,22.99,23,160,36593,1.3,0.75,5610,677648,0,0,941,28176,1602,26828,-83,4,44.04359,-68.89223,7,-0.086,1
"2026-08-12 18:00:00",942,13.6,23.15,74,18.95,19,160,36593,1.3,0.75,5610,678368,0,0,942,28176,1700,26927,-85,4,44.04359,-68.89223,4,-0.086,1
"2026-08-12 19:00:00",943,13.64,22.4,73,-13.92,43,159,36593,1.3,0.75,5610,679088,0,0,943,28176,1803,27030,-83,4,44.04357,-68.89233,4,-0.109,1
"2026-08-12 20:00:00",944,13.41,19.68,77,43.07,96,160,36593,1.3,0.75,5610,679808,0,0,944,28176,1911,27137,-79,4,44.04362,-68.89228,4,-0.109,1
"2026-08-12 21:00:00",945,13.29,19.23,77,96,96,160,36593,1.3,0.75,5610,680528,0,0,945,28176,2018,27244,-79,4,44.04361,-68.8923,6,-0.109,1
"2026-08-12 22:00:00",946,13.28,18.47,78,61.98,62,166,36593,1.3,0.75,5610,681248,0,0,946,28176,2124,27352,-83,4,44.04356,-68.89228,4,-0.109,1
"2026-08-12 23:00:00",947,13.27,18.2,77,51.02,63,159,36593,1.3,0.75,5610,681968,0,0,947,28176,2230,27459,-83,4,44.04356,-68.89223,5,-0.096,1
"2026-08-13 00:00:00",948,13.25,18.1,78,62.99,63,159,36593,1.3,0.75,5610,682688,0,0,948,28176,0.011,27564,-83,4,44.04358,-68.89223,4,-0.096,1
"2026-08-13 01:00:00",949,13.26,18.35,78,56.01,62,159,36593,1.3,0.75,5610,683408,0,0,949,28176,106.6,27672,-81,13,44.04359,-68.89218,5,-0.093,1
"2026-08-13 02:00:00",950,13.24,18.4,78,62,65,160,36593,1.3,0.75,5610,684128,0,0,950,28176,211.8,27778,-85,4,44.04348,-68.89219,8,-0.092,1
"2026-08-13 03:00:00",951,13.26,18,77,65.01,74,166,36593,1.3,0.75,5610,684848,0,0,951,28176,308.4,27876,-83,13,44.04354,-68.8922,7,-0.092,1
"2026-08-13 04:00:00",952,13.24,17.69,77,74,75,166,36593,1.3,0.75,5610,685568,0,0,952,28176,410,27978,-75,13,44.04354,-68.89218,4,-0.092,1
"2026-08-13 05:00:00",953,13.26,17.45,78,74.97,75,160,36593,1.3,0.75,5610,686288,0,0,953,28176,512.5,28082,-85,4,44.04356,-68.89225,5,-0.09,1
"2026-08-13 06:00:00",954,13.25,17.83,77,51.99,52,166,36593,1.3,0.75,5610,687008,0,0,954,28176,610.1,28180,-79,4,44.04354,-68.89227,6,-0.09,1
"2026-08-13 07:00:00",955,13.34,18.45,77,46.96,47,159,36593,1.3,0.75,5610,687728,0,0,955,28176,714,28285,-79,4,44.04356,-68.89227,7,-0.09,1
"2026-08-13 08:00:00",956,13.3,19.31,76,17.07,69,159,36593,1.3,0.75,5610,688448,0,0,956,28176,821,28393,-79,13,44.04359,-68.89226,5,-0.082,1
"2026-08-13 09:00:00",957,13.31,18.52,77,68.92,69,167,36593,1.3,0.75,5610,689168,0,0,957,28176,919,28492,-75,13,44.04363,-68.89233,4,-0.082,1
"2026-08-13 10:00:00",958,13.45,20.21,76,10.93,11,159,36593,1.3,0.75,5610,689888,0,0,958,28176,1011,28584,-79,4,44.0436,-68.89231,6,-0.074,1
"2026-08-13 11:00:00",959,13.5,21.79,75,-41.09,-41,159,36593,1.3,0.75,5610,690608,0,0,959,28176,1108,28682,-81,4,44.04359,-68.89228,4,-0.074,1
"2026-08-13 12:00:00",960,13.5,25.81,73,-104,-91,159,36593,1.3,0.75,5610,691328,0,0,960,28176,1209,28783,-83,4,44.04359,-68.89227,7,-0.069,1
"2026-08-13 13:00:00",961,13.56,26.47,73,-91,-79,160,36593,1.3,0.75,5610,692048,0,0,961,28176,1302,28876,-81,4,44.04356,-68.89222,6,-0.049,1
"2026-08-13 14:00:00",962,13.55,26.06,73,-78.92,-20,160,36593,1.3,0.75,5610,692768,0,0,962,28176,1401,28976,-83,4,44.04354,-68.89221,5,-0.049,1
"2026-08-13 15:00:00",963,13.59,25.62,73,-19.97,5,167,36593,1.3,0.75,5610,693488,0,0,963,28176,1494,29070,-79,4,44.04358,-68.89218,6,-0.049,1
"2026-08-13 16:00:00",964,13.59,26.97,72,4.997,5,166,36593,1.3,0.75,5610,694208,0,0,964,28176,1589,29165,-83,4,44.04356,-68.89219,6,-0.049,1
"2026-08-13 17:00:00",965,13.56,23.38,75,3.089,67,159,36593,1.3,0.75,5610,694928,0,0,965,28176,1692,29268,-85,4,44.04356,-68.8922,6,-0.05,1
"2026-08-13 18:00:00",966,13.42,20.38,76,66.99,67,160,36593,1.3,0.75,5610,695648,0,0,966,28176,1791,29368,-81,4,44.04358,-68.89227,4,-0.08,1
"2026-08-13 19:00:00",967,13.34,20.03,75,59.05,98,160,36593,1.3,0.75,5610,696368,0,0,967,28176,1895,29473,-77,13,44.04356,-68.89224,5,-0.084,1
"2026-08-13 20:00:00",968,13.26,19.79,75,98.1,135,160,36593,1.3,0.75,5610,697088,0,0,968,28176,2003,29582,-73,13,44.04359,-68.8923,4,-0.084,1
"2026-08-13 21:00:00",969,13.25,18.3,77,134.9,135,160,36593,1.3,0.75,5610,697808,0,0,969,28176,2105,29685,-79,13,44.04351,-68.89232,5,-0.084,1
"2026-08-13 22:00:00",970,13.27,18,78,86,88,159,36593,1.3,0.75,5610,698528,0,0,970,28176,2208,29788,-81,4,44.0436,-68.89226,5,-0.079,1
"2026-08-13 23:00:00",971,13.25,17.66,78,88.1,148,165,36593,1.3,0.75,5610,699248,0,0,971,28176,2298,29879,-83,4,44.04356,-68.89224,5,-0.075,1
"2026-08-14 00:00:00",972,13.23,18.34,78,147.9,148,159,36593,1.3,0.75,5610,699968,0,0,972,28176,0,29982,-85,4,44.04356,-68.89223,5,-0.074,1
"2026-08-14 01:00:00",973,13.26,18.33,78,40.03,58,167,36593,1.3,0.75,5610,700688,0,0,973,28176,94.5,30077,-85,4,44.04357,-68.89223,4,-0.064,1
"2026-08-14 02:00:00",974,13.26,18.63,78,57.97,58,159,36593,1.3,0.75,5610,701408,0,0,974,28176,193,30176,-83,13,44.04358,-68.89225,5,-0.054,1
"2026-08-14 03:00:00",975,13.26,18.76,78,38.01,43,159,36593,1.3,0.75,5610,702128,0,0,975,28176,296.5,30281,-79,13,44.04352,-68.89219,7,-0.054,1
"2026-08-14 04:00:00",976,13.26,18.34,78,43.11,122,160,36593,1.3,0.75,5610,702848,0,0,976,28176,400.3,30385,-81,13,44.04356,-68.89221,5,-0.054,1
"2026-08-14 05:00:00",977,13.26,18.18,79,121.9,122,160,36593,1.3,0.75,5610,703568,0,0,977,28176,498.1,30483,-87,4,44.04356,-68.89224,5,-0.048,1
"2026-08-14 06:00:00",978,13.29,18.95,78,30,33,159,36593,1.3,0.75,5610,704288,0,0,978,28176,593.3,30579,-81,4,44.04354,-68.89226,4,-0.048,1
"2026-08-14 07:00:00",979,13.55,21.1,76,32.69,33,160,36593,1.3,0.75,5610,705008,0,0,979,28176,690.5,30677,-81,4,44.04351,-68.89224,4,-0.046,1
"2026-08-14 08:00:00",980,13.57,22.96,75,-187,-166,160,36593,1.3,0.75,5610,705728,0,0,980,28176,786,30773,-81,4,44.04356,-68.89223,4,-0.027,1
"2026-08-14 09:00:00",981,13.52,22.68,74,-166.1,-166,167,36593,1.3,0.75,5610,706448,0,0,981,28176,885,30872,-87,4,"NAN","NAN",4,-0.012,1
"2026-08-14 10:00:00",982,13.64,22.83,75,-235.7,-9,160,36593,1.3,0.75,5610,707168,0,0,982,28176,981,30969,-83,13,44.0436,-68.89235,5,-0.01,1
"2026-08-14 11:00:00",983,13.62,24.29,75,-9.04,-9,167,36593,1.3,0.75,5610,707888,0,0,983,28176,1069,31058,-83,4,44.04359,-68.89233,4,-0.004,1
"2026-08-14 12:00:00",984,13.62,23.69,75,-35.98,-20,160,36593,1.3,0.75,5610,708608,0,0,984,28176,1164,31153,-79,13,44.04353,-68.89227,4,-0.01,1
"2026-08-14 13:00:00",985,13.63,24.52,74,-20.01,-20,159,36593,1.3,0.75,5610,709328,0,0,985,28176,1260,31249,-79,13,44.04351,-68.89222,4,-0.012,1
"2026-08-14 14:00:00",986,13.61,26.18,73,-26.98,-12,159,36593,1.3,0.75,5610,710048,0,0,986,28176,1352,31341,-83,13,44.04353,-68.89227,5,-0.01,1
"2026-08-14 15:00:00",987,13.56,27.96,72,-11.98,4,160,36593,1.3,0.75,5610,710768,0,0,987,28176,1447,31437,-83,13,44.04356,-68.89223,5,-0.005,1
"2026-08-14 16:00:00",988,13.54,28.15,72,3.925,4,159,36593,1.3,0.75,5610,711488,0,0,988,28176,1545,31535,-79,13,44.04353,-68.89224,4,-0.014,1
"2026-08-14 17:00:00",989,13.56,27.04,74,-49.99,-41,167,36593,1.3,0.75,5610,712208,0,0,989,28176,1657,31648,-79,4,44.04352,-68.89218,4,-0.014,1
"2026-08-14 18:00:00",990,13.55,27,75,-40.99,-34,159,36593,1.3,0.75,5610,712928,0,0,990,28176,1752,31743,-77,4,44.04353,-68.89226,5,-0.01,1
"2026-08-14 19:00:00",991,13.54,24.09,76,-33.91,34,160,36593,1.3,0.75,5610,713648,0,0,991,28176,1847,31839,-75,4,44.04352,-68.8923,4,-0.01,1
"2026-08-14 20:00:00",992,13.44,22.28,78,34.03,54,160,36593,1.3,0.75,5610,714368,0,0,992,28176,1940,31933,-79,4,44.04354,-68.89228,4,-0.019,1
"2026-08-14 21:00:00",993,13.28,20.4,78,54.03,76,166,36593,1.3,0.75,5610,715088,0,0,993,28176,2042,32035,-83,4,44.04356,-68.89231,4,-0.019,1
"2026-08-14 22:00:00",994,13.26,19.53,78,75.98,76,160,36593,1.3,0.75,5610,715808,0,0,994,28176,2144,32137,-77,4,44.04357,-68.89231,4,-0.01,1
"2026-08-14 23:00:00",995,13.27,18.75,78,57.97,58,166,36593,1.3,0.75,5610,716528,0,0,995,28176,2247,32241,-81,4,44.04358,-68.89233,4,-0.01,1
"2026-08-15 00:00:00",996,13.27,17.92,78,39.01,44,159,36593,1.3,0.75,5610,717248,0,0,996,28176,0,32344,-85,4,"NAN","NAN",4,0,1
"2026-08-15 01:00:00",997,13.27,17.96,78,44,45,159,36593,1.3,0.75,5610,717968,0,0,997,28176,96.3,32441,-83,4,44.04357,-68.89223,5,0.006,1
"2026-08-15 02:00:00",998,13.25,18.97,78,45.01,51,160,36593,1.3,0.75,5610,718688,0,0,998,28176,199,32544,-79,4,44.04354,-68.89223,7,0.006,1
"2026-08-15 03:00:00",999,13.27,18.25,78,51.06,91,160,36593,1.3,0.75,5610,719408,0,0,999,28176,300.5,32646,-83,4,"NAN","NAN",4,0.019,1
"2026-08-15 04:00:00",1000,13.26,18.13,78,90.9,91,159,36593,1.3,0.75,5610,720128,0,0,1000,28176,401,32747,-83,4,44.04351,-68.8922,5,0.019,1
"2026-08-15 05:00:00",1001,13.26,17.72,78,32.07,83,159,36593,1.3,0.75,5610,720848,0,0,1001,28176,499.7,32846,-85,4,44.04354,-68.89218,5,0.019,1
"2026-08-15 06:00:00",1002,13.27,18.58,78,82.9,83,159,36593,1.3,0.75,5610,721568,0,0,1002,28176,588.6,32936,-81,4,44.04351,-68.89223,4,0.023,1
"2026-08-15 07:00:00",1003,13.42,22.62,75,14.85,15,160,36593,1.3,0.75,5610,722288,0,0,1003,28176,676.8,33024,-81,4,44.04352,-68.8923,4,0.023,1
"2026-08-15 08:00:00",1004,13.48,23.72,75,-93.1,-93,166,36593,1.3,0.75,5610,723008,0,0,1004,28176,764.5,33113,-77,4,44.04351,-68.89232,4,0.036,1
"2026-08-15 09:00:00",1005,13.5,25.32,72,-135.9,-95,160,36593,1.3,0.75,5610,723728,0,0,1005,28176,899,33248,-83,4,44.04352,-68.89231,4,0.073,1
"2026-08-15 10:00:00",1006,13.53,22.35,75,-95,-79,160,36593,1.3,0.75,5610,724448,0,0,1006,28176,987,33336,-77,4,44.04357,-68.89231,7,0.073,1
"2026-08-15 11:00:00",1007,13.66,23.22,75,-78.93,-27,167,36593,1.3,0.75,5610,725168,0,0,1007,28176,1081,33430,-83,13,44.04359,-68.89234,4,0.073,1
"2026-08-15 12:00:00",1008,13.63,25.37,74,-27,-27,160,36593,1.3,0.75,5610,725888,0,0,1008,28176,1172,33522,-89,4,44.04357,-68.89232,4,0.056,1
"2026-08-15 13:00:00",1009,13.56,28.01,72,-28.93,23,159,36593,1.3,0.75,5610,726608,0,0,1009,28176,1259,33609,-81,4,44.04357,-68.89227,6,0.056,1
"2026-08-15 14:00:00",1010,13.56,25.96,73,23,25,160,36593,1.3,0.75,5610,727328,0,0,1010,28176,1332,33683,-79,13,44.04352,-68.89229,6,0.047,1
"2026-08-15 15:00:00",1011,13.59,25.71,72,24.96,25,159,36593,1.3,0.75,5610,728048,0,0,1011,28176,1417,33768,-85,4,44.04356,-68.8922,4,0.047,1
"2026-08-15 16:00:00",1012,13.61,24.45,73,-5.007,-5,159,36593,1.3,0.75,5610,728768,0,0,1012,28176,1499,33851,-81,4,44.04357,-68.89218,5,0.032,1
"2026-08-15 17:00:00",1013,13.62,23.96,73,-9.98,6,166,36593,1.3,0.75,5610,729488,0,0,1013,28176,1585,33937,-81,4,44.04354,-68.8922,4,0.032,1
"2026-08-15 18:00:00",1014,13.64,24.37,73,5.979,6,159,36593,1.3,0.75,5610,730208,0,0,1014,28176,1681,34033,-85,4,44.04361,-68.89219,4,0.03,1
"2026-08-15 19:00:00",1015,13.64,23.34,72,-8.97,13,166,36593,1.3,0.75,5610,730928,0,0,1015,28176,1769,34121,-75,13,44.04361,-68.89219,4,0.03,1
"2026-08-15 20:00:00",1016,13.44,19.53,77,13.1,84,159,36593,1.3,0.75,5610,731648,0,0,1016,28176,1853,34206,-77,4,44.04359,-68.8922,5,0.03,1
"2026-08-15 21:00:00",1017,13.3,18.66,77,84,84,165,36593,1.3,0.75,5610,732368,0,0,1017,28176,1941,34295,-83,4,44.0436,-68.89231,4,0.028,1
"2026-08-15 22:00:00",1018,13.27,17.66,78,73.01,82,159,36593,1.3,0.75,5610,733088,0,0,1018,28176,2033,34387,-81,4,44.04359,-68.89225,5,0.028,1
"2026-08-15 23:00:00",1019,13.27,16.86,78,82,82,159,36593,1.3,0.75,5610,733808,0,0,1019,28176,2121,34475,-87,4,44.04356,-68.89223,6,0.028,1
"2026-08-16 00:00:00",1020,13.27,16.88,78,75.97,76,160,36593,1.3,0.75,5610,734528,0,0,1020,28176,0,34574,-79,4,44.04361,-68.8923,4,0.028,1
"2026-08-16 01:00:00",1021,13.26,17.8,78,55.98,56,159,36593,1.3,0.75,5610,735248,0,0,1021,28176,93.3,34667,-79,13,44.41939,-70.47025,4,0.029,1
"2026-08-16 02:00:00",1022,13.27,17.71,78,40.99,41,159,36593,1.3,0.75,5610,735968,0,0,1022,28176,182.9,34757,-85,4,44.04356,-68.89222,6,0.033,1
"2026-08-16 03:00:00",1023,13.26,17.52,79,32.01,40,160,36593,1.3,0.75,5610,736688,0,0,1023,28176,272.8,34848,-85,4,44.04356,-68.89221,4,0.035,1
"2026-08-16 04:00:00",1024,13.26,17.04,79,40,43,159,36593,1.3,0.75,5610,737408,0,0,1024,28176,362,34937,-87,4,44.04354,-68.8922,4,0.037,1
"2026-08-16 05:00:00",1025,13.26,17.05,78,42.99,43,160,36593,1.3,0.75,5610,738128,0,0,1025,28176,449.3,35025,-83,4,44.0435,-68.89228,4,0.039,1
"2026-08-16 06:00:00",1026,13.26,16.92,78,36.04,63,159,36593,1.3,0.75,5610,738848,0,0,1026,28176,542.4,35119,-81,4,44.04353,-68.89221,7,0.039,1
"2026-08-16 07:00:00",1027,13.44,19.44,76,62.79,63,160,36593,1.3,0.75,5610,739568,0,0,1027,28176,645.7,35223,-85,4,44.04359,-68.89223,6,0.039,1
"2026-08-16 08:00:00",1028,13.53,22.62,75,-87.1,-87,159,36593,1.3,0.75,5610,740288,0,0,1028,28176,728.5,35306,-81,4,44.04354,-68.89225,5,0.049,1
