VEMCO DATA LOG,2.0.0,fathom_connect-4.11.2-20260829-0f67bd-release,vdatapi-16.2.0-20260828-2e8810-release
RECORD TYPE,FIELD,FIELD,FIELD,FIELD,FIELD,FIELD,FIELD,FIELD,FIELD,FIELD,FIELD,FIELD,FIELD,FIELD,FIELD,FIELD,FIELD,FIELD,FIELD,FIELD,FIELD,FIELD,FIELD,FIELD,FIELD
ATTITUDE_DESC,Device Time (UTC),Time,Time Offset (h),Time Correction (s),Model,Serial Number,Tilt (deg)
CLOCK_REF_DESC,Device Time (UTC),Time,Time Offset (h),Time Correction (s),Model,Serial Number,External Time (UTC),External Difference (s),Source
CLOCK_SET_DESC,Device Time (UTC),Time,Time Offset (h),Time Correction (s),Model,Serial Number,Prior Device Time (UTC),Prior Difference (s),Source
DATA_ERROR_DESC,Type,Error,Page,Offset,Description
DATA_SOURCE_FILE_DESC,File Name,UUID,Type,Size,State
DEPTH_DESC,Device Time (UTC),Time,Time Offset (h),Time Correction (s),Model,Serial Number,Depth (m)
DEPTH_STATS_DESC,Device Time (UTC),Time,Time Offset (h),Time Correction (s),Model,Serial Number,Depth Min (m),Depth Max (m),Depth Mean (m),Sample Count,Accumulation Period (s)
TEMP_DESC,Device Time (UTC),Time,Time Offset (h),Time Correction (s),Model,Serial Number,Ambient (deg C),Internal (deg C)
TEMP_STATS_DESC,Device Time (UTC),Time,Time Offset (h),Time Correction (s),Model,Serial Number,Ambient Min (deg C),Ambient Max (deg C),Ambient Mean (deg C),Sample Count,Accumulation Period (s)
DATA_SOURCE_FILE,VR2AR-69 549924 2026-09-09 160042.vdat,ab1551f8-9411-4ad3-9512-921635e15be2,com.vemco.file.vrdp.vr2ar/1.0.0,58062,ORIGINAL
CLOCK_REF,2026-05-09 20:04:05,2026-05-09 20:04:05,,0,VR2AR-69,549924,2026-05-09 20:04:05,0,INITIALIZATION
TEMP,2026-05-09 21:00:00,2026-05-09 21:00:00.035396,,0.035396531,VR2AR-69,549924,17.502,
DEPTH,2026-05-09 21:00:00,2026-05-09 21:00:00.035396,,0.035396531,VR2AR-69,549924,0
ATTITUDE,2026-05-09 21:00:00,2026-05-09 21:00:00.035396,,0.035396531,VR2AR-69,549924,42
TEMP,2026-05-09 22:00:00,2026-05-09 22:00:00.073377,,0.073377905,VR2AR-69,549924,17.37,
DEPTH,2026-05-09 22:00:00,2026-05-09 22:00:00.073377,,0.073377905,VR2AR-69,549924,0
ATTITUDE,2026-05-09 22:00:00,2026-05-09 22:00:00.073377,,0.073377905,VR2AR-69,549924,42
TEMP,2026-05-09 23:00:00,2026-05-09 23:00:00.111359,,0.111359280,VR2AR-69,549924,17.436,
DEPTH,2026-05-09 23:00:00,2026-05-09 23:00:00.111359,,0.111359280,VR2AR-69,549924,0
ATTITUDE,2026-05-09 23:00:00,2026-05-09 23:00:00.111359,,0.111359280,VR2AR-69,549924,42
TEMP,2026-05-10 00:00:00,2026-05-10 00:00:00.14934,,0.149340655,VR2AR-69,549924,17.722,
DEPTH,2026-05-10 00:00:00,2026-05-10 00:00:00.14934,,0.149340655,VR2AR-69,549924,0
ATTITUDE,2026-05-10 00:00:00,2026-05-10 00:00:00.14934,,0.149340655,VR2AR-69,549924,42
TEMP,2026-05-10 01:00:00,2026-05-10 01:00:00.187322,,0.187322030,VR2AR-69,549924,18.031,
DEPTH,2026-05-10 01:00:00,2026-05-10 01:00:00.187322,,0.187322030,VR2AR-69,549924,0
ATTITUDE,2026-05-10 01:00:00,2026-05-10 01:00:00.187322,,0.187322030,VR2AR-69,549924,42
TEMP,2026-05-10 02:00:00,2026-05-10 02:00:00.225303,,0.225303405,VR2AR-69,549924,18.253,
DEPTH,2026-05-10 02:00:00,2026-05-10 02:00:00.225303,,0.225303405,VR2AR-69,549924,0
ATTITUDE,2026-05-10 02:00:00,2026-05-10 02:00:00.225303,,0.225303405,VR2AR-69,549924,42
TEMP,2026-05-10 03:00:00,2026-05-10 03:00:00.263284,,0.263284779,VR2AR-69,549924,18.476,
DEPTH,2026-05-10 03:00:00,2026-05-10 03:00:00.263284,,0.263284779,VR2AR-69,549924,0
ATTITUDE,2026-05-10 03:00:00,2026-05-10 03:00:00.263284,,0.263284779,VR2AR-69,549924,42
TEMP,2026-05-10 04:00:00,2026-05-10 04:00:00.301266,,0.301266154,VR2AR-69,549924,18.632,
DEPTH,2026-05-10 04:00:00,2026-05-10 04:00:00.301266,,0.301266154,VR2AR-69,549924,0
ATTITUDE,2026-05-10 04:00:00,2026-05-10 04:00:00.301266,,0.301266154,VR2AR-69,549924,42
TEMP,2026-05-10 05:00:00,2026-05-10 05:00:00.339247,,0.339247529,VR2AR-69,549924,18.699,
DEPTH,2026-05-10 05:00:00,2026-05-10 05:00:00.339247,,0.339247529,VR2AR-69,549924,0
ATTITUDE,2026-05-10 05:00:00,2026-05-10 05:00:00.339247,,0.339247529,VR2AR-69,549924,42
TEMP,2026-05-10 06:00:00,2026-05-10 06:00:00.377228,,0.377228904,VR2AR-69,549924,18.834,
DEPTH,2026-05-10 06:00:00,2026-05-10 06:00:00.377228,,0.377228904,VR2AR-69,549924,0
ATTITUDE,2026-05-10 06:00:00,2026-05-10 06:00:00.377228,,0.377228904,VR2AR-69,549924,42
TEMP,2026-05-10 07:00:00,2026-05-10 07:00:00.41521,,0.415210278,VR2AR-69,549924,18.991,
DEPTH,2026-05-10 07:00:00,2026-05-10 07:00:00.41521,,0.415210278,VR2AR-69,549924,0
ATTITUDE,2026-05-10 07:00:00,2026-05-10 07:00:00.41521,,0.415210278,VR2AR-69,549924,42
TEMP,2026-05-10 08:00:00,2026-05-10 08:00:00.453191,,0.453191653,VR2AR-69,549924,19.103,
DEPTH,2026-05-10 08:00:00,2026-05-10 08:00:00.453191,,0.453191653,VR2AR-69,549924,0
ATTITUDE,2026-05-10 08:00:00,2026-05-10 08:00:00.453191,,0.453191653,VR2AR-69,549924,42
TEMP,2026-05-10 09:00:00,2026-05-10 09:00:00.491173,,0.491173028,VR2AR-69,549924,19.261,
DEPTH,2026-05-10 09:00:00,2026-05-10 09:00:00.491173,,0.491173028,VR2AR-69,549924,0
ATTITUDE,2026-05-10 09:00:00,2026-05-10 09:00:00.491173,,0.491173028,VR2AR-69,549924,42
TEMP,2026-05-10 10:00:00,2026-05-10 10:00:00.529154,,0.529154403,VR2AR-69,549924,19.397,
DEPTH,2026-05-10 10:00:00,2026-05-10 10:00:00.529154,,0.529154403,VR2AR-69,549924,0
ATTITUDE,2026-05-10 10:00:00,2026-05-10 10:00:00.529154,,0.529154403,VR2AR-69,549924,42
TEMP,2026-05-10 11:00:00,2026-05-10 11:00:00.567135,,0.567135777,VR2AR-69,549924,19.487,
DEPTH,2026-05-10 11:00:00,2026-05-10 11:00:00.567135,,0.567135777,VR2AR-69,549924,0
ATTITUDE,2026-05-10 11:00:00,2026-05-10 11:00:00.567135,,0.567135777,VR2AR-69,549924,42
TEMP,2026-05-10 12:00:00,2026-05-10 12:00:00.605117,,0.605117152,VR2AR-69,549924,19.623,
DEPTH,2026-05-10 12:00:00,2026-05-10 12:00:00.605117,,0.605117152,VR2AR-69,549924,0
ATTITUDE,2026-05-10 12:00:00,2026-05-10 12:00:00.605117,,0.605117152,VR2AR-69,549924,42
TEMP,2026-05-10 13:00:00,2026-05-10 13:00:00.643098,,0.643098527,VR2AR-69,549924,19.487,
DEPTH,2026-05-10 13:00:00,2026-05-10 13:00:00.643098,,0.643098527,VR2AR-69,549924,0
ATTITUDE,2026-05-10 13:00:00,2026-05-10 13:00:00.643098,,0.643098527,VR2AR-69,549924,42
TEMP,2026-05-10 14:00:00,2026-05-10 14:00:00.681079,,0.681079902,VR2AR-69,549924,19.284,
DEPTH,2026-05-10 14:00:00,2026-05-10 14:00:00.681079,,0.681079902,VR2AR-69,549924,0
ATTITUDE,2026-05-10 14:00:00,2026-05-10 14:00:00.681079,,0.681079902,VR2AR-69,549924,41
TEMP,2026-05-10 15:00:00,2026-05-10 15:00:00.719061,,0.719061277,VR2AR-69,549924,19.171,
DEPTH,2026-05-10 15:00:00,2026-05-10 15:00:00.719061,,0.719061277,VR2AR-69,549924,0
ATTITUDE,2026-05-10 15:00:00,2026-05-10 15:00:00.719061,,0.719061277,VR2AR-69,549924,41
TEMP,2026-05-10 16:00:00,2026-05-10 16:00:00.757042,,0.757042651,VR2AR-69,549924,18.923,
DEPTH,2026-05-10 16:00:00,2026-05-10 16:00:00.757042,,0.757042651,VR2AR-69,549924,0
ATTITUDE,2026-05-10 16:00:00,2026-05-10 16:00:00.757042,,0.757042651,VR2AR-69,549924,41
TEMP,2026-05-10 17:00:00,2026-05-10 17:00:00.795024,,0.795024026,VR2AR-69,549924,18.856,
DEPTH,2026-05-10 17:00:00,2026-05-10 17:00:00.795024,,0.795024026,VR2AR-69,549924,0
ATTITUDE,2026-05-10 17:00:00,2026-05-10 17:00:00.795024,,0.795024026,VR2AR-69,549924,41
TEMP,2026-05-10 18:00:00,2026-05-10 18:00:00.833005,,0.833005401,VR2AR-69,549924,18.901,
DEPTH,2026-05-10 18:00:00,2026-05-10 18:00:00.833005,,0.833005401,VR2AR-69,549924,0
ATTITUDE,2026-05-10 18:00:00,2026-05-10 18:00:00.833005,,0.833005401,VR2AR-69,549924,41
TEMP,2026-05-10 19:00:00,2026-05-10 19:00:00.870986,,0.870986776,VR2AR-69,549924,19.058,
DEPTH,2026-05-10 19:00:00,2026-05-10 19:00:00.870986,,0.870986776,VR2AR-69,549924,0
ATTITUDE,2026-05-10 19:00:00,2026-05-10 19:00:00.870986,,0.870986776,VR2AR-69,549924,42
TEMP,2026-05-10 20:00:00,2026-05-10 20:00:00.908968,,0.908968150,VR2AR-69,549924,19.397,
DEPTH,2026-05-10 20:00:00,2026-05-10 20:00:00.908968,,0.908968150,VR2AR-69,549924,0
ATTITUDE,2026-05-10 20:00:00,2026-05-10 20:00:00.908968,,0.908968150,VR2AR-69,549924,42
TEMP,2026-05-10 21:00:00,2026-05-10 21:00:00.946949,,0.946949525,VR2AR-69,549924,20.01,
DEPTH,2026-05-10 21:00:00,2026-05-10 21:00:00.946949,,0.946949525,VR2AR-69,549924,0
ATTITUDE,2026-05-10 21:00:00,2026-05-10 21:00:00.946949,,0.946949525,VR2AR-69,549924,85
TEMP,2026-05-10 22:00:00,2026-05-10 22:00:00.98493,,0.984930900,VR2AR-69,549924,15.228,
DEPTH,2026-05-10 22:00:00,2026-05-10 22:00:00.98493,,0.984930900,VR2AR-69,549924,0
ATTITUDE,2026-05-10 22:00:00,2026-05-10 22:00:00.98493,,0.984930900,VR2AR-69,549924,77
TEMP,2026-05-10 23:00:00,2026-05-10 23:00:01.022912,,1.022912275,VR2AR-69,549924,14.633,
DEPTH,2026-05-10 23:00:00,2026-05-10 23:00:01.022912,,1.022912275,VR2AR-69,549924,0
ATTITUDE,2026-05-10 23:00:00,2026-05-10 23:00:01.022912,,1.022912275,VR2AR-69,549924,78
TEMP,2026-05-11 00:00:00,2026-05-11 00:00:01.060893,,1.060893649,VR2AR-69,549924,13.999,
DEPTH,2026-05-11 00:00:00,2026-05-11 00:00:01.060893,,1.060893649,VR2AR-69,549924,0
ATTITUDE,2026-05-11 00:00:00,2026-05-11 00:00:01.060893,,1.060893649,VR2AR-69,549924,78
TEMP,2026-05-11 01:00:00,2026-05-11 01:00:01.098875,,1.098875024,VR2AR-69,549924,13.432,
DEPTH,2026-05-11 01:00:00,2026-05-11 01:00:01.098875,,1.098875024,VR2AR-69,549924,0
ATTITUDE,2026-05-11 01:00:00,2026-05-11 01:00:01.098875,,1.098875024,VR2AR-69,549924,78
TEMP,2026-05-11 02:00:00,2026-05-11 02:00:01.136856,,1.136856399,VR2AR-69,549924,12.952,
DEPTH,2026-05-11 02:00:00,2026-05-11 02:00:01.136856,,1.136856399,VR2AR-69,549924,0
ATTITUDE,2026-05-11 02:00:00,2026-05-11 02:00:01.136856,,1.136856399,VR2AR-69,549924,78
TEMP,2026-05-11 03:00:00,2026-05-11 03:00:01.174837,,1.174837774,VR2AR-69,549924,12.495,
DEPTH,2026-05-11 03:00:00,2026-05-11 03:00:01.174837,,1.174837774,VR2AR-69,549924,0
ATTITUDE,2026-05-11 03:00:00,2026-05-11 03:00:01.174837,,1.174837774,VR2AR-69,549924,78
TEMP,2026-05-11 04:00:00,2026-05-11 04:00:01.212819,,1.212819149,VR2AR-69,549924,12.101,
DEPTH,2026-05-11 04:00:00,2026-05-11 04:00:01.212819,,1.212819149,VR2AR-69,549924,0
ATTITUDE,2026-05-11 04:00:00,2026-05-11 04:00:01.212819,,1.212819149,VR2AR-69,549924,78
TEMP,2026-05-11 05:00:00,2026-05-11 05:00:01.2508,,1.250800523,VR2AR-69,549924,11.771,
DEPTH,2026-05-11 05:00:00,2026-05-11 05:00:01.2508,,1.250800523,VR2AR-69,549924,0
ATTITUDE,2026-05-11 05:00:00,2026-05-11 05:00:01.2508,,1.250800523,VR2AR-69,549924,78
TEMP,2026-05-11 06:00:00,2026-05-11 06:00:01.288781,,1.288781898,VR2AR-69,549924,11.462,
DEPTH,2026-05-11 06:00:00,2026-05-11 06:00:01.288781,,1.288781898,VR2AR-69,549924,0
ATTITUDE,2026-05-11 06:00:00,2026-05-11 06:00:01.288781,,1.288781898,VR2AR-69,549924,78
TEMP,2026-05-11 07:00:00,2026-05-11 07:00:01.326763,,1.326763273,VR2AR-69,549924,11.072,
DEPTH,2026-05-11 07:00:00,2026-05-11 07:00:01.326763,,1.326763273,VR2AR-69,549924,0
ATTITUDE,2026-05-11 07:00:00,2026-05-11 07:00:01.326763,,1.326763273,VR2AR-69,549924,78
TEMP,2026-05-11 08:00:00,2026-05-11 08:00:01.364744,,1.364744648,VR2AR-69,549924,10.458,
DEPTH,2026-05-11 08:00:00,2026-05-11 08:00:01.364744,,1.364744648,VR2AR-69,549924,0
ATTITUDE,2026-05-11 08:00:00,2026-05-11 08:00:01.364744,,1.364744648,VR2AR-69,549924,78
TEMP,2026-05-11 09:00:00,2026-05-11 09:00:01.402726,,1.402726022,VR2AR-69,549924,9.522,
DEPTH,2026-05-11 09:00:00,2026-05-11 09:00:01.402726,,1.402726022,VR2AR-69,549924,0
ATTITUDE,2026-05-11 09:00:00,2026-05-11 09:00:01.402726,,1.402726022,VR2AR-69,549924,78
TEMP,2026-05-11 10:00:00,2026-05-11 10:00:01.440707,,1.440707397,VR2AR-69,549924,8.752,
DEPTH,2026-05-11 10:00:00,2026-05-11 10:00:01.440707,,1.440707397,VR2AR-69,549924,0
ATTITUDE,2026-05-11 10:00:00,2026-05-11 10:00:01.440707,,1.440707397,VR2AR-69,549924,78
TEMP,2026-05-11 11:00:00,2026-05-11 11:00:01.478688,,1.478688772,VR2AR-69,549924,8.429,
DEPTH,2026-05-11 11:00:00,2026-05-11 11:00:01.478688,,1.478688772,VR2AR-69,549924,0
ATTITUDE,2026-05-11 11:00:00,2026-05-11 11:00:01.478688,,1.478688772,VR2AR-69,549924,78
TEMP,2026-05-11 12:00:00,2026-05-11 12:00:01.51667,,1.516670147,VR2AR-69,549924,8.975,
DEPTH,2026-05-11 12:00:00,2026-05-11 12:00:01.51667,,1.516670147,VR2AR-69,549924,0
ATTITUDE,2026-05-11 12:00:00,2026-05-11 12:00:01.51667,,1.516670147,VR2AR-69,549924,78
TEMP,2026-05-11 13:00:00,2026-05-11 13:00:01.554651,,1.554651521,VR2AR-69,549924,11.052,
DEPTH,2026-05-11 13:00:00,2026-05-11 13:00:01.554651,,1.554651521,VR2AR-69,549924,0
ATTITUDE,2026-05-11 13:00:00,2026-05-11 13:00:01.554651,,1.554651521,VR2AR-69,549924,80
TEMP,2026-05-11 14:00:00,2026-05-11 14:00:01.592632,,1.592632896,VR2AR-69,549924,15.442,
DEPTH,2026-05-11 14:00:00,2026-05-11 14:00:01.592632,,1.592632896,VR2AR-69,549924,0
ATTITUDE,2026-05-11 14:00:00,2026-05-11 14:00:01.592632,,1.592632896,VR2AR-69,549924,91
TEMP,2026-05-11 15:00:00,2026-05-11 15:00:01.630614,,1.630614271,VR2AR-69,549924,19.873,
DEPTH,2026-05-11 15:00:00,2026-05-11 15:00:01.630614,,1.630614271,VR2AR-69,549924,0
ATTITUDE,2026-05-11 15:00:00,2026-05-11 15:00:01.630614,,1.630614271,VR2AR-69,549924,95
TEMP,2026-05-11 16:00:00,2026-05-11 16:00:01.668595,,1.668595646,VR2AR-69,549924,28.428,
DEPTH,2026-05-11 16:00:00,2026-05-11 16:00:01.668595,,1.668595646,VR2AR-69,549924,0
ATTITUDE,2026-05-11 16:00:00,2026-05-11 16:00:01.668595,,1.668595646,VR2AR-69,549924,95
TEMP,2026-05-11 17:00:00,2026-05-11 17:00:01.706577,,1.706577021,VR2AR-69,549924,27.178,
DEPTH,2026-05-11 17:00:00,2026-05-11 17:00:01.706577,,1.706577021,VR2AR-69,549924,0
ATTITUDE,2026-05-11 17:00:00,2026-05-11 17:00:01.706577,,1.706577021,VR2AR-69,549924,92
TEMP,2026-05-11 18:00:00,2026-05-11 18:00:01.744558,,1.744558395,VR2AR-69,549924,21.093,
DEPTH,2026-05-11 18:00:00,2026-05-11 18:00:01.744558,,1.744558395,VR2AR-69,549924,0
ATTITUDE,2026-05-11 18:00:00,2026-05-11 18:00:01.744558,,1.744558395,VR2AR-69,549924,95
TEMP,2026-05-11 19:00:00,2026-05-11 19:00:01.782539,,1.782539770,VR2AR-69,549924,18.231,
DEPTH,2026-05-11 19:00:00,2026-05-11 19:00:01.782539,,1.782539770,VR2AR-69,549924,0
ATTITUDE,2026-05-11 19:00:00,2026-05-11 19:00:01.782539,,1.782539770,VR2AR-69,549924,88
TEMP,2026-05-11 20:00:00,2026-05-11 20:00:01.820521,,1.820521145,VR2AR-69,549924,7.804,
DEPTH,2026-05-11 20:00:00,2026-05-11 20:00:01.820521,,1.820521145,VR2AR-69,549924,14
ATTITUDE,2026-05-11 20:00:00,2026-05-11 20:00:01.820521,,1.820521145,VR2AR-69,549924,2
TEMP,2026-05-11 21:00:00,2026-05-11 21:00:01.858502,,1.858502520,VR2AR-69,549924,7.1,
DEPTH,2026-05-11 21:00:00,2026-05-11 21:00:01.858502,,1.858502520,VR2AR-69,549924,14
ATTITUDE,2026-05-11 21:00:00,2026-05-11 21:00:01.858502,,1.858502520,VR2AR-69,549924,3
TEMP,2026-05-11 22:00:00,2026-05-11 22:00:01.896483,,1.896483894,VR2AR-69,549924,6.759,
DEPTH,2026-05-11 22:00:00,2026-05-11 22:00:01.896483,,1.896483894,VR2AR-69,549924,15
ATTITUDE,2026-05-11 22:00:00,2026-05-11 22:00:01.896483,,1.896483894,VR2AR-69,549924,2
TEMP,2026-05-11 23:00:00,2026-05-11 23:00:01.934465,,1.934465269,VR2AR-69,549924,6.799,
DEPTH,2026-05-11 23:00:00,2026-05-11 23:00:01.934465,,1.934465269,VR2AR-69,549924,15
ATTITUDE,2026-05-11 23:00:00,2026-05-11 23:00:01.934465,,1.934465269,VR2AR-69,549924,4
TEMP,2026-05-12 00:00:00,2026-05-12 00:00:01.972446,,1.972446644,VR2AR-69,549924,6.94,
DEPTH,2026-05-12 00:00:00,2026-05-12 00:00:01.972446,,1.972446644,VR2AR-69,549924,15
ATTITUDE,2026-05-12 00:00:00,2026-05-12 00:00:01.972446,,1.972446644,VR2AR-69,549924,3
TEMP,2026-05-12 01:00:00,2026-05-12 01:00:02.010428,,2.010428019,VR2AR-69,549924,7.04,
DEPTH,2026-05-12 01:00:00,2026-05-12 01:00:02.010428,,2.010428019,VR2AR-69,549924,14
ATTITUDE,2026-05-12 01:00:00,2026-05-12 01:00:02.010428,,2.010428019,VR2AR-69,549924,3
TEMP,2026-05-12 02:00:00,2026-05-12 02:00:02.048409,,2.048409393,VR2AR-69,549924,7.241,
DEPTH,2026-05-12 02:00:00,2026-05-12 02:00:02.048409,,2.048409393,VR2AR-69,549924,14
ATTITUDE,2026-05-12 02:00:00,2026-05-12 02:00:02.048409,,2.048409393,VR2AR-69,549924,3
TEMP,2026-05-12 03:00:00,2026-05-12 03:00:02.08639,,2.086390768,VR2AR-69,549924,7.301,
DEPTH,2026-05-12 03:00:00,2026-05-12 03:00:02.08639,,2.086390768,VR2AR-69,549924,13
ATTITUDE,2026-05-12 03:00:00,2026-05-12 03:00:02.08639,,2.086390768,VR2AR-69,549924,4
TEMP,2026-05-12 04:00:00,2026-05-12 04:00:02.124372,,2.124372143,VR2AR-69,549924,7.321,
DEPTH,2026-05-12 04:00:00,2026-05-12 04:00:02.124372,,2.124372143,VR2AR-69,549924,13
ATTITUDE,2026-05-12 04:00:00,2026-05-12 04:00:02.124372,,2.124372143,VR2AR-69,549924,3
TEMP,2026-05-12 05:00:00,2026-05-12 05:00:02.162353,,2.162353518,VR2AR-69,549924,7.402,
DEPTH,2026-05-12 05:00:00,2026-05-12 05:00:02.162353,,2.162353518,VR2AR-69,549924,12
ATTITUDE,2026-05-12 05:00:00,2026-05-12 05:00:02.162353,,2.162353518,VR2AR-69,549924,3
TEMP,2026-05-12 06:00:00,2026-05-12 06:00:02.200334,,2.200334893,VR2AR-69,549924,7.362,
DEPTH,2026-05-12 06:00:00,2026-05-12 06:00:02.200334,,2.200334893,VR2AR-69,549924,12
ATTITUDE,2026-05-12 06:00:00,2026-05-12 06:00:02.200334,,2.200334893,VR2AR-69,549924,3
TEMP,2026-05-12 07:00:00,2026-05-12 07:00:02.238316,,2.238316267,VR2AR-69,549924,7.382,
DEPTH,2026-05-12 07:00:00,2026-05-12 07:00:02.238316,,2.238316267,VR2AR-69,549924,13
ATTITUDE,2026-05-12 07:00:00,2026-05-12 07:00:02.238316,,2.238316267,VR2AR-69,549924,3
TEMP,2026-05-12 08:00:00,2026-05-12 08:00:02.276297,,2.276297642,VR2AR-69,549924,7.362,
DEPTH,2026-05-12 08:00:00,2026-05-12 08:00:02.276297,,2.276297642,VR2AR-69,549924,13
ATTITUDE,2026-05-12 08:00:00,2026-05-12 08:00:02.276297,,2.276297642,VR2AR-69,549924,3
TEMP,2026-05-12 09:00:00,2026-05-12 09:00:02.314279,,2.314279017,VR2AR-69,549924,7.181,
DEPTH,2026-05-12 09:00:00,2026-05-12 09:00:02.314279,,2.314279017,VR2AR-69,549924,14
ATTITUDE,2026-05-12 09:00:00,2026-05-12 09:00:02.314279,,2.314279017,VR2AR-69,549924,4
TEMP,2026-05-12 10:00:00,2026-05-12 10:00:02.35226,,2.352260392,VR2AR-69,549924,6.819,
DEPTH,2026-05-12 10:00:00,2026-05-12 10:00:02.35226,,2.352260392,VR2AR-69,549924,15
ATTITUDE,2026-05-12 10:00:00,2026-05-12 10:00:02.35226,,2.352260392,VR2AR-69,549924,2
TEMP,2026-05-12 11:00:00,2026-05-12 11:00:02.390241,,2.390241766,VR2AR-69,549924,6.659,
DEPTH,2026-05-12 11:00:00,2026-05-12 11:00:02.390241,,2.390241766,VR2AR-69,549924,15
ATTITUDE,2026-05-12 11:00:00,2026-05-12 11:00:02.390241,,2.390241766,VR2AR-69,549924,3
TEMP,2026-05-12 12:00:00,2026-05-12 12:00:02.428223,,2.428223141,VR2AR-69,549924,6.779,
DEPTH,2026-05-12 12:00:00,2026-05-12 12:00:02.428223,,2.428223141,VR2AR-69,549924,15
ATTITUDE,2026-05-12 12:00:00,2026-05-12 12:00:02.428223,,2.428223141,VR2AR-69,549924,3
TEMP,2026-05-12 13:00:00,2026-05-12 13:00:02.466204,,2.466204516,VR2AR-69,549924,6.879,
DEPTH,2026-05-12 13:00:00,2026-05-12 13:00:02.466204,,2.466204516,VR2AR-69,549924,14
ATTITUDE,2026-05-12 13:00:00,2026-05-12 13:00:02.466204,,2.466204516,VR2AR-69,549924,3
TEMP,2026-05-12 14:00:00,2026-05-12 14:00:02.504185,,2.504185891,VR2AR-69,549924,7.12,
DEPTH,2026-05-12 14:00:00,2026-05-12 14:00:02.504185,,2.504185891,VR2AR-69,549924,14
ATTITUDE,2026-05-12 14:00:00,2026-05-12 14:00:02.504185,,2.504185891,VR2AR-69,549924,3
TEMP,2026-05-12 15:00:00,2026-05-12 15:00:02.542167,,2.542167265,VR2AR-69,549924,7.201,
DEPTH,2026-05-12 15:00:00,2026-05-12 15:00:02.542167,,2.542167265,VR2AR-69,549924,13
ATTITUDE,2026-05-12 15:00:00,2026-05-12 15:00:02.542167,,2.542167265,VR2AR-69,549924,3
TEMP,2026-05-12 16:00:00,2026-05-12 16:00:02.580148,,2.580148640,VR2AR-69,549924,7.221,
DEPTH,2026-05-12 16:00:00,2026-05-12 16:00:02.580148,,2.580148640,VR2AR-69,549924,13
ATTITUDE,2026-05-12 16:00:00,2026-05-12 16:00:02.580148,,2.580148640,VR2AR-69,549924,3
TEMP,2026-05-12 17:00:00,2026-05-12 17:00:02.61813,,2.618130015,VR2AR-69,549924,7.321,
DEPTH,2026-05-12 17:00:00,2026-05-12 17:00:02.61813,,2.618130015,VR2AR-69,549924,12
ATTITUDE,2026-05-12 17:00:00,2026-05-12 17:00:02.61813,,2.618130015,VR2AR-69,549924,3
TEMP,2026-05-12 18:00:00,2026-05-12 18:00:02.656111,,2.656111390,VR2AR-69,549924,7.522,
DEPTH,2026-05-12 18:00:00,2026-05-12 18:00:02.656111,,2.656111390,VR2AR-69,549924,12
ATTITUDE,2026-05-12 18:00:00,2026-05-12 18:00:02.656111,,2.656111390,VR2AR-69,549924,3
TEMP,2026-05-12 19:00:00,2026-05-12 19:00:02.694092,,2.694092765,VR2AR-69,549924,7.522,
DEPTH,2026-05-12 19:00:00,2026-05-12 19:00:02.694092,,2.694092765,VR2AR-69,549924,13
ATTITUDE,2026-05-12 19:00:00,2026-05-12 19:00:02.694092,,2.694092765,VR2AR-69,549924,3
TEMP,2026-05-12 20:00:00,2026-05-12 20:00:02.732074,,2.732074139,VR2AR-69,549924,7.522,
DEPTH,2026-05-12 20:00:00,2026-05-12 20:00:02.732074,,2.732074139,VR2AR-69,549924,13
ATTITUDE,2026-05-12 20:00:00,2026-05-12 20:00:02.732074,,2.732074139,VR2AR-69,549924,3
TEMP,2026-05-12 21:00:00,2026-05-12 21:00:02.770055,,2.770055514,VR2AR-69,549924,7.482,
DEPTH,2026-05-12 21:00:00,2026-05-12 21:00:02.770055,,2.770055514,VR2AR-69,549924,14
ATTITUDE,2026-05-12 21:00:00,2026-05-12 21:00:02.770055,,2.770055514,VR2AR-69,549924,3
TEMP,2026-05-12 22:00:00,2026-05-12 22:00:02.808036,,2.808036889,VR2AR-69,549924,7.261,
DEPTH,2026-05-12 22:00:00,2026-05-12 22:00:02.808036,,2.808036889,VR2AR-69,549924,14
ATTITUDE,2026-05-12 22:00:00,2026-05-12 22:00:02.808036,,2.808036889,VR2AR-69,549924,3
TEMP,2026-05-12 23:00:00,2026-05-12 23:00:02.846018,,2.846018264,VR2AR-69,549924,6.94,
DEPTH,2026-05-12 23:00:00,2026-05-12 23:00:02.846018,,2.846018264,VR2AR-69,549924,15
ATTITUDE,2026-05-12 23:00:00,2026-05-12 23:00:02.846018,,2.846018264,VR2AR-69,549924,4
TEMP,2026-05-13 00:00:00,2026-05-13 00:00:02.883999,,2.883999638,VR2AR-69,549924,7.08,
DEPTH,2026-05-13 00:00:00,2026-05-13 00:00:02.883999,,2.883999638,VR2AR-69,549924,15
ATTITUDE,2026-05-13 00:00:00,2026-05-13 00:00:02.883999,,2.883999638,VR2AR-69,549924,3
TEMP,2026-05-13 01:00:00,2026-05-13 01:00:02.921981,,2.921981013,VR2AR-69,549924,7.261,
DEPTH,2026-05-13 01:00:00,2026-05-13 01:00:02.921981,,2.921981013,VR2AR-69,549924,15
ATTITUDE,2026-05-13 01:00:00,2026-05-13 01:00:02.921981,,2.921981013,VR2AR-69,549924,3
TEMP,2026-05-13 02:00:00,2026-05-13 02:00:02.959962,,2.959962388,VR2AR-69,549924,7.201,
DEPTH,2026-05-13 02:00:00,2026-05-13 02:00:02.959962,,2.959962388,VR2AR-69,549924,14
ATTITUDE,2026-05-13 02:00:00,2026-05-13 02:00:02.959962,,2.959962388,VR2AR-69,549924,3
TEMP,2026-05-13 03:00:00,2026-05-13 03:00:02.997943,,2.997943763,VR2AR-69,549924,7.382,
DEPTH,2026-05-13 03:00:00,2026-05-13 03:00:02.997943,,2.997943763,VR2AR-69,549924,14
ATTITUDE,2026-05-13 03:00:00,2026-05-13 03:00:02.997943,,2.997943763,VR2AR-69,549924,3
TEMP,2026-05-13 04:00:00,2026-05-13 04:00:03.035925,,3.035925137,VR2AR-69,549924,7.321,
DEPTH,2026-05-13 04:00:00,2026-05-13 04:00:03.035925,,3.035925137,VR2AR-69,549924,13
ATTITUDE,2026-05-13 04:00:00,2026-05-13 04:00:03.035925,,3.035925137,VR2AR-69,549924,3
TEMP,2026-05-13 05:00:00,2026-05-13 05:00:03.073906,,3.073906512,VR2AR-69,549924,7.341,
DEPTH,2026-05-13 05:00:00,2026-05-13 05:00:03.073906,,3.073906512,VR2AR-69,549924,12
ATTITUDE,2026-05-13 05:00:00,2026-05-13 05:00:03.073906,,3.073906512,VR2AR-69,549924,3
TEMP,2026-05-13 06:00:00,2026-05-13 06:00:03.111887,,3.111887887,VR2AR-69,549924,7.382,
DEPTH,2026-05-13 06:00:00,2026-05-13 06:00:03.111887,,3.111887887,VR2AR-69,549924,12
ATTITUDE,2026-05-13 06:00:00,2026-05-13 06:00:03.111887,,3.111887887,VR2AR-69,549924,3
TEMP,2026-05-13 07:00:00,2026-05-13 07:00:03.149869,,3.149869262,VR2AR-69,549924,7.422,
DEPTH,2026-05-13 07:00:00,2026-05-13 07:00:03.149869,,3.149869262,VR2AR-69,549924,12
ATTITUDE,2026-05-13 07:00:00,2026-05-13 07:00:03.149869,,3.149869262,VR2AR-69,549924,3
TEMP,2026-05-13 08:00:00,2026-05-13 08:00:03.18785,,3.187850637,VR2AR-69,549924,7.382,
DEPTH,2026-05-13 08:00:00,2026-05-13 08:00:03.18785,,3.187850637,VR2AR-69,549924,13
ATTITUDE,2026-05-13 08:00:00,2026-05-13 08:00:03.18785,,3.187850637,VR2AR-69,549924,2
TEMP,2026-05-13 09:00:00,2026-05-13 09:00:03.225832,,3.225832011,VR2AR-69,549924,7.402,
DEPTH,2026-05-13 09:00:00,2026-05-13 09:00:03.225832,,3.225832011,VR2AR-69,549924,13
ATTITUDE,2026-05-13 09:00:00,2026-05-13 09:00:03.225832,,3.225832011,VR2AR-69,549924,3
TEMP,2026-05-13 10:00:00,2026-05-13 10:00:03.263813,,3.263813386,VR2AR-69,549924,7.281,
DEPTH,2026-05-13 10:00:00,2026-05-13 10:00:03.263813,,3.263813386,VR2AR-69,549924,14
ATTITUDE,2026-05-13 10:00:00,2026-05-13 10:00:03.263813,,3.263813386,VR2AR-69,549924,3
TEMP,2026-05-13 11:00:00,2026-05-13 11:00:03.301794,,3.301794761,VR2AR-69,549924,7.12,
DEPTH,2026-05-13 11:00:00,2026-05-13 11:00:03.301794,,3.301794761,VR2AR-69,549924,15
ATTITUDE,2026-05-13 11:00:00,2026-05-13 11:00:03.301794,,3.301794761,VR2AR-69,549924,3
TEMP,2026-05-13 12:00:00,2026-05-13 12:00:03.339776,,3.339776136,VR2AR-69,549924,7.141,
DEPTH,2026-05-13 12:00:00,2026-05-13 12:00:03.339776,,3.339776136,VR2AR-69,549924,15
ATTITUDE,2026-05-13 12:00:00,2026-05-13 12:00:03.339776,,3.339776136,VR2AR-69,549924,3
TEMP,2026-05-13 13:00:00,2026-05-13 13:00:03.377757,,3.377757510,VR2AR-69,549924,7.141,
DEPTH,2026-05-13 13:00:00,2026-05-13 13:00:03.377757,,3.377757510,VR2AR-69,549924,15
ATTITUDE,2026-05-13 13:00:00,2026-05-13 13:00:03.377757,,3.377757510,VR2AR-69,549924,3
TEMP,2026-05-13 14:00:00,2026-05-13 14:00:03.415738,,3.415738885,VR2AR-69,549924,7.181,
DEPTH,2026-05-13 14:00:00,2026-05-13 14:00:03.415738,,3.415738885,VR2AR-69,549924,15
ATTITUDE,2026-05-13 14:00:00,2026-05-13 14:00:03.415738,,3.415738885,VR2AR-69,549924,3
TEMP,2026-05-13 15:00:00,2026-05-13 15:00:03.45372,,3.453720260,VR2AR-69,549924,7.281,
DEPTH,2026-05-13 15:00:00,2026-05-13 15:00:03.45372,,3.453720260,VR2AR-69,549924,14
ATTITUDE,2026-05-13 15:00:00,2026-05-13 15:00:03.45372,,3.453720260,VR2AR-69,549924,3
TEMP,2026-05-13 16:00:00,2026-05-13 16:00:03.491701,,3.491701635,VR2AR-69,549924,7.341,
DEPTH,2026-05-13 16:00:00,2026-05-13 16:00:03.491701,,3.491701635,VR2AR-69,549924,13
ATTITUDE,2026-05-13 16:00:00,2026-05-13 16:00:03.491701,,3.491701635,VR2AR-69,549924,3
TEMP,2026-05-13 17:00:00,2026-05-13 17:00:03.529683,,3.529683010,VR2AR-69,549924,7.362,
DEPTH,2026-05-13 17:00:00,2026-05-13 17:00:03.529683,,3.529683010,VR2AR-69,549924,12
ATTITUDE,2026-05-13 17:00:00,2026-05-13 17:00:03.529683,,3.529683010,VR2AR-69,549924,3
TEMP,2026-05-13 18:00:00,2026-05-13 18:00:03.567664,,3.567664384,VR2AR-69,549924,7.362,
DEPTH,2026-05-13 18:00:00,2026-05-13 18:00:03.567664,,3.567664384,VR2AR-69,549924,12
ATTITUDE,2026-05-13 18:00:00,2026-05-13 18:00:03.567664,,3.567664384,VR2AR-69,549924,3
TEMP,2026-05-13 19:00:00,2026-05-13 19:00:03.605645,,3.605645759,VR2AR-69,549924,7.462,
DEPTH,2026-05-13 19:00:00,2026-05-13 19:00:03.605645,,3.605645759,VR2AR-69,549924,12
ATTITUDE,2026-05-13 19:00:00,2026-05-13 19:00:03.605645,,3.605645759,VR2AR-69,549924,3
TEMP,2026-05-13 20:00:00,2026-05-13 20:00:03.643627,,3.643627134,VR2AR-69,549924,7.422,
DEPTH,2026-05-13 20:00:00,2026-05-13 20:00:03.643627,,3.643627134,VR2AR-69,549924,13
ATTITUDE,2026-05-13 20:00:00,2026-05-13 20:00:03.643627,,3.643627134,VR2AR-69,549924,3
TEMP,2026-05-13 21:00:00,2026-05-13 21:00:03.681608,,3.681608509,VR2AR-69,549924,7.462,
DEPTH,2026-05-13 21:00:00,2026-05-13 21:00:03.681608,,3.681608509,VR2AR-69,549924,13
ATTITUDE,2026-05-13 21:00:00,2026-05-13 21:00:03.681608,,3.681608509,VR2AR-69,549924,3
TEMP,2026-05-13 22:00:00,2026-05-13 22:00:03.719589,,3.719589883,VR2AR-69,549924,7.502,
DEPTH,2026-05-13 22:00:00,2026-05-13 22:00:03.719589,,3.719589883,VR2AR-69,549924,14
ATTITUDE,2026-05-13 22:00:00,2026-05-13 22:00:03.719589,,3.719589883,VR2AR-69,549924,3
TEMP,2026-05-13 23:00:00,2026-05-13 23:00:03.757571,,3.757571258,VR2AR-69,549924,7.422,
DEPTH,2026-05-13 23:00:00,2026-05-13 23:00:03.757571,,3.757571258,VR2AR-69,549924,15
ATTITUDE,2026-05-13 23:00:00,2026-05-13 23:00:03.757571,,3.757571258,VR2AR-69,549924,3
TEMP,2026-05-14 00:00:00,2026-05-14 00:00:03.795552,,3.795552633,VR2AR-69,549924,7.261,
DEPTH,2026-05-14 00:00:00,2026-05-14 00:00:03.795552,,3.795552633,VR2AR-69,549924,15
ATTITUDE,2026-05-14 00:00:00,2026-05-14 00:00:03.795552,,3.795552633,VR2AR-69,549924,3
TEMP,2026-05-14 01:00:00,2026-05-14 01:00:03.833534,,3.833534008,VR2AR-69,549924,7.422,
DEPTH,2026-05-14 01:00:00,2026-05-14 01:00:03.833534,,3.833534008,VR2AR-69,549924,15
ATTITUDE,2026-05-14 01:00:00,2026-05-14 01:00:03.833534,,3.833534008,VR2AR-69,549924,3
TEMP,2026-05-14 02:00:00,2026-05-14 02:00:03.871515,,3.871515382,VR2AR-69,549924,7.402,
DEPTH,2026-05-14 02:00:00,2026-05-14 02:00:03.871515,,3.871515382,VR2AR-69,549924,15
ATTITUDE,2026-05-14 02:00:00,2026-05-14 02:00:03.871515,,3.871515382,VR2AR-69,549924,3
TEMP,2026-05-14 03:00:00,2026-05-14 03:00:03.909496,,3.909496757,VR2AR-69,549924,7.442,
DEPTH,2026-05-14 03:00:00,2026-05-14 03:00:03.909496,,3.909496757,VR2AR-69,549924,14
ATTITUDE,2026-05-14 03:00:00,2026-05-14 03:00:03.909496,,3.909496757,VR2AR-69,549924,3
TEMP,2026-05-14 04:00:00,2026-05-14 04:00:03.947478,,3.947478132,VR2AR-69,549924,7.462,
DEPTH,2026-05-14 04:00:00,2026-05-14 04:00:03.947478,,3.947478132,VR2AR-69,549924,13
ATTITUDE,2026-05-14 04:00:00,2026-05-14 04:00:03.947478,,3.947478132,VR2AR-69,549924,4
TEMP,2026-05-14 05:00:00,2026-05-14 05:00:03.985459,,3.985459507,VR2AR-69,549924,7.442,
DEPTH,2026-05-14 05:00:00,2026-05-14 05:00:03.985459,,3.985459507,VR2AR-69,549924,13
ATTITUDE,2026-05-14 05:00:00,2026-05-14 05:00:03.985459,,3.985459507,VR2AR-69,549924,2
TEMP,2026-05-14 06:00:00,2026-05-14 06:00:04.02344,,4.023440881,VR2AR-69,549924,7.482,
DEPTH,2026-05-14 06:00:00,2026-05-14 06:00:04.02344,,4.023440881,VR2AR-69,549924,12
ATTITUDE,2026-05-14 06:00:00,2026-05-14 06:00:04.02344,,4.023440881,VR2AR-69,549924,3
TEMP,2026-05-14 07:00:00,2026-05-14 07:00:04.061422,,4.061422256,VR2AR-69,549924,7.502,
DEPTH,2026-05-14 07:00:00,2026-05-14 07:00:04.061422,,4.061422256,VR2AR-69,549924,12
ATTITUDE,2026-05-14 07:00:00,2026-05-14 07:00:04.061422,,4.061422256,VR2AR-69,549924,4
TEMP,2026-05-14 08:00:00,2026-05-14 08:00:04.099403,,4.099403631,VR2AR-69,549924,7.563,
DEPTH,2026-05-14 08:00:00,2026-05-14 08:00:04.099403,,4.099403631,VR2AR-69,549924,12
ATTITUDE,2026-05-14 08:00:00,2026-05-14 08:00:04.099403,,4.099403631,VR2AR-69,549924,2
TEMP,2026-05-14 09:00:00,2026-05-14 09:00:04.137385,,4.137385006,VR2AR-69,549924,7.543,
DEPTH,2026-05-14 09:00:00,2026-05-14 09:00:04.137385,,4.137385006,VR2AR-69,549924,13
ATTITUDE,2026-05-14 09:00:00,2026-05-14 09:00:04.137385,,4.137385006,VR2AR-69,549924,5
TEMP,2026-05-14 10:00:00,2026-05-14 10:00:04.175366,,4.175366381,VR2AR-69,549924,7.543,
DEPTH,2026-05-14 10:00:00,2026-05-14 10:00:04.175366,,4.175366381,VR2AR-69,549924,13
ATTITUDE,2026-05-14 10:00:00,2026-05-14 10:00:04.175366,,4.175366381,VR2AR-69,549924,3
TEMP,2026-05-14 11:00:00,2026-05-14 11:00:04.213347,,4.213347755,VR2AR-69,549924,7.522,
DEPTH,2026-05-14 11:00:00,2026-05-14 11:00:04.213347,,4.213347755,VR2AR-69,549924,14
ATTITUDE,2026-05-14 11:00:00,2026-05-14 11:00:04.213347,,4.213347755,VR2AR-69,549924,4
TEMP,2026-05-14 12:00:00,2026-05-14 12:00:04.251329,,4.251329130,VR2AR-69,549924,7.522,
DEPTH,2026-05-14 12:00:00,2026-05-14 12:00:04.251329,,4.251329130,VR2AR-69,549924,15
ATTITUDE,2026-05-14 12:00:00,2026-05-14 12:00:04.251329,,4.251329130,VR2AR-69,549924,4
TEMP,2026-05-14 13:00:00,2026-05-14 13:00:04.28931,,4.289310505,VR2AR-69,549924,7.382,
DEPTH,2026-05-14 13:00:00,2026-05-14 13:00:04.28931,,4.289310505,VR2AR-69,549924,15
ATTITUDE,2026-05-14 13:00:00,2026-05-14 13:00:04.28931,,4.289310505,VR2AR-69,549924,3
TEMP,2026-05-14 14:00:00,2026-05-14 14:00:04.327291,,4.327291880,VR2AR-69,549924,7.422,
DEPTH,2026-05-14 14:00:00,2026-05-14 14:00:04.327291,,4.327291880,VR2AR-69,549924,15
ATTITUDE,2026-05-14 14:00:00,2026-05-14 14:00:04.327291,,4.327291880,VR2AR-69,549924,4
TEMP,2026-05-14 15:00:00,2026-05-14 15:00:04.365273,,4.365273254,VR2AR-69,549924,7.442,
DEPTH,2026-05-14 15:00:00,2026-05-14 15:00:04.365273,,4.365273254,VR2AR-69,549924,14
ATTITUDE,2026-05-14 15:00:00,2026-05-14 15:00:04.365273,,4.365273254,VR2AR-69,549924,3
TEMP,2026-05-14 16:00:00,2026-05-14 16:00:04.403254,,4.403254629,VR2AR-69,549924,7.543,
DEPTH,2026-05-14 16:00:00,2026-05-14 16:00:04.403254,,4.403254629,VR2AR-69,549924,14
ATTITUDE,2026-05-14 16:00:00,2026-05-14 16:00:04.403254,,4.403254629,VR2AR-69,549924,2
TEMP,2026-05-14 17:00:00,2026-05-14 17:00:04.441236,,4.441236004,VR2AR-69,549924,7.623,
DEPTH,2026-05-14 17:00:00,2026-05-14 17:00:04.441236,,4.441236004,VR2AR-69,549924,13
ATTITUDE,2026-05-14 17:00:00,2026-05-14 17:00:04.441236,,4.441236004,VR2AR-69,549924,3
TEMP,2026-05-14 18:00:00,2026-05-14 18:00:04.479217,,4.479217379,VR2AR-69,549924,7.724,
DEPTH,2026-05-14 18:00:00,2026-05-14 18:00:04.479217,,4.479217379,VR2AR-69,549924,12
ATTITUDE,2026-05-14 18:00:00,2026-05-14 18:00:04.479217,,4.479217379,VR2AR-69,549924,4
TEMP,2026-05-14 19:00:00,2026-05-14 19:00:04.517198,,4.517198754,VR2AR-69,549924,7.885,
DEPTH,2026-05-14 19:00:00,2026-05-14 19:00:04.517198,,4.517198754,VR2AR-69,549924,12
ATTITUDE,2026-05-14 19:00:00,2026-05-14 19:00:04.517198,,4.517198754,VR2AR-69,549924,4
TEMP,2026-05-14 20:00:00,2026-05-14 20:00:04.55518,,4.555180128,VR2AR-69,549924,7.965,
DEPTH,2026-05-14 20:00:00,2026-05-14 20:00:04.55518,,4.555180128,VR2AR-69,549924,12
ATTITUDE,2026-05-14 20:00:00,2026-05-14 20:00:04.55518,,4.555180128,VR2AR-69,549924,4
TEMP,2026-05-14 21:00:00,2026-05-14 21:00:04.593161,,4.593161503,VR2AR-69,549924,7.905,
DEPTH,2026-05-14 21:00:00,2026-05-14 21:00:04.593161,,4.593161503,VR2AR-69,549924,13
ATTITUDE,2026-05-14 21:00:00,2026-05-14 21:00:04.593161,,4.593161503,VR2AR-69,549924,3
TEMP,2026-05-14 22:00:00,2026-05-14 22:00:04.631142,,4.631142878,VR2AR-69,549924,7.865,
DEPTH,2026-05-14 22:00:00,2026-05-14 22:00:04.631142,,4.631142878,VR2AR-69,549924,13
ATTITUDE,2026-05-14 22:00:00,2026-05-14 22:00:04.631142,,4.631142878,VR2AR-69,549924,2
TEMP,2026-05-14 23:00:00,2026-05-14 23:00:04.669124,,4.669124253,VR2AR-69,549924,7.442,
DEPTH,2026-05-14 23:00:00,2026-05-14 23:00:04.669124,,4.669124253,VR2AR-69,549924,14
ATTITUDE,2026-05-14 23:00:00,2026-05-14 23:00:04.669124,,4.669124253,VR2AR-69,549924,3
TEMP,2026-05-15 00:00:00,2026-05-15 00:00:04.707105,,4.707105627,VR2AR-69,549924,7.141,
DEPTH,2026-05-15 00:00:00,2026-05-15 00:00:04.707105,,4.707105627,VR2AR-69,549924,15
ATTITUDE,2026-05-15 00:00:00,2026-05-15 00:00:04.707105,,4.707105627,VR2AR-69,549924,3
TEMP,2026-05-15 01:00:00,2026-05-15 01:00:04.745087,,4.745087002,VR2AR-69,549924,7.261,
DEPTH,2026-05-15 01:00:00,2026-05-15 01:00:04.745087,,4.745087002,VR2AR-69,549924,15
ATTITUDE,2026-05-15 01:00:00,2026-05-15 01:00:04.745087,,4.745087002,VR2AR-69,549924,3
TEMP,2026-05-15 02:00:00,2026-05-15 02:00:04.783068,,4.783068377,VR2AR-69,549924,7.382,
DEPTH,2026-05-15 02:00:00,2026-05-15 02:00:04.783068,,4.783068377,VR2AR-69,549924,15
ATTITUDE,2026-05-15 02:00:00,2026-05-15 02:00:04.783068,,4.783068377,VR2AR-69,549924,3
TEMP,2026-05-15 03:00:00,2026-05-15 03:00:04.821049,,4.821049752,VR2AR-69,549924,7.422,
DEPTH,2026-05-15 03:00:00,2026-05-15 03:00:04.821049,,4.821049752,VR2AR-69,549924,15
ATTITUDE,2026-05-15 03:00:00,2026-05-15 03:00:04.821049,,4.821049752,VR2AR-69,549924,2
TEMP,2026-05-15 04:00:00,2026-05-15 04:00:04.859031,,4.859031126,VR2AR-69,549924,7.643,
DEPTH,2026-05-15 04:00:00,2026-05-15 04:00:04.859031,,4.859031126,VR2AR-69,549924,14
ATTITUDE,2026-05-15 04:00:00,2026-05-15 04:00:04.859031,,4.859031126,VR2AR-69,549924,4
TEMP,2026-05-15 05:00:00,2026-05-15 05:00:04.897012,,4.897012501,VR2AR-69,549924,7.744,
DEPTH,2026-05-15 05:00:00,2026-05-15 05:00:04.897012,,4.897012501,VR2AR-69,549924,13
ATTITUDE,2026-05-15 05:00:00,2026-05-15 05:00:04.897012,,4.897012501,VR2AR-69,549924,4
TEMP,2026-05-15 06:00:00,2026-05-15 06:00:04.934993,,4.934993876,VR2AR-69,549924,7.784,
DEPTH,2026-05-15 06:00:00,2026-05-15 06:00:04.934993,,4.934993876,VR2AR-69,549924,13
ATTITUDE,2026-05-15 06:00:00,2026-05-15 06:00:04.934993,,4.934993876,VR2AR-69,549924,2
TEMP,2026-05-15 07:00:00,2026-05-15 07:00:04.972975,,4.972975251,VR2AR-69,549924,7.844,
DEPTH,2026-05-15 07:00:00,2026-05-15 07:00:04.972975,,4.972975251,VR2AR-69,549924,12
ATTITUDE,2026-05-15 07:00:00,2026-05-15 07:00:04.972975,,4.972975251,VR2AR-69,549924,3
TEMP,2026-05-15 08:00:00,2026-05-15 08:00:05.010956,,5.010956625,VR2AR-69,549924,7.965,
DEPTH,2026-05-15 08:00:00,2026-05-15 08:00:05.010956,,5.010956625,VR2AR-69,549924,12
ATTITUDE,2026-05-15 08:00:00,2026-05-15 08:00:05.010956,,5.010956625,VR2AR-69,549924,2
TEMP,2026-05-15 09:00:00,2026-05-15 09:00:05.048938,,5.048938000,VR2AR-69,549924,7.965,
DEPTH,2026-05-15 09:00:00,2026-05-15 09:00:05.048938,,5.048938000,VR2AR-69,549924,12
ATTITUDE,2026-05-15 09:00:00,2026-05-15 09:00:05.048938,,5.048938000,VR2AR-69,549924,3
TEMP,2026-05-15 10:00:00,2026-05-15 10:00:05.086919,,5.086919375,VR2AR-69,549924,7.865,
DEPTH,2026-05-15 10:00:00,2026-05-15 10:00:05.086919,,5.086919375,VR2AR-69,549924,13
ATTITUDE,2026-05-15 10:00:00,2026-05-15 10:00:05.086919,,5.086919375,VR2AR-69,549924,2
TEMP,2026-05-15 11:00:00,2026-05-15 11:00:05.1249,,5.124900750,VR2AR-69,549924,7.724,
DEPTH,2026-05-15 11:00:00,2026-05-15 11:00:05.1249,,5.124900750,VR2AR-69,549924,14
ATTITUDE,2026-05-15 11:00:00,2026-05-15 11:00:05.1249,,5.124900750,VR2AR-69,549924,2
TEMP,2026-05-15 12:00:00,2026-05-15 12:00:05.162882,,5.162882125,VR2AR-69,549924,7.281,
DEPTH,2026-05-15 12:00:00,2026-05-15 12:00:05.162882,,5.162882125,VR2AR-69,549924,14
ATTITUDE,2026-05-15 12:00:00,2026-05-15 12:00:05.162882,,5.162882125,VR2AR-69,549924,3
TEMP,2026-05-15 13:00:00,2026-05-15 13:00:05.200863,,5.200863499,VR2AR-69,549924,7.02,
DEPTH,2026-05-15 13:00:00,2026-05-15 13:00:05.200863,,5.200863499,VR2AR-69,549924,15
ATTITUDE,2026-05-15 13:00:00,2026-05-15 13:00:05.200863,,5.200863499,VR2AR-69,549924,3
TEMP,2026-05-15 14:00:00,2026-05-15 14:00:05.238844,,5.238844874,VR2AR-69,549924,7.261,
DEPTH,2026-05-15 14:00:00,2026-05-15 14:00:05.238844,,5.238844874,VR2AR-69,549924,15
ATTITUDE,2026-05-15 14:00:00,2026-05-15 14:00:05.238844,,5.238844874,VR2AR-69,549924,3
TEMP,2026-05-15 15:00:00,2026-05-15 15:00:05.276826,,5.276826249,VR2AR-69,549924,7.382,
DEPTH,2026-05-15 15:00:00,2026-05-15 15:00:05.276826,,5.276826249,VR2AR-69,549924,15
ATTITUDE,2026-05-15 15:00:00,2026-05-15 15:00:05.276826,,5.276826249,VR2AR-69,549924,3
TEMP,2026-05-15 16:00:00,2026-05-15 16:00:05.314807,,5.314807624,VR2AR-69,549924,7.462,
DEPTH,2026-05-15 16:00:00,2026-05-15 16:00:05.314807,,5.314807624,VR2AR-69,549924,14
ATTITUDE,2026-05-15 16:00:00,2026-05-15 16:00:05.314807,,5.314807624,VR2AR-69,549924,3
TEMP,2026-05-15 17:00:00,2026-05-15 17:00:05.352788,,5.352788998,VR2AR-69,549924,7.663,
DEPTH,2026-05-15 17:00:00,2026-05-15 17:00:05.352788,,5.352788998,VR2AR-69,549924,14
ATTITUDE,2026-05-15 17:00:00,2026-05-15 17:00:05.352788,,5.352788998,VR2AR-69,549924,3
TEMP,2026-05-15 18:00:00,2026-05-15 18:00:05.39077,,5.390770373,VR2AR-69,549924,7.744,
DEPTH,2026-05-15 18:00:00,2026-05-15 18:00:05.39077,,5.390770373,VR2AR-69,549924,13
ATTITUDE,2026-05-15 18:00:00,2026-05-15 18:00:05.39077,,5.390770373,VR2AR-69,549924,3
TEMP,2026-05-15 19:00:00,2026-05-15 19:00:05.428751,,5.428751748,VR2AR-69,549924,7.804,
DEPTH,2026-05-15 19:00:00,2026-05-15 19:00:05.428751,,5.428751748,VR2AR-69,549924,12
ATTITUDE,2026-05-15 19:00:00,2026-05-15 19:00:05.428751,,5.428751748,VR2AR-69,549924,3
TEMP,2026-05-15 20:00:00,2026-05-15 20:00:05.466733,,5.466733123,VR2AR-69,549924,7.945,
DEPTH,2026-05-15 20:00:00,2026-05-15 20:00:05.466733,,5.466733123,VR2AR-69,549924,12
ATTITUDE,2026-05-15 20:00:00,2026-05-15 20:00:05.466733,,5.466733123,VR2AR-69,549924,3
TEMP,2026-05-15 21:00:00,2026-05-15 21:00:05.504714,,5.504714498,VR2AR-69,549924,7.945,
DEPTH,2026-05-15 21:00:00,2026-05-15 21:00:05.504714,,5.504714498,VR2AR-69,549924,12
ATTITUDE,2026-05-15 21:00:00,2026-05-15 21:00:05.504714,,5.504714498,VR2AR-69,549924,3
TEMP,2026-05-15 22:00:00,2026-05-15 22:00:05.542695,,5.542695872,VR2AR-69,549924,7.925,
DEPTH,2026-05-15 22:00:00,2026-05-15 22:00:05.542695,,5.542695872,VR2AR-69,549924,13
ATTITUDE,2026-05-15 22:00:00,2026-05-15 22:00:05.542695,,5.542695872,VR2AR-69,549924,3
TEMP,2026-05-15 23:00:00,2026-05-15 23:00:05.580677,,5.580677247,VR2AR-69,549924,7.704,
DEPTH,2026-05-15 23:00:00,2026-05-15 23:00:05.580677,,5.580677247,VR2AR-69,549924,14
ATTITUDE,2026-05-15 23:00:00,2026-05-15 23:00:05.580677,,5.580677247,VR2AR-69,549924,2
TEMP,2026-05-16 00:00:00,2026-05-16 00:00:05.618658,,5.618658622,VR2AR-69,549924,7.603,
DEPTH,2026-05-16 00:00:00,2026-05-16 00:00:05.618658,,5.618658622,VR2AR-69,549924,14
ATTITUDE,2026-05-16 00:00:00,2026-05-16 00:00:05.618658,,5.618658622,VR2AR-69,549924,3
TEMP,2026-05-16 01:00:00,2026-05-16 01:00:05.656639,,5.656639997,VR2AR-69,549924,7.221,
DEPTH,2026-05-16 01:00:00,2026-05-16 01:00:05.656639,,5.656639997,VR2AR-69,549924,15
ATTITUDE,2026-05-16 01:00:00,2026-05-16 01:00:05.656639,,5.656639997,VR2AR-69,549924,4
TEMP,2026-05-16 02:00:00,2026-05-16 02:00:05.694621,,5.694621371,VR2AR-69,549924,7.04,
DEPTH,2026-05-16 02:00:00,2026-05-16 02:00:05.694621,,5.694621371,VR2AR-69,549924,15
ATTITUDE,2026-05-16 02:00:00,2026-05-16 02:00:05.694621,,5.694621371,VR2AR-69,549924,3
TEMP,2026-05-16 03:00:00,2026-05-16 03:00:05.732602,,5.732602746,VR2AR-69,549924,7,
DEPTH,2026-05-16 03:00:00,2026-05-16 03:00:05.732602,,5.732602746,VR2AR-69,549924,15
ATTITUDE,2026-05-16 03:00:00,2026-05-16 03:00:05.732602,,5.732602746,VR2AR-69,549924,4
TEMP,2026-05-16 04:00:00,2026-05-16 04:00:05.770584,,5.770584121,VR2AR-69,549924,7.161,
DEPTH,2026-05-16 04:00:00,2026-05-16 04:00:05.770584,,5.770584121,VR2AR-69,549924,15
ATTITUDE,2026-05-16 04:00:00,2026-05-16 04:00:05.770584,,5.770584121,VR2AR-69,549924,3
TEMP,2026-05-16 05:00:00,2026-05-16 05:00:05.808565,,5.808565496,VR2AR-69,549924,7.482,
DEPTH,2026-05-16 05:00:00,2026-05-16 05:00:05.808565,,5.808565496,VR2AR-69,549924,14
ATTITUDE,2026-05-16 05:00:00,2026-05-16 05:00:05.808565,,5.808565496,VR2AR-69,549924,3
TEMP,2026-05-16 06:00:00,2026-05-16 06:00:05.846546,,5.846546870,VR2AR-69,549924,7.583,
DEPTH,2026-05-16 06:00:00,2026-05-16 06:00:05.846546,,5.846546870,VR2AR-69,549924,13
ATTITUDE,2026-05-16 06:00:00,2026-05-16 06:00:05.846546,,5.846546870,VR2AR-69,549924,2
TEMP,2026-05-16 07:00:00,2026-05-16 07:00:05.884528,,5.884528245,VR2AR-69,549924,7.583,
DEPTH,2026-05-16 07:00:00,2026-05-16 07:00:05.884528,,5.884528245,VR2AR-69,549924,12
ATTITUDE,2026-05-16 07:00:00,2026-05-16 07:00:05.884528,,5.884528245,VR2AR-69,549924,3
TEMP,2026-05-16 08:00:00,2026-05-16 08:00:05.922509,,5.922509620,VR2AR-69,549924,7.663,
DEPTH,2026-05-16 08:00:00,2026-05-16 08:00:05.922509,,5.922509620,VR2AR-69,549924,12
ATTITUDE,2026-05-16 08:00:00,2026-05-16 08:00:05.922509,,5.922509620,VR2AR-69,549924,5
TEMP,2026-05-16 09:00:00,2026-05-16 09:00:05.96049,,5.960490995,VR2AR-69,549924,7.663,
DEPTH,2026-05-16 09:00:00,2026-05-16 09:00:05.96049,,5.960490995,VR2AR-69,549924,12
ATTITUDE,2026-05-16 09:00:00,2026-05-16 09:00:05.96049,,5.960490995,VR2AR-69,549924,3
TEMP,2026-05-16 10:00:00,2026-05-16 10:00:05.998472,,5.998472369,VR2AR-69,549924,7.643,
DEPTH,2026-05-16 10:00:00,2026-05-16 10:00:05.998472,,5.998472369,VR2AR-69,549924,12
ATTITUDE,2026-05-16 10:00:00,2026-05-16 10:00:05.998472,,5.998472369,VR2AR-69,549924,3
TEMP,2026-05-16 11:00:00,2026-05-16 11:00:06.036453,,6.036453744,VR2AR-69,549924,7.583,
DEPTH,2026-05-16 11:00:00,2026-05-16 11:00:06.036453,,6.036453744,VR2AR-69,549924,13
ATTITUDE,2026-05-16 11:00:00,2026-05-16 11:00:06.036453,,6.036453744,VR2AR-69,549924,5
TEMP,2026-05-16 12:00:00,2026-05-16 12:00:06.074435,,6.074435119,VR2AR-69,549924,7.543,
DEPTH,2026-05-16 12:00:00,2026-05-16 12:00:06.074435,,6.074435119,VR2AR-69,549924,13
ATTITUDE,2026-05-16 12:00:00,2026-05-16 12:00:06.074435,,6.074435119,VR2AR-69,549924,2
TEMP,2026-05-16 13:00:00,2026-05-16 13:00:06.112416,,6.112416494,VR2AR-69,549924,7.362,
DEPTH,2026-05-16 13:00:00,2026-05-16 13:00:06.112416,,6.112416494,VR2AR-69,549924,14
ATTITUDE,2026-05-16 13:00:00,2026-05-16 13:00:06.112416,,6.112416494,VR2AR-69,549924,3
TEMP,2026-05-16 14:00:00,2026-05-16 14:00:06.150397,,6.150397869,VR2AR-69,549924,7.12,
DEPTH,2026-05-16 14:00:00,2026-05-16 14:00:06.150397,,6.150397869,VR2AR-69,549924,15
ATTITUDE,2026-05-16 14:00:00,2026-05-16 14:00:06.150397,,6.150397869,VR2AR-69,549924,3
TEMP,2026-05-16 15:00:00,2026-05-16 15:00:06.188379,,6.188379243,VR2AR-69,549924,7.08,
DEPTH,2026-05-16 15:00:00,2026-05-16 15:00:06.188379,,6.188379243,VR2AR-69,549924,15
ATTITUDE,2026-05-16 15:00:00,2026-05-16 15:00:06.188379,,6.188379243,VR2AR-69,549924,3
TEMP,2026-05-16 16:00:00,2026-05-16 16:00:06.22636,,6.226360618,VR2AR-69,549924,7.08,
DEPTH,2026-05-16 16:00:00,2026-05-16 16:00:06.22636,,6.226360618,VR2AR-69,549924,15
ATTITUDE,2026-05-16 16:00:00,2026-05-16 16:00:06.22636,,6.226360618,VR2AR-69,549924,3
TEMP,2026-05-16 17:00:00,2026-05-16 17:00:06.264341,,6.264341993,VR2AR-69,549924,7.241,
DEPTH,2026-05-16 17:00:00,2026-05-16 17:00:06.264341,,6.264341993,VR2AR-69,549924,14
ATTITUDE,2026-05-16 17:00:00,2026-05-16 17:00:06.264341,,6.264341993,VR2AR-69,549924,4
TEMP,2026-05-16 18:00:00,2026-05-16 18:00:06.302323,,6.302323368,VR2AR-69,549924,7.522,
DEPTH,2026-05-16 18:00:00,2026-05-16 18:00:06.302323,,6.302323368,VR2AR-69,549924,13
ATTITUDE,2026-05-16 18:00:00,2026-05-16 18:00:06.302323,,6.302323368,VR2AR-69,549924,3
TEMP,2026-05-16 19:00:00,2026-05-16 19:00:06.340304,,6.340304742,VR2AR-69,549924,7.764,
DEPTH,2026-05-16 19:00:00,2026-05-16 19:00:06.340304,,6.340304742,VR2AR-69,549924,13
ATTITUDE,2026-05-16 19:00:00,2026-05-16 19:00:06.340304,,6.340304742,VR2AR-69,549924,3
TEMP,2026-05-16 20:00:00,2026-05-16 20:00:06.378286,,6.378286117,VR2AR-69,549924,7.905,
DEPTH,2026-05-16 20:00:00,2026-05-16 20:00:06.378286,,6.378286117,VR2AR-69,549924,12
ATTITUDE,2026-05-16 20:00:00,2026-05-16 20:00:06.378286,,6.378286117,VR2AR-69,549924,3
TEMP,2026-05-16 21:00:00,2026-05-16 21:00:06.416267,,6.416267492,VR2AR-69,549924,8.066,
DEPTH,2026-05-16 21:00:00,2026-05-16 21:00:06.416267,,6.416267492,VR2AR-69,549924,12
ATTITUDE,2026-05-16 21:00:00,2026-05-16 21:00:06.416267,,6.416267492,VR2AR-69,549924,3
TEMP,2026-05-16 22:00:00,2026-05-16 22:00:06.454248,,6.454248867,VR2AR-69,549924,8.106,
DEPTH,2026-05-16 22:00:00,2026-05-16 22:00:06.454248,,6.454248867,VR2AR-69,549924,12
ATTITUDE,2026-05-16 22:00:00,2026-05-16 22:00:06.454248,,6.454248867,VR2AR-69,549924,3
TEMP,2026-05-16 23:00:00,2026-05-16 23:00:06.49223,,6.492230242,VR2AR-69,549924,8.106,
DEPTH,2026-05-16 23:00:00,2026-05-16 23:00:06.49223,,6.492230242,VR2AR-69,549924,13
ATTITUDE,2026-05-16 23:00:00,2026-05-16 23:00:06.49223,,6.492230242,VR2AR-69,549924,2
TEMP,2026-05-17 00:00:00,2026-05-17 00:00:06.530211,,6.530211616,VR2AR-69,549924,7.905,
DEPTH,2026-05-17 00:00:00,2026-05-17 00:00:06.530211,,6.530211616,VR2AR-69,549924,14
ATTITUDE,2026-05-17 00:00:00,2026-05-17 00:00:06.530211,,6.530211616,VR2AR-69,549924,3
TEMP,2026-05-17 01:00:00,2026-05-17 01:00:06.568192,,6.568192991,VR2AR-69,549924,7.724,
DEPTH,2026-05-17 01:00:00,2026-05-17 01:00:06.568192,,6.568192991,VR2AR-69,549924,15
ATTITUDE,2026-05-17 01:00:00,2026-05-17 01:00:06.568192,,6.568192991,VR2AR-69,549924,3
TEMP,2026-05-17 02:00:00,2026-05-17 02:00:06.606174,,6.606174366,VR2AR-69,549924,7.422,
DEPTH,2026-05-17 02:00:00,2026-05-17 02:00:06.606174,,6.606174366,VR2AR-69,549924,15
ATTITUDE,2026-05-17 02:00:00,2026-05-17 02:00:06.606174,,6.606174366,VR2AR-69,549924,5
TEMP,2026-05-17 03:00:00,2026-05-17 03:00:06.644155,,6.644155741,VR2AR-69,549924,7.201,
DEPTH,2026-05-17 03:00:00,2026-05-17 03:00:06.644155,,6.644155741,VR2AR-69,549924,16
ATTITUDE,2026-05-17 03:00:00,2026-05-17 03:00:06.644155,,6.644155741,VR2AR-69,549924,4
TEMP,2026-05-17 04:00:00,2026-05-17 04:00:06.682137,,6.682137115,VR2AR-69,549924,7.261,
DEPTH,2026-05-17 04:00:00,2026-05-17 04:00:06.682137,,6.682137115,VR2AR-69,549924,15
ATTITUDE,2026-05-17 04:00:00,2026-05-17 04:00:06.682137,,6.682137115,VR2AR-69,549924,3
TEMP,2026-05-17 05:00:00,2026-05-17 05:00:06.720118,,6.720118490,VR2AR-69,549924,7.341,
DEPTH,2026-05-17 05:00:00,2026-05-17 05:00:06.720118,,6.720118490,VR2AR-69,549924,15
ATTITUDE,2026-05-17 05:00:00,2026-05-17 05:00:06.720118,,6.720118490,VR2AR-69,549924,2
TEMP,2026-05-17 06:00:00,2026-05-17 06:00:06.758099,,6.758099865,VR2AR-69,549924,7.683,
DEPTH,2026-05-17 06:00:00,2026-05-17 06:00:06.758099,,6.758099865,VR2AR-69,549924,14
ATTITUDE,2026-05-17 06:00:00,2026-05-17 06:00:06.758099,,6.758099865,VR2AR-69,549924,4
TEMP,2026-05-17 07:00:00,2026-05-17 07:00:06.796081,,6.796081240,VR2AR-69,549924,7.784,
DEPTH,2026-05-17 07:00:00,2026-05-17 07:00:06.796081,,6.796081240,VR2AR-69,549924,13
ATTITUDE,2026-05-17 07:00:00,2026-05-17 07:00:06.796081,,6.796081240,VR2AR-69,549924,2
TEMP,2026-05-17 08:00:00,2026-05-17 08:00:06.834062,,6.834062614,VR2AR-69,549924,7.905,
DEPTH,2026-05-17 08:00:00,2026-05-17 08:00:06.834062,,6.834062614,VR2AR-69,549924,12
ATTITUDE,2026-05-17 08:00:00,2026-05-17 08:00:06.834062,,6.834062614,VR2AR-69,549924,2
TEMP,2026-05-17 09:00:00,2026-05-17 09:00:06.872043,,6.872043989,VR2AR-69,549924,8.026,
DEPTH,2026-05-17 09:00:00,2026-05-17 09:00:06.872043,,6.872043989,VR2AR-69,549924,12
ATTITUDE,2026-05-17 09:00:00,2026-05-17 09:00:06.872043,,6.872043989,VR2AR-69,549924,4
TEMP,2026-05-17 10:00:00,2026-05-17 10:00:06.910025,,6.910025364,VR2AR-69,549924,8.046,
DEPTH,2026-05-17 10:00:00,2026-05-17 10:00:06.910025,,6.910025364,VR2AR-69,549924,11
ATTITUDE,2026-05-17 10:00:00,2026-05-17 10:00:06.910025,,6.910025364,VR2AR-69,549924,2
TEMP,2026-05-17 11:00:00,2026-05-17 11:00:06.948006,,6.948006739,VR2AR-69,549924,8.006,
DEPTH,2026-05-17 11:00:00,2026-05-17 11:00:06.948006,,6.948006739,VR2AR-69,549924,12
ATTITUDE,2026-05-17 11:00:00,2026-05-17 11:00:06.948006,,6.948006739,VR2AR-69,549924,2
TEMP,2026-05-17 12:00:00,2026-05-17 12:00:06.985988,,6.985988114,VR2AR-69,549924,7.965,
DEPTH,2026-05-17 12:00:00,2026-05-17 12:00:06.985988,,6.985988114,VR2AR-69,549924,13
ATTITUDE,2026-05-17 12:00:00,2026-05-17 12:00:06.985988,,6.985988114,VR2AR-69,549924,3
TEMP,2026-05-17 13:00:00,2026-05-17 13:00:07.023969,,7.023969488,VR2AR-69,549924,7.522,
DEPTH,2026-05-17 13:00:00,2026-05-17 13:00:07.023969,,7.023969488,VR2AR-69,549924,14
ATTITUDE,2026-05-17 13:00:00,2026-05-17 13:00:07.023969,,7.023969488,VR2AR-69,549924,2
TEMP,2026-05-17 14:00:00,2026-05-17 14:00:07.06195,,7.061950863,VR2AR-69,549924,7.362,
DEPTH,2026-05-17 14:00:00,2026-05-17 14:00:07.06195,,7.061950863,VR2AR-69,549924,14
ATTITUDE,2026-05-17 14:00:00,2026-05-17 14:00:07.06195,,7.061950863,VR2AR-69,549924,4
TEMP,2026-05-17 15:00:00,2026-05-17 15:00:07.099932,,7.099932238,VR2AR-69,549924,7.141,
DEPTH,2026-05-17 15:00:00,2026-05-17 15:00:07.099932,,7.099932238,VR2AR-69,549924,15
ATTITUDE,2026-05-17 15:00:00,2026-05-17 15:00:07.099932,,7.099932238,VR2AR-69,549924,3
TEMP,2026-05-17 16:00:00,2026-05-17 16:00:07.137913,,7.137913613,VR2AR-69,549924,7.141,
DEPTH,2026-05-17 16:00:00,2026-05-17 16:00:07.137913,,7.137913613,VR2AR-69,549924,15
ATTITUDE,2026-05-17 16:00:00,2026-05-17 16:00:07.137913,,7.137913613,VR2AR-69,549924,2
TEMP,2026-05-17 17:00:00,2026-05-17 17:00:07.175894,,7.175894987,VR2AR-69,549924,7.141,
DEPTH,2026-05-17 17:00:00,2026-05-17 17:00:07.175894,,7.175894987,VR2AR-69,549924,15
ATTITUDE,2026-05-17 17:00:00,2026-05-17 17:00:07.175894,,7.175894987,VR2AR-69,549924,3
TEMP,2026-05-17 18:00:00,2026-05-17 18:00:07.213876,,7.213876362,VR2AR-69,549924,7.422,
DEPTH,2026-05-17 18:00:00,2026-05-17 18:00:07.213876,,7.213876362,VR2AR-69,549924,14
ATTITUDE,2026-05-17 18:00:00,2026-05-17 18:00:07.213876,,7.213876362,VR2AR-69,549924,3
TEMP,2026-05-17 19:00:00,2026-05-17 19:00:07.251857,,7.251857737,VR2AR-69,549924,7.885,
DEPTH,2026-05-17 19:00:00,2026-05-17 19:00:07.251857,,7.251857737,VR2AR-69,549924,13
ATTITUDE,2026-05-17 19:00:00,2026-05-17 19:00:07.251857,,7.251857737,VR2AR-69,549924,3
TEMP,2026-05-17 20:00:00,2026-05-17 20:00:07.289839,,7.289839112,VR2AR-69,549924,7.905,
DEPTH,2026-05-17 20:00:00,2026-05-17 20:00:07.289839,,7.289839112,VR2AR-69,549924,12
ATTITUDE,2026-05-17 20:00:00,2026-05-17 20:00:07.289839,,7.289839112,VR2AR-69,549924,3
TEMP,2026-05-17 21:00:00,2026-05-17 21:00:07.32782,,7.327820486,VR2AR-69,549924,8.046,
DEPTH,2026-05-17 21:00:00,2026-05-17 21:00:07.32782,,7.327820486,VR2AR-69,549924,12
ATTITUDE,2026-05-17 21:00:00,2026-05-17 21:00:07.32782,,7.327820486,VR2AR-69,549924,4
TEMP,2026-05-17 22:00:00,2026-05-17 22:00:07.365801,,7.365801861,VR2AR-69,549924,8.248,
DEPTH,2026-05-17 22:00:00,2026-05-17 22:00:07.365801,,7.365801861,VR2AR-69,549924,12
ATTITUDE,2026-05-17 22:00:00,2026-05-17 22:00:07.365801,,7.365801861,VR2AR-69,549924,4
TEMP,2026-05-17 23:00:00,2026-05-17 23:00:07.403783,,7.403783236,VR2AR-69,549924,8.187,
DEPTH,2026-05-17 23:00:00,2026-05-17 23:00:07.403783,,7.403783236,VR2AR-69,549924,12
ATTITUDE,2026-05-17 23:00:00,2026-05-17 23:00:07.403783,,7.403783236,VR2AR-69,549924,3
TEMP,2026-05-18 00:00:00,2026-05-18 00:00:07.441764,,7.441764611,VR2AR-69,549924,8.106,
DEPTH,2026-05-18 00:00:00,2026-05-18 00:00:07.441764,,7.441764611,VR2AR-69,549924,13
ATTITUDE,2026-05-18 00:00:00,2026-05-18 00:00:07.441764,,7.441764611,VR2AR-69,549924,4
TEMP,2026-05-18 01:00:00,2026-05-18 01:00:07.479745,,7.479745985,VR2AR-69,549924,7.543,
DEPTH,2026-05-18 01:00:00,2026-05-18 01:00:07.479745,,7.479745985,VR2AR-69,549924,14
ATTITUDE,2026-05-18 01:00:00,2026-05-18 01:00:07.479745,,7.479745985,VR2AR-69,549924,2
TEMP,2026-05-18 02:00:00,2026-05-18 02:00:07.517727,,7.517727360,VR2AR-69,549924,7.442,
DEPTH,2026-05-18 02:00:00,2026-05-18 02:00:07.517727,,7.517727360,VR2AR-69,549924,15
ATTITUDE,2026-05-18 02:00:00,2026-05-18 02:00:07.517727,,7.517727360,VR2AR-69,549924,2
TEMP,2026-05-18 03:00:00,2026-05-18 03:00:07.555708,,7.555708735,VR2AR-69,549924,7.281,
DEPTH,2026-05-18 03:00:00,2026-05-18 03:00:07.555708,,7.555708735,VR2AR-69,549924,16
ATTITUDE,2026-05-18 03:00:00,2026-05-18 03:00:07.555708,,7.555708735,VR2AR-69,549924,3
TEMP,2026-05-18 04:00:00,2026-05-18 04:00:07.59369,,7.593690110,VR2AR-69,549924,7.161,
DEPTH,2026-05-18 04:00:00,2026-05-18 04:00:07.59369,,7.593690110,VR2AR-69,549924,16
ATTITUDE,2026-05-18 04:00:00,2026-05-18 04:00:07.59369,,7.593690110,VR2AR-69,549924,4
TEMP,2026-05-18 05:00:00,2026-05-18 05:00:07.631671,,7.631671485,VR2AR-69,549924,7.161,
DEPTH,2026-05-18 05:00:00,2026-05-18 05:00:07.631671,,7.631671485,VR2AR-69,549924,15
ATTITUDE,2026-05-18 05:00:00,2026-05-18 05:00:07.631671,,7.631671485,VR2AR-69,549924,3
TEMP,2026-05-18 06:00:00,2026-05-18 06:00:07.669652,,7.669652859,VR2AR-69,549924,7.362,
DEPTH,2026-05-18 06:00:00,2026-05-18 06:00:07.669652,,7.669652859,VR2AR-69,549924,15
ATTITUDE,2026-05-18 06:00:00,2026-05-18 06:00:07.669652,,7.669652859,VR2AR-69,549924,4
TEMP,2026-05-18 07:00:00,2026-05-18 07:00:07.707634,,7.707634234,VR2AR-69,549924,7.663,
DEPTH,2026-05-18 07:00:00,2026-05-18 07:00:07.707634,,7.707634234,VR2AR-69,549924,14
ATTITUDE,2026-05-18 07:00:00,2026-05-18 07:00:07.707634,,7.707634234,VR2AR-69,549924,3
TEMP,2026-05-18 08:00:00,2026-05-18 08:00:07.745615,,7.745615609,VR2AR-69,549924,7.724,
DEPTH,2026-05-18 08:00:00,2026-05-18 08:00:07.745615,,7.745615609,VR2AR-69,549924,13
ATTITUDE,2026-05-18 08:00:00,2026-05-18 08:00:07.745615,,7.745615609,VR2AR-69,549924,3
TEMP,2026-05-18 09:00:00,2026-05-18 09:00:07.783596,,7.783596984,VR2AR-69,549924,7.764,
DEPTH,2026-05-18 09:00:00,2026-05-18 09:00:07.783596,,7.783596984,VR2AR-69,549924,12
ATTITUDE,2026-05-18 09:00:00,2026-05-18 09:00:07.783596,,7.783596984,VR2AR-69,549924,3
TEMP,2026-05-18 10:00:00,2026-05-18 10:00:07.821578,,7.821578358,VR2AR-69,549924,7.804,
DEPTH,2026-05-18 10:00:00,2026-05-18 10:00:07.821578,,7.821578358,VR2AR-69,549924,12
ATTITUDE,2026-05-18 10:00:00,2026-05-18 10:00:07.821578,,7.821578358,VR2AR-69,549924,3
TEMP,2026-05-18 11:00:00,2026-05-18 11:00:07.859559,,7.859559733,VR2AR-69,549924,7.804,
DEPTH,2026-05-18 11:00:00,2026-05-18 11:00:07.859559,,7.859559733,VR2AR-69,549924,12
ATTITUDE,2026-05-18 11:00:00,2026-05-18 11:00:07.859559,,7.859559733,VR2AR-69,549924,3
TEMP,2026-05-18 12:00:00,2026-05-18 12:00:07.897541,,7.897541108,VR2AR-69,549924,7.804,
DEPTH,2026-05-18 12:00:00,2026-05-18 12:00:07.897541,,7.897541108,VR2AR-69,549924,12
ATTITUDE,2026-05-18 12:00:00,2026-05-18 12:00:07.897541,,7.897541108,VR2AR-69,549924,3
TEMP,2026-05-18 13:00:00,2026-05-18 13:00:07.935522,,7.935522483,VR2AR-69,549924,7.764,
DEPTH,2026-05-18 13:00:00,2026-05-18 13:00:07.935522,,7.935522483,VR2AR-69,549924,13
ATTITUDE,2026-05-18 13:00:00,2026-05-18 13:00:07.935522,,7.935522483,VR2AR-69,549924,2
TEMP,2026-05-18 14:00:00,2026-05-18 14:00:07.973503,,7.973503857,VR2AR-69,549924,7.623,
DEPTH,2026-05-18 14:00:00,2026-05-18 14:00:07.973503,,7.973503857,VR2AR-69,549924,14
ATTITUDE,2026-05-18 14:00:00,2026-05-18 14:00:07.973503,,7.973503857,VR2AR-69,549924,3
TEMP,2026-05-18 15:00:00,2026-05-18 15:00:08.011485,,8.011485232,VR2AR-69,549924,7.462,
DEPTH,2026-05-18 15:00:00,2026-05-18 15:00:08.011485,,8.011485232,VR2AR-69,549924,15
ATTITUDE,2026-05-18 15:00:00,2026-05-18 15:00:08.011485,,8.011485232,VR2AR-69,549924,4
TEMP,2026-05-18 16:00:00,2026-05-18 16:00:08.049466,,8.049466607,VR2AR-69,549924,7.362,
DEPTH,2026-05-18 16:00:00,2026-05-18 16:00:08.049466,,8.049466607,VR2AR-69,549924,15
ATTITUDE,2026-05-18 16:00:00,2026-05-18 16:00:08.049466,,8.049466607,VR2AR-69,549924,3
TEMP,2026-05-18 17:00:00,2026-05-18 17:00:08.087447,,8.087447982,VR2AR-69,549924,7.362,
DEPTH,2026-05-18 17:00:00,2026-05-18 17:00:08.087447,,8.087447982,VR2AR-69,549924,15
ATTITUDE,2026-05-18 17:00:00,2026-05-18 17:00:08.087447,,8.087447982,VR2AR-69,549924,3
TEMP,2026-05-18 18:00:00,2026-05-18 18:00:08.125429,,8.125429357,VR2AR-69,549924,7.402,
DEPTH,2026-05-18 18:00:00,2026-05-18 18:00:08.125429,,8.125429357,VR2AR-69,549924,15
ATTITUDE,2026-05-18 18:00:00,2026-05-18 18:00:08.125429,,8.125429357,VR2AR-69,549924,3
TEMP,2026-05-18 19:00:00,2026-05-18 19:00:08.16341,,8.163410731,VR2AR-69,549924,7.543,
DEPTH,2026-05-18 19:00:00,2026-05-18 19:00:08.16341,,8.163410731,VR2AR-69,549924,14
ATTITUDE,2026-05-18 19:00:00,2026-05-18 19:00:08.16341,,8.163410731,VR2AR-69,549924,3
TEMP,2026-05-18 20:00:00,2026-05-18 20:00:08.201392,,8.201392106,VR2AR-69,549924,7.744,
DEPTH,2026-05-18 20:00:00,2026-05-18 20:00:08.201392,,8.201392106,VR2AR-69,549924,13
ATTITUDE,2026-05-18 20:00:00,2026-05-18 20:00:08.201392,,8.201392106,VR2AR-69,549924,3
TEMP,2026-05-18 21:00:00,2026-05-18 21:00:08.239373,,8.239373481,VR2AR-69,549924,7.784,
DEPTH,2026-05-18 21:00:00,2026-05-18 21:00:08.239373,,8.239373481,VR2AR-69,549924,12
ATTITUDE,2026-05-18 21:00:00,2026-05-18 21:00:08.239373,,8.239373481,VR2AR-69,549924,3
TEMP,2026-05-18 22:00:00,2026-05-18 22:00:08.277354,,8.277354856,VR2AR-69,549924,7.804,
DEPTH,2026-05-18 22:00:00,2026-05-18 22:00:08.277354,,8.277354856,VR2AR-69,549924,12
ATTITUDE,2026-05-18 22:00:00,2026-05-18 22:00:08.277354,,8.277354856,VR2AR-69,549924,2
TEMP,2026-05-18 23:00:00,2026-05-18 23:00:08.315336,,8.315336230,VR2AR-69,549924,7.925,
DEPTH,2026-05-18 23:00:00,2026-05-18 23:00:08.315336,,8.315336230,VR2AR-69,549924,12
ATTITUDE,2026-05-18 23:00:00,2026-05-18 23:00:08.315336,,8.315336230,VR2AR-69,549924,3
TEMP,2026-05-19 00:00:00,2026-05-19 00:00:08.353317,,8.353317605,VR2AR-69,549924,8.046,
DEPTH,2026-05-19 00:00:00,2026-05-19 00:00:08.353317,,8.353317605,VR2AR-69,549924,12
ATTITUDE,2026-05-19 00:00:00,2026-05-19 00:00:08.353317,,8.353317605,VR2AR-69,549924,3
TEMP,2026-05-19 01:00:00,2026-05-19 01:00:08.391298,,8.391298980,VR2AR-69,549924,8.006,
DEPTH,2026-05-19 01:00:00,2026-05-19 01:00:08.391298,,8.391298980,VR2AR-69,549924,13
ATTITUDE,2026-05-19 01:00:00,2026-05-19 01:00:08.391298,,8.391298980,VR2AR-69,549924,3
TEMP,2026-05-19 02:00:00,2026-05-19 02:00:08.42928,,8.429280355,VR2AR-69,549924,7.985,
DEPTH,2026-05-19 02:00:00,2026-05-19 02:00:08.42928,,8.429280355,VR2AR-69,549924,14
ATTITUDE,2026-05-19 02:00:00,2026-05-19 02:00:08.42928,,8.429280355,VR2AR-69,549924,3
TEMP,2026-05-19 03:00:00,2026-05-19 03:00:08.467261,,8.467261729,VR2AR-69,549924,7.885,
DEPTH,2026-05-19 03:00:00,2026-05-19 03:00:08.467261,,8.467261729,VR2AR-69,549924,15
ATTITUDE,2026-05-19 03:00:00,2026-05-19 03:00:08.467261,,8.467261729,VR2AR-69,549924,3
TEMP,2026-05-19 04:00:00,2026-05-19 04:00:08.505243,,8.505243104,VR2AR-69,549924,7.764,
DEPTH,2026-05-19 04:00:00,2026-05-19 04:00:08.505243,,8.505243104,VR2AR-69,549924,15
ATTITUDE,2026-05-19 04:00:00,2026-05-19 04:00:08.505243,,8.505243104,VR2AR-69,549924,3
TEMP,2026-05-19 05:00:00,2026-05-19 05:00:08.543224,,8.543224479,VR2AR-69,549924,7.764,
DEPTH,2026-05-19 05:00:00,2026-05-19 05:00:08.543224,,8.543224479,VR2AR-69,549924,16
ATTITUDE,2026-05-19 05:00:00,2026-05-19 05:00:08.543224,,8.543224479,VR2AR-69,549924,3
TEMP,2026-05-19 06:00:00,2026-05-19 06:00:08.581205,,8.581205854,VR2AR-69,549924,7.724,
DEPTH,2026-05-19 06:00:00,2026-05-19 06:00:08.581205,,8.581205854,VR2AR-69,549924,15
ATTITUDE,2026-05-19 06:00:00,2026-05-19 06:00:08.581205,,8.581205854,VR2AR-69,549924,4
TEMP,2026-05-19 07:00:00,2026-05-19 07:00:08.619187,,8.619187229,VR2AR-69,549924,7.804,
DEPTH,2026-05-19 07:00:00,2026-05-19 07:00:08.619187,,8.619187229,VR2AR-69,549924,15
ATTITUDE,2026-05-19 07:00:00,2026-05-19 07:00:08.619187,,8.619187229,VR2AR-69,549924,4
TEMP,2026-05-19 08:00:00,2026-05-19 08:00:08.657168,,8.657168603,VR2AR-69,549924,7.925,
DEPTH,2026-05-19 08:00:00,2026-05-19 08:00:08.657168,,8.657168603,VR2AR-69,549924,14
ATTITUDE,2026-05-19 08:00:00,2026-05-19 08:00:08.657168,,8.657168603,VR2AR-69,549924,3
TEMP,2026-05-19 09:00:00,2026-05-19 09:00:08.695149,,8.695149978,VR2AR-69,549924,7.905,
DEPTH,2026-05-19 09:00:00,2026-05-19 09:00:08.695149,,8.695149978,VR2AR-69,549924,13
ATTITUDE,2026-05-19 09:00:00,2026-05-19 09:00:08.695149,,8.695149978,VR2AR-69,549924,3
TEMP,2026-05-19 10:00:00,2026-05-19 10:00:08.733131,,8.733131353,VR2AR-69,549924,7.905,
DEPTH,2026-05-19 10:00:00,2026-05-19 10:00:08.733131,,8.733131353,VR2AR-69,549924,12
ATTITUDE,2026-05-19 10:00:00,2026-05-19 10:00:08.733131,,8.733131353,VR2AR-69,549924,3
TEMP,2026-05-19 11:00:00,2026-05-19 11:00:08.771112,,8.771112728,VR2AR-69,549924,7.945,
DEPTH,2026-05-19 11:00:00,2026-05-19 11:00:08.771112,,8.771112728,VR2AR-69,549924,12
ATTITUDE,2026-05-19 11:00:00,2026-05-19 11:00:08.771112,,8.771112728,VR2AR-69,549924,3
TEMP,2026-05-19 12:00:00,2026-05-19 12:00:08.809094,,8.809094102,VR2AR-69,549924,7.945,
DEPTH,2026-05-19 12:00:00,2026-05-19 12:00:08.809094,,8.809094102,VR2AR-69,549924,12
ATTITUDE,2026-05-19 12:00:00,2026-05-19 12:00:08.809094,,8.809094102,VR2AR-69,549924,3
TEMP,2026-05-19 13:00:00,2026-05-19 13:00:08.847075,,8.847075477,VR2AR-69,549924,8.006,
DEPTH,2026-05-19 13:00:00,2026-05-19 13:00:08.847075,,8.847075477,VR2AR-69,549924,12
ATTITUDE,2026-05-19 13:00:00,2026-05-19 13:00:08.847075,,8.847075477,VR2AR-69,549924,3
TEMP,2026-05-19 14:00:00,2026-05-19 14:00:08.885056,,8.885056852,VR2AR-69,549924,8.026,
DEPTH,2026-05-19 14:00:00,2026-05-19 14:00:08.885056,,8.885056852,VR2AR-69,549924,13
ATTITUDE,2026-05-19 14:00:00,2026-05-19 14:00:08.885056,,8.885056852,VR2AR-69,549924,4
TEMP,2026-05-19 15:00:00,2026-05-19 15:00:08.923038,,8.923038227,VR2AR-69,549924,8.006,
DEPTH,2026-05-19 15:00:00,2026-05-19 15:00:08.923038,,8.923038227,VR2AR-69,549924,14
ATTITUDE,2026-05-19 15:00:00,2026-05-19 15:00:08.923038,,8.923038227,VR2AR-69,549924,3
TEMP,2026-05-19 16:00:00,2026-05-19 16:00:08.961019,,8.961019602,VR2AR-69,549924,7.925,
DEPTH,2026-05-19 16:00:00,2026-05-19 16:00:08.961019,,8.961019602,VR2AR-69,549924,15
ATTITUDE,2026-05-19 16:00:00,2026-05-19 16:00:08.961019,,8.961019602,VR2AR-69,549924,2
TEMP,2026-05-19 17:00:00,2026-05-19 17:00:08.999,,8.999000976,VR2AR-69,549924,7.844,
DEPTH,2026-05-19 17:00:00,2026-05-19 17:00:08.999,,8.999000976,VR2AR-69,549924,15
ATTITUDE,2026-05-19 17:00:00,2026-05-19 17:00:08.999,,8.999000976,VR2AR-69,549924,2
TEMP,2026-05-19 18:00:00,2026-05-19 18:00:09.036982,,9.036982351,VR2AR-69,549924,7.885,
DEPTH,2026-05-19 18:00:00,2026-05-19 18:00:09.036982,,9.036982351,VR2AR-69,549924,15
ATTITUDE,2026-05-19 18:00:00,2026-05-19 18:00:09.036982,,9.036982351,VR2AR-69,549924,4
TEMP,2026-05-19 19:00:00,2026-05-19 19:00:09.074963,,9.074963726,VR2AR-69,549924,7.885,
DEPTH,2026-05-19 19:00:00,2026-05-19 19:00:09.074963,,9.074963726,VR2AR-69,549924,15
ATTITUDE,2026-05-19 19:00:00,2026-05-19 19:00:09.074963,,9.074963726,VR2AR-69,549924,3
TEMP,2026-05-19 20:00:00,2026-05-19 20:00:09.112945,,9.112945101,VR2AR-69,549924,7.905,
DEPTH,2026-05-19 20:00:00,2026-05-19 20:00:09.112945,,9.112945101,VR2AR-69,549924,14
ATTITUDE,2026-05-19 20:00:00,2026-05-19 20:00:09.112945,,9.112945101,VR2AR-69,549924,4
TEMP,2026-05-19 21:00:00,2026-05-19 21:00:09.150926,,9.150926475,VR2AR-69,549924,8.106,
DEPTH,2026-05-19 21:00:00,2026-05-19 21:00:09.150926,,9.150926475,VR2AR-69,549924,13
ATTITUDE,2026-05-19 21:00:00,2026-05-19 21:00:09.150926,,9.150926475,VR2AR-69,549924,4
TEMP,2026-05-19 22:00:00,2026-05-19 22:00:09.188907,,9.188907850,VR2AR-69,549924,8.167,
DEPTH,2026-05-19 22:00:00,2026-05-19 22:00:09.188907,,9.188907850,VR2AR-69,549924,12
ATTITUDE,2026-05-19 22:00:00,2026-05-19 22:00:09.188907,,9.188907850,VR2AR-69,549924,3
TEMP,2026-05-19 23:00:00,2026-05-19 23:00:09.226889,,9.226889225,VR2AR-69,549924,8.207,
DEPTH,2026-05-19 23:00:00,2026-05-19 23:00:09.226889,,9.226889225,VR2AR-69,549924,12
ATTITUDE,2026-05-19 23:00:00,2026-05-19 23:00:09.226889,,9.226889225,VR2AR-69,549924,3
TEMP,2026-05-20 00:00:00,2026-05-20 00:00:09.26487,,9.264870600,VR2AR-69,549924,8.227,
DEPTH,2026-05-20 00:00:00,2026-05-20 00:00:09.26487,,9.264870600,VR2AR-69,549924,12
ATTITUDE,2026-05-20 00:00:00,2026-05-20 00:00:09.26487,,9.264870600,VR2AR-69,549924,3
TEMP,2026-05-20 01:00:00,2026-05-20 01:00:09.302851,,9.302851974,VR2AR-69,549924,8.248,
DEPTH,2026-05-20 01:00:00,2026-05-20 01:00:09.302851,,9.302851974,VR2AR-69,549924,12
ATTITUDE,2026-05-20 01:00:00,2026-05-20 01:00:09.302851,,9.302851974,VR2AR-69,549924,2
TEMP,2026-05-20 02:00:00,2026-05-20 02:00:09.340833,,9.340833349,VR2AR-69,549924,8.248,
DEPTH,2026-05-20 02:00:00,2026-05-20 02:00:09.340833,,9.340833349,VR2AR-69,549924,13
ATTITUDE,2026-05-20 02:00:00,2026-05-20 02:00:09.340833,,9.340833349,VR2AR-69,549924,3
TEMP,2026-05-20 03:00:00,2026-05-20 03:00:09.378814,,9.378814724,VR2AR-69,549924,8.248,
DEPTH,2026-05-20 03:00:00,2026-05-20 03:00:09.378814,,9.378814724,VR2AR-69,549924,14
ATTITUDE,2026-05-20 03:00:00,2026-05-20 03:00:09.378814,,9.378814724,VR2AR-69,549924,4
TEMP,2026-05-20 04:00:00,2026-05-20 04:00:09.416796,,9.416796099,VR2AR-69,549924,8.066,
DEPTH,2026-05-20 04:00:00,2026-05-20 04:00:09.416796,,9.416796099,VR2AR-69,549924,15
ATTITUDE,2026-05-20 04:00:00,2026-05-20 04:00:09.416796,,9.416796099,VR2AR-69,549924,3
TEMP,2026-05-20 05:00:00,2026-05-20 05:00:09.454777,,9.454777474,VR2AR-69,549924,7.965,
DEPTH,2026-05-20 05:00:00,2026-05-20 05:00:09.454777,,9.454777474,VR2AR-69,549924,15
ATTITUDE,2026-05-20 05:00:00,2026-05-20 05:00:09.454777,,9.454777474,VR2AR-69,549924,4
TEMP,2026-05-20 06:00:00,2026-05-20 06:00:09.492758,,9.492758848,VR2AR-69,549924,7.985,
DEPTH,2026-05-20 06:00:00,2026-05-20 06:00:09.492758,,9.492758848,VR2AR-69,549924,15
ATTITUDE,2026-05-20 06:00:00,2026-05-20 06:00:09.492758,,9.492758848,VR2AR-69,549924,3
TEMP,2026-05-20 07:00:00,2026-05-20 07:00:09.53074,,9.530740223,VR2AR-69,549924,8.046,
DEPTH,2026-05-20 07:00:00,2026-05-20 07:00:09.53074,,9.530740223,VR2AR-69,549924,15
ATTITUDE,2026-05-20 07:00:00,2026-05-20 07:00:09.53074,,9.530740223,VR2AR-69,549924,4
TEMP,2026-05-20 08:00:00,2026-05-20 08:00:09.568721,,9.568721598,VR2AR-69,549924,8.086,
DEPTH,2026-05-20 08:00:00,2026-05-20 08:00:09.568721,,9.568721598,VR2AR-69,549924,15
ATTITUDE,2026-05-20 08:00:00,2026-05-20 08:00:09.568721,,9.568721598,VR2AR-69,549924,2
TEMP,2026-05-20 09:00:00,2026-05-20 09:00:09.606702,,9.606702973,VR2AR-69,549924,8.207,
DEPTH,2026-05-20 09:00:00,2026-05-20 09:00:09.606702,,9.606702973,VR2AR-69,549924,14
ATTITUDE,2026-05-20 09:00:00,2026-05-20 09:00:09.606702,,9.606702973,VR2AR-69,549924,3
TEMP,2026-05-20 10:00:00,2026-05-20 10:00:09.644684,,9.644684347,VR2AR-69,549924,8.227,
DEPTH,2026-05-20 10:00:00,2026-05-20 10:00:09.644684,,9.644684347,VR2AR-69,549924,13
ATTITUDE,2026-05-20 10:00:00,2026-05-20 10:00:09.644684,,9.644684347,VR2AR-69,549924,3
TEMP,2026-05-20 11:00:00,2026-05-20 11:00:09.682665,,9.682665722,VR2AR-69,549924,8.227,
DEPTH,2026-05-20 11:00:00,2026-05-20 11:00:09.682665,,9.682665722,VR2AR-69,549924,12
ATTITUDE,2026-05-20 11:00:00,2026-05-20 11:00:09.682665,,9.682665722,VR2AR-69,549924,2
TEMP,2026-05-20 12:00:00,2026-05-20 12:00:09.720647,,9.720647097,VR2AR-69,549924,8.308,
DEPTH,2026-05-20 12:00:00,2026-05-20 12:00:09.720647,,9.720647097,VR2AR-69,549924,12
ATTITUDE,2026-05-20 12:00:00,2026-05-20 12:00:09.720647,,9.720647097,VR2AR-69,549924,2
TEMP,2026-05-20 13:00:00,2026-05-20 13:00:09.758628,,9.758628472,VR2AR-69,549924,8.389,
DEPTH,2026-05-20 13:00:00,2026-05-20 13:00:09.758628,,9.758628472,VR2AR-69,549924,12
ATTITUDE,2026-05-20 13:00:00,2026-05-20 13:00:09.758628,,9.758628472,VR2AR-69,549924,3
TEMP,2026-05-20 14:00:00,2026-05-20 14:00:09.796609,,9.796609846,VR2AR-69,549924,8.409,
DEPTH,2026-05-20 14:00:00,2026-05-20 14:00:09.796609,,9.796609846,VR2AR-69,549924,12
ATTITUDE,2026-05-20 14:00:00,2026-05-20 14:00:09.796609,,9.796609846,VR2AR-69,549924,2
TEMP,2026-05-20 15:00:00,2026-05-20 15:00:09.834591,,9.834591221,VR2AR-69,549924,8.328,
DEPTH,2026-05-20 15:00:00,2026-05-20 15:00:09.834591,,9.834591221,VR2AR-69,549924,13
ATTITUDE,2026-05-20 15:00:00,2026-05-20 15:00:09.834591,,9.834591221,VR2AR-69,549924,3
TEMP,2026-05-20 16:00:00,2026-05-20 16:00:09.872572,,9.872572596,VR2AR-69,549924,8.308,
DEPTH,2026-05-20 16:00:00,2026-05-20 16:00:09.872572,,9.872572596,VR2AR-69,549924,14
ATTITUDE,2026-05-20 16:00:00,2026-05-20 16:00:09.872572,,9.872572596,VR2AR-69,549924,3
TEMP,2026-05-20 17:00:00,2026-05-20 17:00:09.910553,,9.910553971,VR2AR-69,549924,8.187,
DEPTH,2026-05-20 17:00:00,2026-05-20 17:00:09.910553,,9.910553971,VR2AR-69,549924,15
ATTITUDE,2026-05-20 17:00:00,2026-05-20 17:00:09.910553,,9.910553971,VR2AR-69,549924,3
TEMP,2026-05-20 18:00:00,2026-05-20 18:00:09.948535,,9.948535345,VR2AR-69,549924,7.804,
DEPTH,2026-05-20 18:00:00,2026-05-20 18:00:09.948535,,9.948535345,VR2AR-69,549924,15
ATTITUDE,2026-05-20 18:00:00,2026-05-20 18:00:09.948535,,9.948535345,VR2AR-69,549924,3
TEMP,2026-05-20 19:00:00,2026-05-20 19:00:09.986516,,9.986516720,VR2AR-69,549924,7.663,
DEPTH,2026-05-20 19:00:00,2026-05-20 19:00:09.986516,,9.986516720,VR2AR-69,549924,15
ATTITUDE,2026-05-20 19:00:00,2026-05-20 19:00:09.986516,,9.986516720,VR2AR-69,549924,3
TEMP,2026-05-20 20:00:00,2026-05-20 20:00:10.024498,,10.024498095,VR2AR-69,549924,7.764,
DEPTH,2026-05-20 20:00:00,2026-05-20 20:00:10.024498,,10.024498095,VR2AR-69,549924,15
ATTITUDE,2026-05-20 20:00:00,2026-05-20 20:00:10.024498,,10.024498095,VR2AR-69,549924,3
TEMP,2026-05-20 21:00:00,2026-05-20 21:00:10.062479,,10.062479470,VR2AR-69,549924,8.207,
DEPTH,2026-05-20 21:00:00,2026-05-20 21:00:10.062479,,10.062479470,VR2AR-69,549924,14
ATTITUDE,2026-05-20 21:00:00,2026-05-20 21:00:10.062479,,10.062479470,VR2AR-69,549924,3
TEMP,2026-05-20 22:00:00,2026-05-20 22:00:10.10046,,10.100460845,VR2AR-69,549924,8.469,
DEPTH,2026-05-20 22:00:00,2026-05-20 22:00:10.10046,,10.100460845,VR2AR-69,549924,13
ATTITUDE,2026-05-20 22:00:00,2026-05-20 22:00:10.10046,,10.100460845,VR2AR-69,549924,4
TEMP,2026-05-20 23:00:00,2026-05-20 23:00:10.138442,,10.138442219,VR2AR-69,549924,8.51,
DEPTH,2026-05-20 23:00:00,2026-05-20 23:00:10.138442,,10.138442219,VR2AR-69,549924,12
ATTITUDE,2026-05-20 23:00:00,2026-05-20 23:00:10.138442,,10.138442219,VR2AR-69,549924,3
TEMP,2026-05-21 00:00:00,2026-05-21 00:00:10.176423,,10.176423594,VR2AR-69,549924,8.732,
DEPTH,2026-05-21 00:00:00,2026-05-21 00:00:10.176423,,10.176423594,VR2AR-69,549924,12
ATTITUDE,2026-05-21 00:00:00,2026-05-21 00:00:10.176423,,10.176423594,VR2AR-69,549924,2
TEMP,2026-05-21 01:00:00,2026-05-21 01:00:10.214404,,10.214404969,VR2AR-69,549924,8.874,
DEPTH,2026-05-21 01:00:00,2026-05-21 01:00:10.214404,,10.214404969,VR2AR-69,549924,12
ATTITUDE,2026-05-21 01:00:00,2026-05-21 01:00:10.214404,,10.214404969,VR2AR-69,549924,2
TEMP,2026-05-21 02:00:00,2026-05-21 02:00:10.252386,,10.252386344,VR2AR-69,549924,8.752,
DEPTH,2026-05-21 02:00:00,2026-05-21 02:00:10.252386,,10.252386344,VR2AR-69,549924,12
ATTITUDE,2026-05-21 02:00:00,2026-05-21 02:00:10.252386,,10.252386344,VR2AR-69,549924,3
TEMP,2026-05-21 03:00:00,2026-05-21 03:00:10.290367,,10.290367718,VR2AR-69,549924,8.752,
DEPTH,2026-05-21 03:00:00,2026-05-21 03:00:10.290367,,10.290367718,VR2AR-69,549924,13
ATTITUDE,2026-05-21 03:00:00,2026-05-21 03:00:10.290367,,10.290367718,VR2AR-69,549924,3
TEMP,2026-05-21 04:00:00,2026-05-21 04:00:10.328349,,10.328349093,VR2AR-69,549924,8.57,
DEPTH,2026-05-21 04:00:00,2026-05-21 04:00:10.328349,,10.328349093,VR2AR-69,549924,14
ATTITUDE,2026-05-21 04:00:00,2026-05-21 04:00:10.328349,,10.328349093,VR2AR-69,549924,3
TEMP,2026-05-21 05:00:00,2026-05-21 05:00:10.36633,,10.366330468,VR2AR-69,549924,8.106,
DEPTH,2026-05-21 05:00:00,2026-05-21 05:00:10.36633,,10.366330468,VR2AR-69,549924,15
ATTITUDE,2026-05-21 05:00:00,2026-05-21 05:00:10.36633,,10.366330468,VR2AR-69,549924,3
TEMP,2026-05-21 06:00:00,2026-05-21 06:00:10.404311,,10.404311843,VR2AR-69,549924,7.905,
DEPTH,2026-05-21 06:00:00,2026-05-21 06:00:10.404311,,10.404311843,VR2AR-69,549924,15
ATTITUDE,2026-05-21 06:00:00,2026-05-21 06:00:10.404311,,10.404311843,VR2AR-69,549924,3
TEMP,2026-05-21 07:00:00,2026-05-21 07:00:10.442293,,10.442293217,VR2AR-69,549924,7.764,
DEPTH,2026-05-21 07:00:00,2026-05-21 07:00:10.442293,,10.442293217,VR2AR-69,549924,15
ATTITUDE,2026-05-21 07:00:00,2026-05-21 07:00:10.442293,,10.442293217,VR2AR-69,549924,3
TEMP,2026-05-21 08:00:00,2026-05-21 08:00:10.480274,,10.480274592,VR2AR-69,549924,7.784,
DEPTH,2026-05-21 08:00:00,2026-05-21 08:00:10.480274,,10.480274592,VR2AR-69,549924,15
ATTITUDE,2026-05-21 08:00:00,2026-05-21 08:00:10.480274,,10.480274592,VR2AR-69,549924,4
TEMP,2026-05-21 09:00:00,2026-05-21 09:00:10.518255,,10.518255967,VR2AR-69,549924,8.227,
DEPTH,2026-05-21 09:00:00,2026-05-21 09:00:10.518255,,10.518255967,VR2AR-69,549924,15
ATTITUDE,2026-05-21 09:00:00,2026-05-21 09:00:10.518255,,10.518255967,VR2AR-69,549924,4
TEMP,2026-05-21 10:00:00,2026-05-21 10:00:10.556237,,10.556237342,VR2AR-69,549924,8.469,
DEPTH,2026-05-21 10:00:00,2026-05-21 10:00:10.556237,,10.556237342,VR2AR-69,549924,14
ATTITUDE,2026-05-21 10:00:00,2026-05-21 10:00:10.556237,,10.556237342,VR2AR-69,549924,3
TEMP,2026-05-21 11:00:00,2026-05-21 11:00:10.594218,,10.594218717,VR2AR-69,549924,8.55,
DEPTH,2026-05-21 11:00:00,2026-05-21 11:00:10.594218,,10.594218717,VR2AR-69,549924,13
ATTITUDE,2026-05-21 11:00:00,2026-05-21 11:00:10.594218,,10.594218717,VR2AR-69,549924,2
TEMP,2026-05-21 12:00:00,2026-05-21 12:00:10.6322,,10.632200091,VR2AR-69,549924,8.611,
DEPTH,2026-05-21 12:00:00,2026-05-21 12:00:10.6322,,10.632200091,VR2AR-69,549924,12
ATTITUDE,2026-05-21 12:00:00,2026-05-21 12:00:10.6322,,10.632200091,VR2AR-69,549924,2
TEMP,2026-05-21 13:00:00,2026-05-21 13:00:10.670181,,10.670181466,VR2AR-69,549924,8.712,
DEPTH,2026-05-21 13:00:00,2026-05-21 13:00:10.670181,,10.670181466,VR2AR-69,549924,12
ATTITUDE,2026-05-21 13:00:00,2026-05-21 13:00:10.670181,,10.670181466,VR2AR-69,549924,3
TEMP,2026-05-21 14:00:00,2026-05-21 14:00:10.708162,,10.708162841,VR2AR-69,549924,8.692,
DEPTH,2026-05-21 14:00:00,2026-05-21 14:00:10.708162,,10.708162841,VR2AR-69,549924,12
ATTITUDE,2026-05-21 14:00:00,2026-05-21 14:00:10.708162,,10.708162841,VR2AR-69,549924,2
TEMP,2026-05-21 15:00:00,2026-05-21 15:00:10.746144,,10.746144216,VR2AR-69,549924,8.651,
DEPTH,2026-05-21 15:00:00,2026-05-21 15:00:10.746144,,10.746144216,VR2AR-69,549924,12
ATTITUDE,2026-05-21 15:00:00,2026-05-21 15:00:10.746144,,10.746144216,VR2AR-69,549924,3
TEMP,2026-05-21 16:00:00,2026-05-21 16:00:10.784125,,10.784125590,VR2AR-69,549924,8.449,
DEPTH,2026-05-21 16:00:00,2026-05-21 16:00:10.784125,,10.784125590,VR2AR-69,549924,13
ATTITUDE,2026-05-21 16:00:00,2026-05-21 16:00:10.784125,,10.784125590,VR2AR-69,549924,3
TEMP,2026-05-21 17:00:00,2026-05-21 17:00:10.822106,,10.822106965,VR2AR-69,549924,8.308,
DEPTH,2026-05-21 17:00:00,2026-05-21 17:00:10.822106,,10.822106965,VR2AR-69,549924,14
ATTITUDE,2026-05-21 17:00:00,2026-05-21 17:00:10.822106,,10.822106965,VR2AR-69,549924,4
TEMP,2026-05-21 18:00:00,2026-05-21 18:00:10.860088,,10.860088340,VR2AR-69,549924,7.965,
DEPTH,2026-05-21 18:00:00,2026-05-21 18:00:10.860088,,10.860088340,VR2AR-69,549924,15
ATTITUDE,2026-05-21 18:00:00,2026-05-21 18:00:10.860088,,10.860088340,VR2AR-69,549924,2
TEMP,2026-05-21 19:00:00,2026-05-21 19:00:10.898069,,10.898069715,VR2AR-69,549924,7.643,
DEPTH,2026-05-21 19:00:00,2026-05-21 19:00:10.898069,,10.898069715,VR2AR-69,549924,15
ATTITUDE,2026-05-21 19:00:00,2026-05-21 19:00:10.898069,,10.898069715,VR2AR-69,549924,3
TEMP,2026-05-21 20:00:00,2026-05-21 20:00:10.936051,,10.936051090,VR2AR-69,549924,7.603,
DEPTH,2026-05-21 20:00:00,2026-05-21 20:00:10.936051,,10.936051090,VR2AR-69,549924,15
ATTITUDE,2026-05-21 20:00:00,2026-05-21 20:00:10.936051,,10.936051090,VR2AR-69,549924,4
TEMP,2026-05-21 21:00:00,2026-05-21 21:00:10.974032,,10.974032464,VR2AR-69,549924,7.603,
DEPTH,2026-05-21 21:00:00,2026-05-21 21:00:10.974032,,10.974032464,VR2AR-69,549924,15
ATTITUDE,2026-05-21 21:00:00,2026-05-21 21:00:10.974032,,10.974032464,VR2AR-69,549924,4
TEMP,2026-05-21 22:00:00,2026-05-21 22:00:11.012013,,11.012013839,VR2AR-69,549924,7.704,
DEPTH,2026-05-21 22:00:00,2026-05-21 22:00:11.012013,,11.012013839,VR2AR-69,549924,14
ATTITUDE,2026-05-21 22:00:00,2026-05-21 22:00:11.012013,,11.012013839,VR2AR-69,549924,3
TEMP,2026-05-21 23:00:00,2026-05-21 23:00:11.049995,,11.049995214,VR2AR-69,549924,8.207,
DEPTH,2026-05-21 23:00:00,2026-05-21 23:00:11.049995,,11.049995214,VR2AR-69,549924,13
ATTITUDE,2026-05-21 23:00:00,2026-05-21 23:00:11.049995,,11.049995214,VR2AR-69,549924,3
TEMP,2026-05-22 00:00:00,2026-05-22 00:00:11.087976,,11.087976589,VR2AR-69,549924,8.308,
DEPTH,2026-05-22 00:00:00,2026-05-22 00:00:11.087976,,11.087976589,VR2AR-69,549924,13
ATTITUDE,2026-05-22 00:00:00,2026-05-22 00:00:11.087976,,11.087976589,VR2AR-69,549924,3
TEMP,2026-05-22 01:00:00,2026-05-22 01:00:11.125957,,11.125957963,VR2AR-69,549924,8.369,
DEPTH,2026-05-22 01:00:00,2026-05-22 01:00:11.125957,,11.125957963,VR2AR-69,549924,12
ATTITUDE,2026-05-22 01:00:00,2026-05-22 01:00:11.125957,,11.125957963,VR2AR-69,549924,3
TEMP,2026-05-22 02:00:00,2026-05-22 02:00:11.163939,,11.163939338,VR2AR-69,549924,8.51,
DEPTH,2026-05-22 02:00:00,2026-05-22 02:00:11.163939,,11.163939338,VR2AR-69,549924,12
ATTITUDE,2026-05-22 02:00:00,2026-05-22 02:00:11.163939,,11.163939338,VR2AR-69,549924,3
TEMP,2026-05-22 03:00:00,2026-05-22 03:00:11.20192,,11.201920713,VR2AR-69,549924,8.469,
DEPTH,2026-05-22 03:00:00,2026-05-22 03:00:11.20192,,11.201920713,VR2AR-69,549924,13
ATTITUDE,2026-05-22 03:00:00,2026-05-22 03:00:11.20192,,11.201920713,VR2AR-69,549924,3
TEMP,2026-05-22 04:00:00,2026-05-22 04:00:11.239902,,11.239902088,VR2AR-69,549924,8.53,
DEPTH,2026-05-22 04:00:00,2026-05-22 04:00:11.239902,,11.239902088,VR2AR-69,549924,13
ATTITUDE,2026-05-22 04:00:00,2026-05-22 04:00:11.239902,,11.239902088,VR2AR-69,549924,3
TEMP,2026-05-22 05:00:00,2026-05-22 05:00:11.277883,,11.277883462,VR2AR-69,549924,8.409,
DEPTH,2026-05-22 05:00:00,2026-05-22 05:00:11.277883,,11.277883462,VR2AR-69,549924,14
ATTITUDE,2026-05-22 05:00:00,2026-05-22 05:00:11.277883,,11.277883462,VR2AR-69,549924,3
TEMP,2026-05-22 06:00:00,2026-05-22 06:00:11.315864,,11.315864837,VR2AR-69,549924,8.167,
DEPTH,2026-05-22 06:00:00,2026-05-22 06:00:11.315864,,11.315864837,VR2AR-69,549924,15
ATTITUDE,2026-05-22 06:00:00,2026-05-22 06:00:11.315864,,11.315864837,VR2AR-69,549924,3
TEMP,2026-05-22 07:00:00,2026-05-22 07:00:11.353846,,11.353846212,VR2AR-69,549924,8.026,
DEPTH,2026-05-22 07:00:00,2026-05-22 07:00:11.353846,,11.353846212,VR2AR-69,549924,15
ATTITUDE,2026-05-22 07:00:00,2026-05-22 07:00:11.353846,,11.353846212,VR2AR-69,549924,3
TEMP,2026-05-22 08:00:00,2026-05-22 08:00:11.391827,,11.391827587,VR2AR-69,549924,7.925,
DEPTH,2026-05-22 08:00:00,2026-05-22 08:00:11.391827,,11.391827587,VR2AR-69,549924,15
ATTITUDE,2026-05-22 08:00:00,2026-05-22 08:00:11.391827,,11.391827587,VR2AR-69,549924,2
TEMP,2026-05-22 09:00:00,2026-05-22 09:00:11.429808,,11.429808961,VR2AR-69,549924,8.006,
DEPTH,2026-05-22 09:00:00,2026-05-22 09:00:11.429808,,11.429808961,VR2AR-69,549924,15
ATTITUDE,2026-05-22 09:00:00,2026-05-22 09:00:11.429808,,11.429808961,VR2AR-69,549924,3
TEMP,2026-05-22 10:00:00,2026-05-22 10:00:11.46779,,11.467790336,VR2AR-69,549924,8.147,
DEPTH,2026-05-22 10:00:00,2026-05-22 10:00:11.46779,,11.467790336,VR2AR-69,549924,14
ATTITUDE,2026-05-22 10:00:00,2026-05-22 10:00:11.46779,,11.467790336,VR2AR-69,549924,4
TEMP,2026-05-22 11:00:00,2026-05-22 11:00:11.505771,,11.505771711,VR2AR-69,549924,8.308,
DEPTH,2026-05-22 11:00:00,2026-05-22 11:00:11.505771,,11.505771711,VR2AR-69,549924,14
ATTITUDE,2026-05-22 11:00:00,2026-05-22 11:00:11.505771,,11.505771711,VR2AR-69,549924,4
TEMP,2026-05-22 12:00:00,2026-05-22 12:00:11.543753,,11.543753086,VR2AR-69,549924,8.328,
DEPTH,2026-05-22 12:00:00,2026-05-22 12:00:11.543753,,11.543753086,VR2AR-69,549924,13
ATTITUDE,2026-05-22 12:00:00,2026-05-22 12:00:11.543753,,11.543753086,VR2AR-69,549924,3
TEMP,2026-05-22 13:00:00,2026-05-22 13:00:11.581734,,11.581734461,VR2AR-69,549924,8.369,
DEPTH,2026-05-22 13:00:00,2026-05-22 13:00:11.581734,,11.581734461,VR2AR-69,549924,12
ATTITUDE,2026-05-22 13:00:00,2026-05-22 13:00:11.581734,,11.581734461,VR2AR-69,549924,3
TEMP,2026-05-22 14:00:00,2026-05-22 14:00:11.619715,,11.619715835,VR2AR-69,549924,8.429,
DEPTH,2026-05-22 14:00:00,2026-05-22 14:00:11.619715,,11.619715835,VR2AR-69,549924,12
ATTITUDE,2026-05-22 14:00:00,2026-05-22 14:00:11.619715,,11.619715835,VR2AR-69,549924,4
TEMP,2026-05-22 15:00:00,2026-05-22 15:00:11.657697,,11.657697210,VR2AR-69,549924,8.51,
DEPTH,2026-05-22 15:00:00,2026-05-22 15:00:11.657697,,11.657697210,VR2AR-69,549924,12
ATTITUDE,2026-05-22 15:00:00,2026-05-22 15:00:11.657697,,11.657697210,VR2AR-69,549924,3
TEMP,2026-05-22 16:00:00,2026-05-22 16:00:11.695678,,11.695678585,VR2AR-69,549924,8.55,
DEPTH,2026-05-22 16:00:00,2026-05-22 16:00:11.695678,,11.695678585,VR2AR-69,549924,12
ATTITUDE,2026-05-22 16:00:00,2026-05-22 16:00:11.695678,,11.695678585,VR2AR-69,549924,3
TEMP,2026-05-22 17:00:00,2026-05-22 17:00:11.733659,,11.733659960,VR2AR-69,549924,8.55,
DEPTH,2026-05-22 17:00:00,2026-05-22 17:00:11.733659,,11.733659960,VR2AR-69,549924,13
ATTITUDE,2026-05-22 17:00:00,2026-05-22 17:00:11.733659,,11.733659960,VR2AR-69,549924,3
TEMP,2026-05-22 18:00:00,2026-05-22 18:00:11.771641,,11.771641334,VR2AR-69,549924,8.57,
DEPTH,2026-05-22 18:00:00,2026-05-22 18:00:11.771641,,11.771641334,VR2AR-69,549924,14
ATTITUDE,2026-05-22 18:00:00,2026-05-22 18:00:11.771641,,11.771641334,VR2AR-69,549924,3
TEMP,2026-05-22 19:00:00,2026-05-22 19:00:11.809622,,11.809622709,VR2AR-69,549924,8.429,
DEPTH,2026-05-22 19:00:00,2026-05-22 19:00:11.809622,,11.809622709,VR2AR-69,549924,15
ATTITUDE,2026-05-22 19:00:00,2026-05-22 19:00:11.809622,,11.809622709,VR2AR-69,549924,2
TEMP,2026-05-22 20:00:00,2026-05-22 20:00:11.847604,,11.847604084,VR2AR-69,549924,8.308,
DEPTH,2026-05-22 20:00:00,2026-05-22 20:00:11.847604,,11.847604084,VR2AR-69,549924,15
ATTITUDE,2026-05-22 20:00:00,2026-05-22 20:00:11.847604,,11.847604084,VR2AR-69,549924,3
TEMP,2026-05-22 21:00:00,2026-05-22 21:00:11.885585,,11.885585459,VR2AR-69,549924,8.086,
DEPTH,2026-05-22 21:00:00,2026-05-22 21:00:11.885585,,11.885585459,VR2AR-69,549924,15
ATTITUDE,2026-05-22 21:00:00,2026-05-22 21:00:11.885585,,11.885585459,VR2AR-69,549924,3
TEMP,2026-05-22 22:00:00,2026-05-22 22:00:11.923566,,11.923566834,VR2AR-69,549924,8.369,
DEPTH,2026-05-22 22:00:00,2026-05-22 22:00:11.923566,,11.923566834,VR2AR-69,549924,15
ATTITUDE,2026-05-22 22:00:00,2026-05-22 22:00:11.923566,,11.923566834,VR2AR-69,549924,3
TEMP,2026-05-22 23:00:00,2026-05-22 23:00:11.961548,,11.961548208,VR2AR-69,549924,8.348,
DEPTH,2026-05-22 23:00:00,2026-05-22 23:00:11.961548,,11.961548208,VR2AR-69,549924,14
ATTITUDE,2026-05-22 23:00:00,2026-05-22 23:00:11.961548,,11.961548208,VR2AR-69,549924,3
TEMP,2026-05-23 00:00:00,2026-05-23 00:00:11.999529,,11.999529583,VR2AR-69,549924,8.49,
DEPTH,2026-05-23 00:00:00,2026-05-23 00:00:11.999529,,11.999529583,VR2AR-69,549924,13
ATTITUDE,2026-05-23 00:00:00,2026-05-23 00:00:11.999529,,11.999529583,VR2AR-69,549924,3
TEMP,2026-05-23 01:00:00,2026-05-23 01:00:12.03751,,12.037510958,VR2AR-69,549924,8.631,
DEPTH,2026-05-23 01:00:00,2026-05-23 01:00:12.03751,,12.037510958,VR2AR-69,549924,13
ATTITUDE,2026-05-23 01:00:00,2026-05-23 01:00:12.03751,,12.037510958,VR2AR-69,549924,3
TEMP,2026-05-23 02:00:00,2026-05-23 02:00:12.075492,,12.075492333,VR2AR-69,549924,8.651,
DEPTH,2026-05-23 02:00:00,2026-05-23 02:00:12.075492,,12.075492333,VR2AR-69,549924,12
ATTITUDE,2026-05-23 02:00:00,2026-05-23 02:00:12.075492,,12.075492333,VR2AR-69,549924,3
TEMP,2026-05-23 03:00:00,2026-05-23 03:00:12.113473,,12.113473707,VR2AR-69,549924,8.671,
DEPTH,2026-05-23 03:00:00,2026-05-23 03:00:12.113473,,12.113473707,VR2AR-69,549924,12
ATTITUDE,2026-05-23 03:00:00,2026-05-23 03:00:12.113473,,12.113473707,VR2AR-69,549924,2
TEMP,2026-05-23 04:00:00,2026-05-23 04:00:12.151455,,12.151455082,VR2AR-69,549924,8.611,
DEPTH,2026-05-23 04:00:00,2026-05-23 04:00:12.151455,,12.151455082,VR2AR-69,549924,13
ATTITUDE,2026-05-23 04:00:00,2026-05-23 04:00:12.151455,,12.151455082,VR2AR-69,549924,3
TEMP,2026-05-23 05:00:00,2026-05-23 05:00:12.189436,,12.189436457,VR2AR-69,549924,8.591,
DEPTH,2026-05-23 05:00:00,2026-05-23 05:00:12.189436,,12.189436457,VR2AR-69,549924,13
ATTITUDE,2026-05-23 05:00:00,2026-05-23 05:00:12.189436,,12.189436457,VR2AR-69,549924,3
TEMP,2026-05-23 06:00:00,2026-05-23 06:00:12.227417,,12.227417832,VR2AR-69,549924,8.591,
DEPTH,2026-05-23 06:00:00,2026-05-23 06:00:12.227417,,12.227417832,VR2AR-69,549924,14
ATTITUDE,2026-05-23 06:00:00,2026-05-23 06:00:12.227417,,12.227417832,VR2AR-69,549924,3
TEMP,2026-05-23 07:00:00,2026-05-23 07:00:12.265399,,12.265399206,VR2AR-69,549924,8.57,
DEPTH,2026-05-23 07:00:00,2026-05-23 07:00:12.265399,,12.265399206,VR2AR-69,549924,15
ATTITUDE,2026-05-23 07:00:00,2026-05-23 07:00:12.265399,,12.265399206,VR2AR-69,549924,2
TEMP,2026-05-23 08:00:00,2026-05-23 08:00:12.30338,,12.303380581,VR2AR-69,549924,8.308,
DEPTH,2026-05-23 08:00:00,2026-05-23 08:00:12.30338,,12.303380581,VR2AR-69,549924,15
ATTITUDE,2026-05-23 08:00:00,2026-05-23 08:00:12.30338,,12.303380581,VR2AR-69,549924,4
TEMP,2026-05-23 09:00:00,2026-05-23 09:00:12.341361,,12.341361956,VR2AR-69,549924,8.268,
DEPTH,2026-05-23 09:00:00,2026-05-23 09:00:12.341361,,12.341361956,VR2AR-69,549924,15
ATTITUDE,2026-05-23 09:00:00,2026-05-23 09:00:12.341361,,12.341361956,VR2AR-69,549924,3
TEMP,2026-05-23 10:00:00,2026-05-23 10:00:12.379343,,12.379343331,VR2AR-69,549924,8.288,
DEPTH,2026-05-23 10:00:00,2026-05-23 10:00:12.379343,,12.379343331,VR2AR-69,549924,15
ATTITUDE,2026-05-23 10:00:00,2026-05-23 10:00:12.379343,,12.379343331,VR2AR-69,549924,3
TEMP,2026-05-23 11:00:00,2026-05-23 11:00:12.417324,,12.417324705,VR2AR-69,549924,8.308,
DEPTH,2026-05-23 11:00:00,2026-05-23 11:00:12.417324,,12.417324705,VR2AR-69,549924,14
ATTITUDE,2026-05-23 11:00:00,2026-05-23 11:00:12.417324,,12.417324705,VR2AR-69,549924,2
TEMP,2026-05-23 12:00:00,2026-05-23 12:00:12.455306,,12.455306080,VR2AR-69,549924,8.51,
DEPTH,2026-05-23 12:00:00,2026-05-23 12:00:12.455306,,12.455306080,VR2AR-69,549924,14
ATTITUDE,2026-05-23 12:00:00,2026-05-23 12:00:12.455306,,12.455306080,VR2AR-69,549924,3
TEMP,2026-05-23 13:00:00,2026-05-23 13:00:12.493287,,12.493287455,VR2AR-69,549924,8.591,
DEPTH,2026-05-23 13:00:00,2026-05-23 13:00:12.493287,,12.493287455,VR2AR-69,549924,13
ATTITUDE,2026-05-23 13:00:00,2026-05-23 13:00:12.493287,,12.493287455,VR2AR-69,549924,3
TEMP,2026-05-23 14:00:00,2026-05-23 14:00:12.531268,,12.531268830,VR2AR-69,549924,8.631,
DEPTH,2026-05-23 14:00:00,2026-05-23 14:00:12.531268,,12.531268830,VR2AR-69,549924,12
ATTITUDE,2026-05-23 14:00:00,2026-05-23 14:00:12.531268,,12.531268830,VR2AR-69,549924,3
TEMP,2026-05-23 15:00:00,2026-05-23 15:00:12.56925,,12.569250205,VR2AR-69,549924,8.752,
DEPTH,2026-05-23 15:00:00,2026-05-23 15:00:12.56925,,12.569250205,VR2AR-69,549924,12
ATTITUDE,2026-05-23 15:00:00,2026-05-23 15:00:12.56925,,12.569250205,VR2AR-69,549924,2
TEMP,2026-05-23 16:00:00,2026-05-23 16:00:12.607231,,12.607231579,VR2AR-69,549924,8.853,
DEPTH,2026-05-23 16:00:00,2026-05-23 16:00:12.607231,,12.607231579,VR2AR-69,549924,12
ATTITUDE,2026-05-23 16:00:00,2026-05-23 16:00:12.607231,,12.607231579,VR2AR-69,549924,3
TEMP,2026-05-23 17:00:00,2026-05-23 17:00:12.645212,,12.645212954,VR2AR-69,549924,8.975,
DEPTH,2026-05-23 17:00:00,2026-05-23 17:00:12.645212,,12.645212954,VR2AR-69,549924,13
ATTITUDE,2026-05-23 17:00:00,2026-05-23 17:00:12.645212,,12.645212954,VR2AR-69,549924,3
TEMP,2026-05-23 18:00:00,2026-05-23 18:00:12.683194,,12.683194329,VR2AR-69,549924,8.975,
DEPTH,2026-05-23 18:00:00,2026-05-23 18:00:12.683194,,12.683194329,VR2AR-69,549924,13
ATTITUDE,2026-05-23 18:00:00,2026-05-23 18:00:12.683194,,12.683194329,VR2AR-69,549924,3
TEMP,2026-05-23 19:00:00,2026-05-23 19:00:12.721175,,12.721175704,VR2AR-69,549924,8.712,
DEPTH,2026-05-23 19:00:00,2026-05-23 19:00:12.721175,,12.721175704,VR2AR-69,549924,14
ATTITUDE,2026-05-23 19:00:00,2026-05-23 19:00:12.721175,,12.721175704,VR2AR-69,549924,3
TEMP,2026-05-23 20:00:00,2026-05-23 20:00:12.759157,,12.759157078,VR2AR-69,549924,8.389,
DEPTH,2026-05-23 20:00:00,2026-05-23 20:00:12.759157,,12.759157078,VR2AR-69,549924,15
ATTITUDE,2026-05-23 20:00:00,2026-05-23 20:00:12.759157,,12.759157078,VR2AR-69,549924,3
TEMP,2026-05-23 21:00:00,2026-05-23 21:00:12.797138,,12.797138453,VR2AR-69,549924,7.885,
DEPTH,2026-05-23 21:00:00,2026-05-23 21:00:12.797138,,12.797138453,VR2AR-69,549924,15
ATTITUDE,2026-05-23 21:00:00,2026-05-23 21:00:12.797138,,12.797138453,VR2AR-69,549924,3
TEMP,2026-05-23 22:00:00,2026-05-23 22:00:12.835119,,12.835119828,VR2AR-69,549924,8.147,
DEPTH,2026-05-23 22:00:00,2026-05-23 22:00:12.835119,,12.835119828,VR2AR-69,549924,15
ATTITUDE,2026-05-23 22:00:00,2026-05-23 22:00:12.835119,,12.835119828,VR2AR-69,549924,3
TEMP,2026-05-23 23:00:00,2026-05-23 23:00:12.873101,,12.873101203,VR2AR-69,549924,8.308,
DEPTH,2026-05-23 23:00:00,2026-05-23 23:00:12.873101,,12.873101203,VR2AR-69,549924,15
ATTITUDE,2026-05-23 23:00:00,2026-05-23 23:00:12.873101,,12.873101203,VR2AR-69,549924,3
TEMP,2026-05-24 00:00:00,2026-05-24 00:00:12.911082,,12.911082577,VR2AR-69,549924,8.389,
DEPTH,2026-05-24 00:00:00,2026-05-24 00:00:12.911082,,12.911082577,VR2AR-69,549924,14
ATTITUDE,2026-05-24 00:00:00,2026-05-24 00:00:12.911082,,12.911082577,VR2AR-69,549924,3
TEMP,2026-05-24 01:00:00,2026-05-24 01:00:12.949063,,12.949063952,VR2AR-69,549924,8.671,
DEPTH,2026-05-24 01:00:00,2026-05-24 01:00:12.949063,,12.949063952,VR2AR-69,549924,13
ATTITUDE,2026-05-24 01:00:00,2026-05-24 01:00:12.949063,,12.949063952,VR2AR-69,549924,3
TEMP,2026-05-24 02:00:00,2026-05-24 02:00:12.987045,,12.987045327,VR2AR-69,549924,8.712,
DEPTH,2026-05-24 02:00:00,2026-05-24 02:00:12.987045,,12.987045327,VR2AR-69,549924,13
ATTITUDE,2026-05-24 02:00:00,2026-05-24 02:00:12.987045,,12.987045327,VR2AR-69,549924,2
TEMP,2026-05-24 03:00:00,2026-05-24 03:00:13.025026,,13.025026702,VR2AR-69,549924,8.773,
DEPTH,2026-05-24 03:00:00,2026-05-24 03:00:13.025026,,13.025026702,VR2AR-69,549924,12
ATTITUDE,2026-05-24 03:00:00,2026-05-24 03:00:13.025026,,13.025026702,VR2AR-69,549924,3
TEMP,2026-05-24 04:00:00,2026-05-24 04:00:13.063008,,13.063008076,VR2AR-69,549924,8.813,
DEPTH,2026-05-24 04:00:00,2026-05-24 04:00:13.063008,,13.063008076,VR2AR-69,549924,12
ATTITUDE,2026-05-24 04:00:00,2026-05-24 04:00:13.063008,,13.063008076,VR2AR-69,549924,3
TEMP,2026-05-24 05:00:00,2026-05-24 05:00:13.100989,,13.100989451,VR2AR-69,549924,8.773,
DEPTH,2026-05-24 05:00:00,2026-05-24 05:00:13.100989,,13.100989451,VR2AR-69,549924,13
ATTITUDE,2026-05-24 05:00:00,2026-05-24 05:00:13.100989,,13.100989451,VR2AR-69,549924,3
TEMP,2026-05-24 06:00:00,2026-05-24 06:00:13.13897,,13.138970826,VR2AR-69,549924,8.813,
DEPTH,2026-05-24 06:00:00,2026-05-24 06:00:13.13897,,13.138970826,VR2AR-69,549924,13
ATTITUDE,2026-05-24 06:00:00,2026-05-24 06:00:13.13897,,13.138970826,VR2AR-69,549924,3
TEMP,2026-05-24 07:00:00,2026-05-24 07:00:13.176952,,13.176952201,VR2AR-69,549924,8.773,
DEPTH,2026-05-24 07:00:00,2026-05-24 07:00:13.176952,,13.176952201,VR2AR-69,549924,14
ATTITUDE,2026-05-24 07:00:00,2026-05-24 07:00:13.176952,,13.176952201,VR2AR-69,549924,3
TEMP,2026-05-24 08:00:00,2026-05-24 08:00:13.214933,,13.214933576,VR2AR-69,549924,8.469,
DEPTH,2026-05-24 08:00:00,2026-05-24 08:00:13.214933,,13.214933576,VR2AR-69,549924,15
ATTITUDE,2026-05-24 08:00:00,2026-05-24 08:00:13.214933,,13.214933576,VR2AR-69,549924,3
TEMP,2026-05-24 09:00:00,2026-05-24 09:00:13.252914,,13.252914950,VR2AR-69,549924,8.187,
DEPTH,2026-05-24 09:00:00,2026-05-24 09:00:13.252914,,13.252914950,VR2AR-69,549924,15
ATTITUDE,2026-05-24 09:00:00,2026-05-24 09:00:13.252914,,13.252914950,VR2AR-69,549924,3
TEMP,2026-05-24 10:00:00,2026-05-24 10:00:13.290896,,13.290896325,VR2AR-69,549924,8.207,
DEPTH,2026-05-24 10:00:00,2026-05-24 10:00:13.290896,,13.290896325,VR2AR-69,549924,15
ATTITUDE,2026-05-24 10:00:00,2026-05-24 10:00:13.290896,,13.290896325,VR2AR-69,549924,3
TEMP,2026-05-24 11:00:00,2026-05-24 11:00:13.328877,,13.328877700,VR2AR-69,549924,8.308,
DEPTH,2026-05-24 11:00:00,2026-05-24 11:00:13.328877,,13.328877700,VR2AR-69,549924,15
ATTITUDE,2026-05-24 11:00:00,2026-05-24 11:00:13.328877,,13.328877700,VR2AR-69,549924,2
TEMP,2026-05-24 12:00:00,2026-05-24 12:00:13.366859,,13.366859075,VR2AR-69,549924,8.308,
DEPTH,2026-05-24 12:00:00,2026-05-24 12:00:13.366859,,13.366859075,VR2AR-69,549924,14
ATTITUDE,2026-05-24 12:00:00,2026-05-24 12:00:13.366859,,13.366859075,VR2AR-69,549924,3
TEMP,2026-05-24 13:00:00,2026-05-24 13:00:13.40484,,13.404840450,VR2AR-69,549924,8.55,
DEPTH,2026-05-24 13:00:00,2026-05-24 13:00:13.40484,,13.404840450,VR2AR-69,549924,14
ATTITUDE,2026-05-24 13:00:00,2026-05-24 13:00:13.40484,,13.404840450,VR2AR-69,549924,3
TEMP,2026-05-24 14:00:00,2026-05-24 14:00:13.442821,,13.442821824,VR2AR-69,549924,8.692,
DEPTH,2026-05-24 14:00:00,2026-05-24 14:00:13.442821,,13.442821824,VR2AR-69,549924,13
ATTITUDE,2026-05-24 14:00:00,2026-05-24 14:00:13.442821,,13.442821824,VR2AR-69,549924,3
TEMP,2026-05-24 15:00:00,2026-05-24 15:00:13.480803,,13.480803199,VR2AR-69,549924,8.671,
DEPTH,2026-05-24 15:00:00,2026-05-24 15:00:13.480803,,13.480803199,VR2AR-69,549924,13
ATTITUDE,2026-05-24 15:00:00,2026-05-24 15:00:13.480803,,13.480803199,VR2AR-69,549924,3
TEMP,2026-05-24 16:00:00,2026-05-24 16:00:13.518784,,13.518784574,VR2AR-69,549924,8.712,
DEPTH,2026-05-24 16:00:00,2026-05-24 16:00:13.518784,,13.518784574,VR2AR-69,549924,12
ATTITUDE,2026-05-24 16:00:00,2026-05-24 16:00:13.518784,,13.518784574,VR2AR-69,549924,3
TEMP,2026-05-24 17:00:00,2026-05-24 17:00:13.556765,,13.556765949,VR2AR-69,549924,8.874,
DEPTH,2026-05-24 17:00:00,2026-05-24 17:00:13.556765,,13.556765949,VR2AR-69,549924,12
ATTITUDE,2026-05-24 17:00:00,2026-05-24 17:00:13.556765,,13.556765949,VR2AR-69,549924,2
TEMP,2026-05-24 18:00:00,2026-05-24 18:00:13.594747,,13.594747323,VR2AR-69,549924,8.813,
DEPTH,2026-05-24 18:00:00,2026-05-24 18:00:13.594747,,13.594747323,VR2AR-69,549924,13
ATTITUDE,2026-05-24 18:00:00,2026-05-24 18:00:13.594747,,13.594747323,VR2AR-69,549924,3
TEMP,2026-05-24 19:00:00,2026-05-24 19:00:13.632728,,13.632728698,VR2AR-69,549924,8.833,
DEPTH,2026-05-24 19:00:00,2026-05-24 19:00:13.632728,,13.632728698,VR2AR-69,549924,13
ATTITUDE,2026-05-24 19:00:00,2026-05-24 19:00:13.632728,,13.632728698,VR2AR-69,549924,3
TEMP,2026-05-24 20:00:00,2026-05-24 20:00:13.67071,,13.670710073,VR2AR-69,549924,8.712,
DEPTH,2026-05-24 20:00:00,2026-05-24 20:00:13.67071,,13.670710073,VR2AR-69,549924,14
ATTITUDE,2026-05-24 20:00:00,2026-05-24 20:00:13.67071,,13.670710073,VR2AR-69,549924,3
TEMP,2026-05-24 21:00:00,2026-05-24 21:00:13.708691,,13.708691448,VR2AR-69,549924,8.409,
DEPTH,2026-05-24 21:00:00,2026-05-24 21:00:13.708691,,13.708691448,VR2AR-69,549924,15
ATTITUDE,2026-05-24 21:00:00,2026-05-24 21:00:13.708691,,13.708691448,VR2AR-69,549924,3
TEMP,2026-05-24 22:00:00,2026-05-24 22:00:13.746672,,13.746672822,VR2AR-69,549924,8.348,
DEPTH,2026-05-24 22:00:00,2026-05-24 22:00:13.746672,,13.746672822,VR2AR-69,549924,15
ATTITUDE,2026-05-24 22:00:00,2026-05-24 22:00:13.746672,,13.746672822,VR2AR-69,549924,3
TEMP,2026-05-24 23:00:00,2026-05-24 23:00:13.784654,,13.784654197,VR2AR-69,549924,8.389,
DEPTH,2026-05-24 23:00:00,2026-05-24 23:00:13.784654,,13.784654197,VR2AR-69,549924,15
ATTITUDE,2026-05-24 23:00:00,2026-05-24 23:00:13.784654,,13.784654197,VR2AR-69,549924,3
TEMP,2026-05-25 00:00:00,2026-05-25 00:00:13.822635,,13.822635572,VR2AR-69,549924,8.389,
DEPTH,2026-05-25 00:00:00,2026-05-25 00:00:13.822635,,13.822635572,VR2AR-69,549924,15
ATTITUDE,2026-05-25 00:00:00,2026-05-25 00:00:13.822635,,13.822635572,VR2AR-69,549924,3
TEMP,2026-05-25 01:00:00,2026-05-25 01:00:13.860616,,13.860616947,VR2AR-69,549924,8.389,
DEPTH,2026-05-25 01:00:00,2026-05-25 01:00:13.860616,,13.860616947,VR2AR-69,549924,14
ATTITUDE,2026-05-25 01:00:00,2026-05-25 01:00:13.860616,,13.860616947,VR2AR-69,549924,3
TEMP,2026-05-25 02:00:00,2026-05-25 02:00:13.898598,,13.898598321,VR2AR-69,549924,8.631,
DEPTH,2026-05-25 02:00:00,2026-05-25 02:00:13.898598,,13.898598321,VR2AR-69,549924,13
ATTITUDE,2026-05-25 02:00:00,2026-05-25 02:00:13.898598,,13.898598321,VR2AR-69,549924,3
TEMP,2026-05-25 03:00:00,2026-05-25 03:00:13.936579,,13.936579696,VR2AR-69,549924,8.631,
DEPTH,2026-05-25 03:00:00,2026-05-25 03:00:13.936579,,13.936579696,VR2AR-69,549924,13
ATTITUDE,2026-05-25 03:00:00,2026-05-25 03:00:13.936579,,13.936579696,VR2AR-69,549924,3
TEMP,2026-05-25 04:00:00,2026-05-25 04:00:13.974561,,13.974561071,VR2AR-69,549924,8.671,
DEPTH,2026-05-25 04:00:00,2026-05-25 04:00:13.974561,,13.974561071,VR2AR-69,549924,12
ATTITUDE,2026-05-25 04:00:00,2026-05-25 04:00:13.974561,,13.974561071,VR2AR-69,549924,3
TEMP,2026-05-25 05:00:00,2026-05-25 05:00:14.012542,,14.012542446,VR2AR-69,549924,8.732,
DEPTH,2026-05-25 05:00:00,2026-05-25 05:00:14.012542,,14.012542446,VR2AR-69,549924,12
ATTITUDE,2026-05-25 05:00:00,2026-05-25 05:00:14.012542,,14.012542446,VR2AR-69,549924,3
TEMP,2026-05-25 06:00:00,2026-05-25 06:00:14.050523,,14.050523821,VR2AR-69,549924,8.712,
DEPTH,2026-05-25 06:00:00,2026-05-25 06:00:14.050523,,14.050523821,VR2AR-69,549924,13
ATTITUDE,2026-05-25 06:00:00,2026-05-25 06:00:14.050523,,14.050523821,VR2AR-69,549924,3
TEMP,2026-05-25 07:00:00,2026-05-25 07:00:14.088505,,14.088505195,VR2AR-69,549924,8.712,
DEPTH,2026-05-25 07:00:00,2026-05-25 07:00:14.088505,,14.088505195,VR2AR-69,549924,13
ATTITUDE,2026-05-25 07:00:00,2026-05-25 07:00:14.088505,,14.088505195,VR2AR-69,549924,3
TEMP,2026-05-25 08:00:00,2026-05-25 08:00:14.126486,,14.126486570,VR2AR-69,549924,8.692,
DEPTH,2026-05-25 08:00:00,2026-05-25 08:00:14.126486,,14.126486570,VR2AR-69,549924,14
ATTITUDE,2026-05-25 08:00:00,2026-05-25 08:00:14.126486,,14.126486570,VR2AR-69,549924,3
TEMP,2026-05-25 09:00:00,2026-05-25 09:00:14.164467,,14.164467945,VR2AR-69,549924,8.55,
DEPTH,2026-05-25 09:00:00,2026-05-25 09:00:14.164467,,14.164467945,VR2AR-69,549924,14
ATTITUDE,2026-05-25 09:00:00,2026-05-25 09:00:14.164467,,14.164467945,VR2AR-69,549924,3
TEMP,2026-05-25 10:00:00,2026-05-25 10:00:14.202449,,14.202449320,VR2AR-69,549924,8.389,
DEPTH,2026-05-25 10:00:00,2026-05-25 10:00:14.202449,,14.202449320,VR2AR-69,549924,15
ATTITUDE,2026-05-25 10:00:00,2026-05-25 10:00:14.202449,,14.202449320,VR2AR-69,549924,3
TEMP,2026-05-25 11:00:00,2026-05-25 11:00:14.24043,,14.240430695,VR2AR-69,549924,8.369,
DEPTH,2026-05-25 11:00:00,2026-05-25 11:00:14.24043,,14.240430695,VR2AR-69,549924,15
ATTITUDE,2026-05-25 11:00:00,2026-05-25 11:00:14.24043,,14.240430695,VR2AR-69,549924,3
TEMP,2026-05-25 12:00:00,2026-05-25 12:00:14.278412,,14.278412069,VR2AR-69,549924,8.449,
DEPTH,2026-05-25 12:00:00,2026-05-25 12:00:14.278412,,14.278412069,VR2AR-69,549924,15
ATTITUDE,2026-05-25 12:00:00,2026-05-25 12:00:14.278412,,14.278412069,VR2AR-69,549924,3
TEMP,2026-05-25 13:00:00,2026-05-25 13:00:14.316393,,14.316393444,VR2AR-69,549924,8.449,
DEPTH,2026-05-25 13:00:00,2026-05-25 13:00:14.316393,,14.316393444,VR2AR-69,549924,14
ATTITUDE,2026-05-25 13:00:00,2026-05-25 13:00:14.316393,,14.316393444,VR2AR-69,549924,4
TEMP,2026-05-25 14:00:00,2026-05-25 14:00:14.354374,,14.354374819,VR2AR-69,549924,8.611,
DEPTH,2026-05-25 14:00:00,2026-05-25 14:00:14.354374,,14.354374819,VR2AR-69,549924,14
ATTITUDE,2026-05-25 14:00:00,2026-05-25 14:00:14.354374,,14.354374819,VR2AR-69,549924,4
TEMP,2026-05-25 15:00:00,2026-05-25 15:00:14.392356,,14.392356194,VR2AR-69,549924,8.692,
DEPTH,2026-05-25 15:00:00,2026-05-25 15:00:14.392356,,14.392356194,VR2AR-69,549924,13
ATTITUDE,2026-05-25 15:00:00,2026-05-25 15:00:14.392356,,14.392356194,VR2AR-69,549924,3
TEMP,2026-05-25 16:00:00,2026-05-25 16:00:14.430337,,14.430337568,VR2AR-69,549924,8.712,
DEPTH,2026-05-25 16:00:00,2026-05-25 16:00:14.430337,,14.430337568,VR2AR-69,549924,12
ATTITUDE,2026-05-25 16:00:00,2026-05-25 16:00:14.430337,,14.430337568,VR2AR-69,549924,2
TEMP,2026-05-25 17:00:00,2026-05-25 17:00:14.468318,,14.468318943,VR2AR-69,549924,8.712,
DEPTH,2026-05-25 17:00:00,2026-05-25 17:00:14.468318,,14.468318943,VR2AR-69,549924,12
ATTITUDE,2026-05-25 17:00:00,2026-05-25 17:00:14.468318,,14.468318943,VR2AR-69,549924,4
TEMP,2026-05-25 18:00:00,2026-05-25 18:00:14.5063,,14.506300318,VR2AR-69,549924,8.671,
DEPTH,2026-05-25 18:00:00,2026-05-25 18:00:14.5063,,14.506300318,VR2AR-69,549924,12
ATTITUDE,2026-05-25 18:00:00,2026-05-25 18:00:14.5063,,14.506300318,VR2AR-69,549924,3
TEMP,2026-05-25 19:00:00,2026-05-25 19:00:14.544281,,14.544281693,VR2AR-69,549924,8.712,
DEPTH,2026-05-25 19:00:00,2026-05-25 19:00:14.544281,,14.544281693,VR2AR-69,549924,13
ATTITUDE,2026-05-25 19:00:00,2026-05-25 19:00:14.544281,,14.544281693,VR2AR-69,549924,2
TEMP,2026-05-25 20:00:00,2026-05-25 20:00:14.582263,,14.582263067,VR2AR-69,549924,8.732,
DEPTH,2026-05-25 20:00:00,2026-05-25 20:00:14.582263,,14.582263067,VR2AR-69,549924,13
ATTITUDE,2026-05-25 20:00:00,2026-05-25 20:00:14.582263,,14.582263067,VR2AR-69,549924,5
TEMP,2026-05-25 21:00:00,2026-05-25 21:00:14.620244,,14.620244442,VR2AR-69,549924,8.732,
DEPTH,2026-05-25 21:00:00,2026-05-25 21:00:14.620244,,14.620244442,VR2AR-69,549924,14
ATTITUDE,2026-05-25 21:00:00,2026-05-25 21:00:14.620244,,14.620244442,VR2AR-69,549924,4
TEMP,2026-05-25 22:00:00,2026-05-25 22:00:14.658225,,14.658225817,VR2AR-69,549924,8.692,
DEPTH,2026-05-25 22:00:00,2026-05-25 22:00:14.658225,,14.658225817,VR2AR-69,549924,15
ATTITUDE,2026-05-25 22:00:00,2026-05-25 22:00:14.658225,,14.658225817,VR2AR-69,549924,3
TEMP,2026-05-25 23:00:00,2026-05-25 23:00:14.696207,,14.696207192,VR2AR-69,549924,8.591,
DEPTH,2026-05-25 23:00:00,2026-05-25 23:00:14.696207,,14.696207192,VR2AR-69,549924,15
ATTITUDE,2026-05-25 23:00:00,2026-05-25 23:00:14.696207,,14.696207192,VR2AR-69,549924,3
TEMP,2026-05-26 00:00:00,2026-05-26 00:00:14.734188,,14.734188566,VR2AR-69,549924,8.53,
DEPTH,2026-05-26 00:00:00,2026-05-26 00:00:14.734188,,14.734188566,VR2AR-69,549924,15
ATTITUDE,2026-05-26 00:00:00,2026-05-26 00:00:14.734188,,14.734188566,VR2AR-69,549924,4
TEMP,2026-05-26 01:00:00,2026-05-26 01:00:14.772169,,14.772169941,VR2AR-69,549924,8.631,
DEPTH,2026-05-26 01:00:00,2026-05-26 01:00:14.772169,,14.772169941,VR2AR-69,549924,15
ATTITUDE,2026-05-26 01:00:00,2026-05-26 01:00:14.772169,,14.772169941,VR2AR-69,549924,3
TEMP,2026-05-26 02:00:00,2026-05-26 02:00:14.810151,,14.810151316,VR2AR-69,549924,8.651,
DEPTH,2026-05-26 02:00:00,2026-05-26 02:00:14.810151,,14.810151316,VR2AR-69,549924,14
ATTITUDE,2026-05-26 02:00:00,2026-05-26 02:00:14.810151,,14.810151316,VR2AR-69,549924,3
TEMP,2026-05-26 03:00:00,2026-05-26 03:00:14.848132,,14.848132691,VR2AR-69,549924,8.833,
DEPTH,2026-05-26 03:00:00,2026-05-26 03:00:14.848132,,14.848132691,VR2AR-69,549924,13
ATTITUDE,2026-05-26 03:00:00,2026-05-26 03:00:14.848132,,14.848132691,VR2AR-69,549924,3
TEMP,2026-05-26 04:00:00,2026-05-26 04:00:14.886114,,14.886114066,VR2AR-69,549924,8.853,
DEPTH,2026-05-26 04:00:00,2026-05-26 04:00:14.886114,,14.886114066,VR2AR-69,549924,13
ATTITUDE,2026-05-26 04:00:00,2026-05-26 04:00:14.886114,,14.886114066,VR2AR-69,549924,2
TEMP,2026-05-26 05:00:00,2026-05-26 05:00:14.924095,,14.924095440,VR2AR-69,549924,8.874,
DEPTH,2026-05-26 05:00:00,2026-05-26 05:00:14.924095,,14.924095440,VR2AR-69,549924,12
ATTITUDE,2026-05-26 05:00:00,2026-05-26 05:00:14.924095,,14.924095440,VR2AR-69,549924,3
TEMP,2026-05-26 06:00:00,2026-05-26 06:00:14.962076,,14.962076815,VR2AR-69,549924,8.894,
DEPTH,2026-05-26 06:00:00,2026-05-26 06:00:14.962076,,14.962076815,VR2AR-69,549924,12
ATTITUDE,2026-05-26 06:00:00,2026-05-26 06:00:14.962076,,14.962076815,VR2AR-69,549924,3
TEMP,2026-05-26 07:00:00,2026-05-26 07:00:15.000058,,15.000058190,VR2AR-69,549924,8.894,
DEPTH,2026-05-26 07:00:00,2026-05-26 07:00:15.000058,,15.000058190,VR2AR-69,549924,12
ATTITUDE,2026-05-26 07:00:00,2026-05-26 07:00:15.000058,,15.000058190,VR2AR-69,549924,3
TEMP,2026-05-26 08:00:00,2026-05-26 08:00:15.038039,,15.038039565,VR2AR-69,549924,8.853,
DEPTH,2026-05-26 08:00:00,2026-05-26 08:00:15.038039,,15.038039565,VR2AR-69,549924,13
ATTITUDE,2026-05-26 08:00:00,2026-05-26 08:00:15.038039,,15.038039565,VR2AR-69,549924,2
TEMP,2026-05-26 09:00:00,2026-05-26 09:00:15.07602,,15.076020939,VR2AR-69,549924,8.853,
DEPTH,2026-05-26 09:00:00,2026-05-26 09:00:15.07602,,15.076020939,VR2AR-69,549924,14
ATTITUDE,2026-05-26 09:00:00,2026-05-26 09:00:15.07602,,15.076020939,VR2AR-69,549924,2
TEMP,2026-05-26 10:00:00,2026-05-26 10:00:15.114002,,15.114002314,VR2AR-69,549924,8.631,
DEPTH,2026-05-26 10:00:00,2026-05-26 10:00:15.114002,,15.114002314,VR2AR-69,549924,14
ATTITUDE,2026-05-26 10:00:00,2026-05-26 10:00:15.114002,,15.114002314,VR2AR-69,549924,2
TEMP,2026-05-26 11:00:00,2026-05-26 11:00:15.151983,,15.151983689,VR2AR-69,549924,8.227,
DEPTH,2026-05-26 11:00:00,2026-05-26 11:00:15.151983,,15.151983689,VR2AR-69,549924,15
ATTITUDE,2026-05-26 11:00:00,2026-05-26 11:00:15.151983,,15.151983689,VR2AR-69,549924,3
TEMP,2026-05-26 12:00:00,2026-05-26 12:00:15.189965,,15.189965064,VR2AR-69,549924,8.086,
DEPTH,2026-05-26 12:00:00,2026-05-26 12:00:15.189965,,15.189965064,VR2AR-69,549924,15
ATTITUDE,2026-05-26 12:00:00,2026-05-26 12:00:15.189965,,15.189965064,VR2AR-69,549924,3
TEMP,2026-05-26 13:00:00,2026-05-26 13:00:15.227946,,15.227946438,VR2AR-69,549924,8.288,
DEPTH,2026-05-26 13:00:00,2026-05-26 13:00:15.227946,,15.227946438,VR2AR-69,549924,15
ATTITUDE,2026-05-26 13:00:00,2026-05-26 13:00:15.227946,,15.227946438,VR2AR-69,549924,3
TEMP,2026-05-26 14:00:00,2026-05-26 14:00:15.265927,,15.265927813,VR2AR-69,549924,8.308,
DEPTH,2026-05-26 14:00:00,2026-05-26 14:00:15.265927,,15.265927813,VR2AR-69,549924,14
ATTITUDE,2026-05-26 14:00:00,2026-05-26 14:00:15.265927,,15.265927813,VR2AR-69,549924,3
TEMP,2026-05-26 15:00:00,2026-05-26 15:00:15.303909,,15.303909188,VR2AR-69,549924,8.611,
DEPTH,2026-05-26 15:00:00,2026-05-26 15:00:15.303909,,15.303909188,VR2AR-69,549924,14
ATTITUDE,2026-05-26 15:00:00,2026-05-26 15:00:15.303909,,15.303909188,VR2AR-69,549924,4
TEMP,2026-05-26 16:00:00,2026-05-26 16:00:15.34189,,15.341890563,VR2AR-69,549924,8.773,
DEPTH,2026-05-26 16:00:00,2026-05-26 16:00:15.34189,,15.341890563,VR2AR-69,549924,13
ATTITUDE,2026-05-26 16:00:00,2026-05-26 16:00:15.34189,,15.341890563,VR2AR-69,549924,3
TEMP,2026-05-26 17:00:00,2026-05-26 17:00:15.379871,,15.379871937,VR2AR-69,549924,8.833,
DEPTH,2026-05-26 17:00:00,2026-05-26 17:00:15.379871,,15.379871937,VR2AR-69,549924,12
ATTITUDE,2026-05-26 17:00:00,2026-05-26 17:00:15.379871,,15.379871937,VR2AR-69,549924,3
TEMP,2026-05-26 18:00:00,2026-05-26 18:00:15.417853,,15.417853312,VR2AR-69,549924,8.995,
DEPTH,2026-05-26 18:00:00,2026-05-26 18:00:15.417853,,15.417853312,VR2AR-69,549924,12
ATTITUDE,2026-05-26 18:00:00,2026-05-26 18:00:15.417853,,15.417853312,VR2AR-69,549924,2
TEMP,2026-05-26 19:00:00,2026-05-26 19:00:15.455834,,15.455834687,VR2AR-69,549924,9.117,
DEPTH,2026-05-26 19:00:00,2026-05-26 19:00:15.455834,,15.455834687,VR2AR-69,549924,12
ATTITUDE,2026-05-26 19:00:00,2026-05-26 19:00:15.455834,,15.455834687,VR2AR-69,549924,3
TEMP,2026-05-26 20:00:00,2026-05-26 20:00:15.493816,,15.493816062,VR2AR-69,549924,9.198,
DEPTH,2026-05-26 20:00:00,2026-05-26 20:00:15.493816,,15.493816062,VR2AR-69,549924,13
ATTITUDE,2026-05-26 20:00:00,2026-05-26 20:00:15.493816,,15.493816062,VR2AR-69,549924,3
TEMP,2026-05-26 21:00:00,2026-05-26 21:00:15.531797,,15.531797436,VR2AR-69,549924,9.076,
DEPTH,2026-05-26 21:00:00,2026-05-26 21:00:15.531797,,15.531797436,VR2AR-69,549924,13
ATTITUDE,2026-05-26 21:00:00,2026-05-26 21:00:15.531797,,15.531797436,VR2AR-69,549924,2
TEMP,2026-05-26 22:00:00,2026-05-26 22:00:15.569778,,15.569778811,VR2AR-69,549924,8.793,
DEPTH,2026-05-26 22:00:00,2026-05-26 22:00:15.569778,,15.569778811,VR2AR-69,549924,14
ATTITUDE,2026-05-26 22:00:00,2026-05-26 22:00:15.569778,,15.569778811,VR2AR-69,549924,3
TEMP,2026-05-26 23:00:00,2026-05-26 23:00:15.60776,,15.607760186,VR2AR-69,549924,8.268,
DEPTH,2026-05-26 23:00:00,2026-05-26 23:00:15.60776,,15.607760186,VR2AR-69,549924,15
ATTITUDE,2026-05-26 23:00:00,2026-05-26 23:00:15.60776,,15.607760186,VR2AR-69,549924,2
TEMP,2026-05-27 00:00:00,2026-05-27 00:00:15.645741,,15.645741561,VR2AR-69,549924,8.187,
DEPTH,2026-05-27 00:00:00,2026-05-27 00:00:15.645741,,15.645741561,VR2AR-69,549924,15
ATTITUDE,2026-05-27 00:00:00,2026-05-27 00:00:15.645741,,15.645741561,VR2AR-69,549924,3
TEMP,2026-05-27 01:00:00,2026-05-27 01:00:15.683722,,15.683722936,VR2AR-69,549924,8.469,
DEPTH,2026-05-27 01:00:00,2026-05-27 01:00:15.683722,,15.683722936,VR2AR-69,549924,15
ATTITUDE,2026-05-27 01:00:00,2026-05-27 01:00:15.683722,,15.683722936,VR2AR-69,549924,3
TEMP,2026-05-27 02:00:00,2026-05-27 02:00:15.721704,,15.721704310,VR2AR-69,549924,8.389,
DEPTH,2026-05-27 02:00:00,2026-05-27 02:00:15.721704,,15.721704310,VR2AR-69,549924,15
ATTITUDE,2026-05-27 02:00:00,2026-05-27 02:00:15.721704,,15.721704310,VR2AR-69,549924,2
TEMP,2026-05-27 03:00:00,2026-05-27 03:00:15.759685,,15.759685685,VR2AR-69,549924,8.671,
DEPTH,2026-05-27 03:00:00,2026-05-27 03:00:15.759685,,15.759685685,VR2AR-69,549924,14
ATTITUDE,2026-05-27 03:00:00,2026-05-27 03:00:15.759685,,15.759685685,VR2AR-69,549924,2
TEMP,2026-05-27 04:00:00,2026-05-27 04:00:15.797667,,15.797667060,VR2AR-69,549924,8.874,
DEPTH,2026-05-27 04:00:00,2026-05-27 04:00:15.797667,,15.797667060,VR2AR-69,549924,13
ATTITUDE,2026-05-27 04:00:00,2026-05-27 04:00:15.797667,,15.797667060,VR2AR-69,549924,3
TEMP,2026-05-27 05:00:00,2026-05-27 05:00:15.835648,,15.835648435,VR2AR-69,549924,8.995,
DEPTH,2026-05-27 05:00:00,2026-05-27 05:00:15.835648,,15.835648435,VR2AR-69,549924,13
ATTITUDE,2026-05-27 05:00:00,2026-05-27 05:00:15.835648,,15.835648435,VR2AR-69,549924,4
TEMP,2026-05-27 06:00:00,2026-05-27 06:00:15.873629,,15.873629810,VR2AR-69,549924,9.117,
DEPTH,2026-05-27 06:00:00,2026-05-27 06:00:15.873629,,15.873629810,VR2AR-69,549924,12
ATTITUDE,2026-05-27 06:00:00,2026-05-27 06:00:15.873629,,15.873629810,VR2AR-69,549924,2
TEMP,2026-05-27 07:00:00,2026-05-27 07:00:15.911611,,15.911611184,VR2AR-69,549924,9.238,
DEPTH,2026-05-27 07:00:00,2026-05-27 07:00:15.911611,,15.911611184,VR2AR-69,549924,12
ATTITUDE,2026-05-27 07:00:00,2026-05-27 07:00:15.911611,,15.911611184,VR2AR-69,549924,3
TEMP,2026-05-27 08:00:00,2026-05-27 08:00:15.949592,,15.949592559,VR2AR-69,549924,9.238,
DEPTH,2026-05-27 08:00:00,2026-05-27 08:00:15.949592,,15.949592559,VR2AR-69,549924,12
ATTITUDE,2026-05-27 08:00:00,2026-05-27 08:00:15.949592,,15.949592559,VR2AR-69,549924,2
TEMP,2026-05-27 09:00:00,2026-05-27 09:00:15.987573,,15.987573934,VR2AR-69,549924,9.218,
DEPTH,2026-05-27 09:00:00,2026-05-27 09:00:15.987573,,15.987573934,VR2AR-69,549924,13
ATTITUDE,2026-05-27 09:00:00,2026-05-27 09:00:15.987573,,15.987573934,VR2AR-69,549924,2
TEMP,2026-05-27 10:00:00,2026-05-27 10:00:16.025555,,16.025555309,VR2AR-69,549924,9.177,
DEPTH,2026-05-27 10:00:00,2026-05-27 10:00:16.025555,,16.025555309,VR2AR-69,549924,14
ATTITUDE,2026-05-27 10:00:00,2026-05-27 10:00:16.025555,,16.025555309,VR2AR-69,549924,3
TEMP,2026-05-27 11:00:00,2026-05-27 11:00:16.063536,,16.063536683,VR2AR-69,549924,8.712,
DEPTH,2026-05-27 11:00:00,2026-05-27 11:00:16.063536,,16.063536683,VR2AR-69,549924,14
ATTITUDE,2026-05-27 11:00:00,2026-05-27 11:00:16.063536,,16.063536683,VR2AR-69,549924,4
TEMP,2026-05-27 12:00:00,2026-05-27 12:00:16.101518,,16.101518058,VR2AR-69,549924,8.227,
DEPTH,2026-05-27 12:00:00,2026-05-27 12:00:16.101518,,16.101518058,VR2AR-69,549924,15
ATTITUDE,2026-05-27 12:00:00,2026-05-27 12:00:16.101518,,16.101518058,VR2AR-69,549924,4
TEMP,2026-05-27 13:00:00,2026-05-27 13:00:16.139499,,16.139499433,VR2AR-69,549924,7.965,
DEPTH,2026-05-27 13:00:00,2026-05-27 13:00:16.139499,,16.139499433,VR2AR-69,549924,15
ATTITUDE,2026-05-27 13:00:00,2026-05-27 13:00:16.139499,,16.139499433,VR2AR-69,549924,3
TEMP,2026-05-27 14:00:00,2026-05-27 14:00:16.17748,,16.177480808,VR2AR-69,549924,8.369,
DEPTH,2026-05-27 14:00:00,2026-05-27 14:00:16.17748,,16.177480808,VR2AR-69,549924,15
ATTITUDE,2026-05-27 14:00:00,2026-05-27 14:00:16.17748,,16.177480808,VR2AR-69,549924,3
TEMP,2026-05-27 15:00:00,2026-05-27 15:00:16.215462,,16.215462182,VR2AR-69,549924,8.55,
DEPTH,2026-05-27 15:00:00,2026-05-27 15:00:16.215462,,16.215462182,VR2AR-69,549924,14
ATTITUDE,2026-05-27 15:00:00,2026-05-27 15:00:16.215462,,16.215462182,VR2AR-69,549924,4
TEMP,2026-05-27 16:00:00,2026-05-27 16:00:16.253443,,16.253443557,VR2AR-69,549924,8.914,
DEPTH,2026-05-27 16:00:00,2026-05-27 16:00:16.253443,,16.253443557,VR2AR-69,549924,14
ATTITUDE,2026-05-27 16:00:00,2026-05-27 16:00:16.253443,,16.253443557,VR2AR-69,549924,3
TEMP,2026-05-27 17:00:00,2026-05-27 17:00:16.291424,,16.291424932,VR2AR-69,549924,9.198,
DEPTH,2026-05-27 17:00:00,2026-05-27 17:00:16.291424,,16.291424932,VR2AR-69,549924,13
ATTITUDE,2026-05-27 17:00:00,2026-05-27 17:00:16.291424,,16.291424932,VR2AR-69,549924,3
TEMP,2026-05-27 18:00:00,2026-05-27 18:00:16.329406,,16.329406307,VR2AR-69,549924,9.238,
DEPTH,2026-05-27 18:00:00,2026-05-27 18:00:16.329406,,16.329406307,VR2AR-69,549924,12
ATTITUDE,2026-05-27 18:00:00,2026-05-27 18:00:16.329406,,16.329406307,VR2AR-69,549924,3
TEMP,2026-05-27 19:00:00,2026-05-27 19:00:16.367387,,16.367387681,VR2AR-69,549924,8.853,
DEPTH,2026-05-27 19:00:00,2026-05-27 19:00:16.367387,,16.367387681,VR2AR-69,549924,12
ATTITUDE,2026-05-27 19:00:00,2026-05-27 19:00:16.367387,,16.367387681,VR2AR-69,549924,2
TEMP,2026-05-27 20:00:00,2026-05-27 20:00:16.405369,,16.405369056,VR2AR-69,549924,9.036,
DEPTH,2026-05-27 20:00:00,2026-05-27 20:00:16.405369,,16.405369056,VR2AR-69,549924,12
ATTITUDE,2026-05-27 20:00:00,2026-05-27 20:00:16.405369,,16.405369056,VR2AR-69,549924,3
TEMP,2026-05-27 21:00:00,2026-05-27 21:00:16.44335,,16.443350431,VR2AR-69,549924,8.995,
DEPTH,2026-05-27 21:00:00,2026-05-27 21:00:16.44335,,16.443350431,VR2AR-69,549924,13
ATTITUDE,2026-05-27 21:00:00,2026-05-27 21:00:16.44335,,16.443350431,VR2AR-69,549924,2
TEMP,2026-05-27 22:00:00,2026-05-27 22:00:16.481331,,16.481331806,VR2AR-69,549924,8.874,
DEPTH,2026-05-27 22:00:00,2026-05-27 22:00:16.481331,,16.481331806,VR2AR-69,549924,14
ATTITUDE,2026-05-27 22:00:00,2026-05-27 22:00:16.481331,,16.481331806,VR2AR-69,549924,3
TEMP,2026-05-27 23:00:00,2026-05-27 23:00:16.519313,,16.519313181,VR2AR-69,549924,8.046,
DEPTH,2026-05-27 23:00:00,2026-05-27 23:00:16.519313,,16.519313181,VR2AR-69,549924,14
ATTITUDE,2026-05-27 23:00:00,2026-05-27 23:00:16.519313,,16.519313181,VR2AR-69,549924,3
TEMP,2026-05-28 00:00:00,2026-05-28 00:00:16.557294,,16.557294555,VR2AR-69,549924,7.804,
DEPTH,2026-05-28 00:00:00,2026-05-28 00:00:16.557294,,16.557294555,VR2AR-69,549924,15
ATTITUDE,2026-05-28 00:00:00,2026-05-28 00:00:16.557294,,16.557294555,VR2AR-69,549924,3
TEMP,2026-05-28 01:00:00,2026-05-28 01:00:16.595275,,16.595275930,VR2AR-69,549924,7.744,
DEPTH,2026-05-28 01:00:00,2026-05-28 01:00:16.595275,,16.595275930,VR2AR-69,549924,15
ATTITUDE,2026-05-28 01:00:00,2026-05-28 01:00:16.595275,,16.595275930,VR2AR-69,549924,3
TEMP,2026-05-28 02:00:00,2026-05-28 02:00:16.633257,,16.633257305,VR2AR-69,549924,8.046,
DEPTH,2026-05-28 02:00:00,2026-05-28 02:00:16.633257,,16.633257305,VR2AR-69,549924,15
ATTITUDE,2026-05-28 02:00:00,2026-05-28 02:00:16.633257,,16.633257305,VR2AR-69,549924,3
TEMP,2026-05-28 03:00:00,2026-05-28 03:00:16.671238,,16.671238680,VR2AR-69,549924,8.248,
DEPTH,2026-05-28 03:00:00,2026-05-28 03:00:16.671238,,16.671238680,VR2AR-69,549924,15
ATTITUDE,2026-05-28 03:00:00,2026-05-28 03:00:16.671238,,16.671238680,VR2AR-69,549924,4
TEMP,2026-05-28 04:00:00,2026-05-28 04:00:16.70922,,16.709220055,VR2AR-69,549924,8.55,
DEPTH,2026-05-28 04:00:00,2026-05-28 04:00:16.70922,,16.709220055,VR2AR-69,549924,14
ATTITUDE,2026-05-28 04:00:00,2026-05-28 04:00:16.70922,,16.709220055,VR2AR-69,549924,3
TEMP,2026-05-28 05:00:00,2026-05-28 05:00:16.747201,,16.747201429,VR2AR-69,549924,8.793,
DEPTH,2026-05-28 05:00:00,2026-05-28 05:00:16.747201,,16.747201429,VR2AR-69,549924,13
ATTITUDE,2026-05-28 05:00:00,2026-05-28 05:00:16.747201,,16.747201429,VR2AR-69,549924,3
TEMP,2026-05-28 06:00:00,2026-05-28 06:00:16.785182,,16.785182804,VR2AR-69,549924,8.853,
DEPTH,2026-05-28 06:00:00,2026-05-28 06:00:16.785182,,16.785182804,VR2AR-69,549924,13
ATTITUDE,2026-05-28 06:00:00,2026-05-28 06:00:16.785182,,16.785182804,VR2AR-69,549924,3
TEMP,2026-05-28 07:00:00,2026-05-28 07:00:16.823164,,16.823164179,VR2AR-69,549924,8.995,
DEPTH,2026-05-28 07:00:00,2026-05-28 07:00:16.823164,,16.823164179,VR2AR-69,549924,12
ATTITUDE,2026-05-28 07:00:00,2026-05-28 07:00:16.823164,,16.823164179,VR2AR-69,549924,3
TEMP,2026-05-28 08:00:00,2026-05-28 08:00:16.861145,,16.861145554,VR2AR-69,549924,9.096,
DEPTH,2026-05-28 08:00:00,2026-05-28 08:00:16.861145,,16.861145554,VR2AR-69,549924,12
ATTITUDE,2026-05-28 08:00:00,2026-05-28 08:00:16.861145,,16.861145554,VR2AR-69,549924,3
TEMP,2026-05-28 09:00:00,2026-05-28 09:00:16.899126,,16.899126928,VR2AR-69,549924,9.056,
DEPTH,2026-05-28 09:00:00,2026-05-28 09:00:16.899126,,16.899126928,VR2AR-69,549924,12
ATTITUDE,2026-05-28 09:00:00,2026-05-28 09:00:16.899126,,16.899126928,VR2AR-69,549924,3
TEMP,2026-05-28 10:00:00,2026-05-28 10:00:16.937108,,16.937108303,VR2AR-69,549924,9.076,
DEPTH,2026-05-28 10:00:00,2026-05-28 10:00:16.937108,,16.937108303,VR2AR-69,549924,13
ATTITUDE,2026-05-28 10:00:00,2026-05-28 10:00:16.937108,,16.937108303,VR2AR-69,549924,3
TEMP,2026-05-28 11:00:00,2026-05-28 11:00:16.975089,,16.975089678,VR2AR-69,549924,8.49,
DEPTH,2026-05-28 11:00:00,2026-05-28 11:00:16.975089,,16.975089678,VR2AR-69,549924,14
ATTITUDE,2026-05-28 11:00:00,2026-05-28 11:00:16.975089,,16.975089678,VR2AR-69,549924,3
TEMP,2026-05-28 12:00:00,2026-05-28 12:00:17.013071,,17.013071053,VR2AR-69,549924,7.764,
DEPTH,2026-05-28 12:00:00,2026-05-28 12:00:17.013071,,17.013071053,VR2AR-69,549924,14
ATTITUDE,2026-05-28 12:00:00,2026-05-28 12:00:17.013071,,17.013071053,VR2AR-69,549924,3
TEMP,2026-05-28 13:00:00,2026-05-28 13:00:17.051052,,17.051052427,VR2AR-69,549924,7.603,
DEPTH,2026-05-28 13:00:00,2026-05-28 13:00:17.051052,,17.051052427,VR2AR-69,549924,15
ATTITUDE,2026-05-28 13:00:00,2026-05-28 13:00:17.051052,,17.051052427,VR2AR-69,549924,3
TEMP,2026-05-28 14:00:00,2026-05-28 14:00:17.089033,,17.089033802,VR2AR-69,549924,7.824,
DEPTH,2026-05-28 14:00:00,2026-05-28 14:00:17.089033,,17.089033802,VR2AR-69,549924,15
ATTITUDE,2026-05-28 14:00:00,2026-05-28 14:00:17.089033,,17.089033802,VR2AR-69,549924,3
TEMP,2026-05-28 15:00:00,2026-05-28 15:00:17.127015,,17.127015177,VR2AR-69,549924,7.885,
DEPTH,2026-05-28 15:00:00,2026-05-28 15:00:17.127015,,17.127015177,VR2AR-69,549924,15
ATTITUDE,2026-05-28 15:00:00,2026-05-28 15:00:17.127015,,17.127015177,VR2AR-69,549924,3
TEMP,2026-05-28 16:00:00,2026-05-28 16:00:17.164996,,17.164996552,VR2AR-69,549924,8.187,
DEPTH,2026-05-28 16:00:00,2026-05-28 16:00:17.164996,,17.164996552,VR2AR-69,549924,14
ATTITUDE,2026-05-28 16:00:00,2026-05-28 16:00:17.164996,,17.164996552,VR2AR-69,549924,3
TEMP,2026-05-28 17:00:00,2026-05-28 17:00:17.202977,,17.202977926,VR2AR-69,549924,8.51,
DEPTH,2026-05-28 17:00:00,2026-05-28 17:00:17.202977,,17.202977926,VR2AR-69,549924,13
ATTITUDE,2026-05-28 17:00:00,2026-05-28 17:00:17.202977,,17.202977926,VR2AR-69,549924,3
TEMP,2026-05-28 18:00:00,2026-05-28 18:00:17.240959,,17.240959301,VR2AR-69,549924,8.692,
DEPTH,2026-05-28 18:00:00,2026-05-28 18:00:17.240959,,17.240959301,VR2AR-69,549924,13
ATTITUDE,2026-05-28 18:00:00,2026-05-28 18:00:17.240959,,17.240959301,VR2AR-69,549924,3
TEMP,2026-05-28 19:00:00,2026-05-28 19:00:17.27894,,17.278940676,VR2AR-69,549924,8.793,
DEPTH,2026-05-28 19:00:00,2026-05-28 19:00:17.27894,,17.278940676,VR2AR-69,549924,13
ATTITUDE,2026-05-28 19:00:00,2026-05-28 19:00:17.27894,,17.278940676,VR2AR-69,549924,3
TEMP,2026-05-28 20:00:00,2026-05-28 20:00:17.316922,,17.316922051,VR2AR-69,549924,9.279,
DEPTH,2026-05-28 20:00:00,2026-05-28 20:00:17.316922,,17.316922051,VR2AR-69,549924,12
ATTITUDE,2026-05-28 20:00:00,2026-05-28 20:00:17.316922,,17.316922051,VR2AR-69,549924,2
TEMP,2026-05-28 21:00:00,2026-05-28 21:00:17.354903,,17.354903426,VR2AR-69,549924,9.279,
DEPTH,2026-05-28 21:00:00,2026-05-28 21:00:17.354903,,17.354903426,VR2AR-69,549924,13
ATTITUDE,2026-05-28 21:00:00,2026-05-28 21:00:17.354903,,17.354903426,VR2AR-69,549924,3
TEMP,2026-05-28 22:00:00,2026-05-28 22:00:17.392884,,17.392884800,VR2AR-69,549924,8.813,
DEPTH,2026-05-28 22:00:00,2026-05-28 22:00:17.392884,,17.392884800,VR2AR-69,549924,13
ATTITUDE,2026-05-28 22:00:00,2026-05-28 22:00:17.392884,,17.392884800,VR2AR-69,549924,3
TEMP,2026-05-28 23:00:00,2026-05-28 23:00:17.430866,,17.430866175,VR2AR-69,549924,8.449,
DEPTH,2026-05-28 23:00:00,2026-05-28 23:00:17.430866,,17.430866175,VR2AR-69,549924,14
ATTITUDE,2026-05-28 23:00:00,2026-05-28 23:00:17.430866,,17.430866175,VR2AR-69,549924,2
TEMP,2026-05-29 00:00:00,2026-05-29 00:00:17.468847,,17.468847550,VR2AR-69,549924,8.046,
DEPTH,2026-05-29 00:00:00,2026-05-29 00:00:17.468847,,17.468847550,VR2AR-69,549924,15
ATTITUDE,2026-05-29 00:00:00,2026-05-29 00:00:17.468847,,17.468847550,VR2AR-69,549924,3
TEMP,2026-05-29 01:00:00,2026-05-29 01:00:17.506828,,17.506828925,VR2AR-69,549924,7.744,
DEPTH,2026-05-29 01:00:00,2026-05-29 01:00:17.506828,,17.506828925,VR2AR-69,549924,15
ATTITUDE,2026-05-29 01:00:00,2026-05-29 01:00:17.506828,,17.506828925,VR2AR-69,549924,3
TEMP,2026-05-29 02:00:00,2026-05-29 02:00:17.54481,,17.544810299,VR2AR-69,549924,7.744,
DEPTH,2026-05-29 02:00:00,2026-05-29 02:00:17.54481,,17.544810299,VR2AR-69,549924,15
ATTITUDE,2026-05-29 02:00:00,2026-05-29 02:00:17.54481,,17.544810299,VR2AR-69,549924,3
TEMP,2026-05-29 03:00:00,2026-05-29 03:00:17.582791,,17.582791674,VR2AR-69,549924,8.046,
DEPTH,2026-05-29 03:00:00,2026-05-29 03:00:17.582791,,17.582791674,VR2AR-69,549924,15
ATTITUDE,2026-05-29 03:00:00,2026-05-29 03:00:17.582791,,17.582791674,VR2AR-69,549924,3
TEMP,2026-05-29 04:00:00,2026-05-29 04:00:17.620773,,17.620773049,VR2AR-69,549924,8.308,
DEPTH,2026-05-29 04:00:00,2026-05-29 04:00:17.620773,,17.620773049,VR2AR-69,549924,15
ATTITUDE,2026-05-29 04:00:00,2026-05-29 04:00:17.620773,,17.620773049,VR2AR-69,549924,3
TEMP,2026-05-29 05:00:00,2026-05-29 05:00:17.658754,,17.658754424,VR2AR-69,549924,8.591,
DEPTH,2026-05-29 05:00:00,2026-05-29 05:00:17.658754,,17.658754424,VR2AR-69,549924,14
ATTITUDE,2026-05-29 05:00:00,2026-05-29 05:00:17.658754,,17.658754424,VR2AR-69,549924,3
TEMP,2026-05-29 06:00:00,2026-05-29 06:00:17.696735,,17.696735798,VR2AR-69,549924,8.671,
DEPTH,2026-05-29 06:00:00,2026-05-29 06:00:17.696735,,17.696735798,VR2AR-69,549924,13
ATTITUDE,2026-05-29 06:00:00,2026-05-29 06:00:17.696735,,17.696735798,VR2AR-69,549924,3
TEMP,2026-05-29 07:00:00,2026-05-29 07:00:17.734717,,17.734717173,VR2AR-69,549924,8.712,
DEPTH,2026-05-29 07:00:00,2026-05-29 07:00:17.734717,,17.734717173,VR2AR-69,549924,12
ATTITUDE,2026-05-29 07:00:00,2026-05-29 07:00:17.734717,,17.734717173,VR2AR-69,549924,3
TEMP,2026-05-29 08:00:00,2026-05-29 08:00:17.772698,,17.772698548,VR2AR-69,549924,8.732,
DEPTH,2026-05-29 08:00:00,2026-05-29 08:00:17.772698,,17.772698548,VR2AR-69,549924,12
ATTITUDE,2026-05-29 08:00:00,2026-05-29 08:00:17.772698,,17.772698548,VR2AR-69,549924,3
TEMP,2026-05-29 09:00:00,2026-05-29 09:00:17.810679,,17.810679923,VR2AR-69,549924,8.692,
DEPTH,2026-05-29 09:00:00,2026-05-29 09:00:17.810679,,17.810679923,VR2AR-69,549924,12
ATTITUDE,2026-05-29 09:00:00,2026-05-29 09:00:17.810679,,17.810679923,VR2AR-69,549924,3
TEMP,2026-05-29 10:00:00,2026-05-29 10:00:17.848661,,17.848661297,VR2AR-69,549924,8.752,
DEPTH,2026-05-29 10:00:00,2026-05-29 10:00:17.848661,,17.848661297,VR2AR-69,549924,13
ATTITUDE,2026-05-29 10:00:00,2026-05-29 10:00:17.848661,,17.848661297,VR2AR-69,549924,3
TEMP,2026-05-29 11:00:00,2026-05-29 11:00:17.886642,,17.886642672,VR2AR-69,549924,8.712,
DEPTH,2026-05-29 11:00:00,2026-05-29 11:00:17.886642,,17.886642672,VR2AR-69,549924,13
ATTITUDE,2026-05-29 11:00:00,2026-05-29 11:00:17.886642,,17.886642672,VR2AR-69,549924,2
TEMP,2026-05-29 12:00:00,2026-05-29 12:00:17.924624,,17.924624047,VR2AR-69,549924,8.692,
DEPTH,2026-05-29 12:00:00,2026-05-29 12:00:17.924624,,17.924624047,VR2AR-69,549924,14
ATTITUDE,2026-05-29 12:00:00,2026-05-29 12:00:17.924624,,17.924624047,VR2AR-69,549924,3
TEMP,2026-05-29 13:00:00,2026-05-29 13:00:17.962605,,17.962605422,VR2AR-69,549924,8.53,
DEPTH,2026-05-29 13:00:00,2026-05-29 13:00:17.962605,,17.962605422,VR2AR-69,549924,14
ATTITUDE,2026-05-29 13:00:00,2026-05-29 13:00:17.962605,,17.962605422,VR2AR-69,549924,3
TEMP,2026-05-29 14:00:00,2026-05-29 14:00:18.000586,,18.000586797,VR2AR-69,549924,8.268,
DEPTH,2026-05-29 14:00:00,2026-05-29 14:00:18.000586,,18.000586797,VR2AR-69,549924,15
ATTITUDE,2026-05-29 14:00:00,2026-05-29 14:00:18.000586,,18.000586797,VR2AR-69,549924,3
TEMP,2026-05-29 15:00:00,2026-05-29 15:00:18.038568,,18.038568171,VR2AR-69,549924,8.49,
DEPTH,2026-05-29 15:00:00,2026-05-29 15:00:18.038568,,18.038568171,VR2AR-69,549924,15
ATTITUDE,2026-05-29 15:00:00,2026-05-29 15:00:18.038568,,18.038568171,VR2AR-69,549924,3
TEMP,2026-05-29 16:00:00,2026-05-29 16:00:18.076549,,18.076549546,VR2AR-69,549924,8.631,
DEPTH,2026-05-29 16:00:00,2026-05-29 16:00:18.076549,,18.076549546,VR2AR-69,549924,15
ATTITUDE,2026-05-29 16:00:00,2026-05-29 16:00:18.076549,,18.076549546,VR2AR-69,549924,2
TEMP,2026-05-29 17:00:00,2026-05-29 17:00:18.11453,,18.114530921,VR2AR-69,549924,8.49,
DEPTH,2026-05-29 17:00:00,2026-05-29 17:00:18.11453,,18.114530921,VR2AR-69,549924,14
ATTITUDE,2026-05-29 17:00:00,2026-05-29 17:00:18.11453,,18.114530921,VR2AR-69,549924,3
TEMP,2026-05-29 18:00:00,2026-05-29 18:00:18.152512,,18.152512296,VR2AR-69,549924,8.692,
DEPTH,2026-05-29 18:00:00,2026-05-29 18:00:18.152512,,18.152512296,VR2AR-69,549924,13
ATTITUDE,2026-05-29 18:00:00,2026-05-29 18:00:18.152512,,18.152512296,VR2AR-69,549924,3
TEMP,2026-05-29 19:00:00,2026-05-29 19:00:18.190493,,18.190493670,VR2AR-69,549924,8.813,
DEPTH,2026-05-29 19:00:00,2026-05-29 19:00:18.190493,,18.190493670,VR2AR-69,549924,13
ATTITUDE,2026-05-29 19:00:00,2026-05-29 19:00:18.190493,,18.190493670,VR2AR-69,549924,3
TEMP,2026-05-29 20:00:00,2026-05-29 20:00:18.228475,,18.228475045,VR2AR-69,549924,8.874,
DEPTH,2026-05-29 20:00:00,2026-05-29 20:00:18.228475,,18.228475045,VR2AR-69,549924,13
ATTITUDE,2026-05-29 20:00:00,2026-05-29 20:00:18.228475,,18.228475045,VR2AR-69,549924,3
TEMP,2026-05-29 21:00:00,2026-05-29 21:00:18.266456,,18.266456420,VR2AR-69,549924,8.934,
DEPTH,2026-05-29 21:00:00,2026-05-29 21:00:18.266456,,18.266456420,VR2AR-69,549924,13
ATTITUDE,2026-05-29 21:00:00,2026-05-29 21:00:18.266456,,18.266456420,VR2AR-69,549924,3
TEMP,2026-05-29 22:00:00,2026-05-29 22:00:18.304437,,18.304437795,VR2AR-69,549924,8.894,
DEPTH,2026-05-29 22:00:00,2026-05-29 22:00:18.304437,,18.304437795,VR2AR-69,549924,13
ATTITUDE,2026-05-29 22:00:00,2026-05-29 22:00:18.304437,,18.304437795,VR2AR-69,549924,3
TEMP,2026-05-29 23:00:00,2026-05-29 23:00:18.342419,,18.342419170,VR2AR-69,549924,8.975,
DEPTH,2026-05-29 23:00:00,2026-05-29 23:00:18.342419,,18.342419170,VR2AR-69,549924,13
ATTITUDE,2026-05-29 23:00:00,2026-05-29 23:00:18.342419,,18.342419170,VR2AR-69,549924,3
TEMP,2026-05-30 00:00:00,2026-05-30 00:00:18.3804,,18.380400544,VR2AR-69,549924,8.975,
DEPTH,2026-05-30 00:00:00,2026-05-30 00:00:18.3804,,18.380400544,VR2AR-69,549924,14
ATTITUDE,2026-05-30 00:00:00,2026-05-30 00:00:18.3804,,18.380400544,VR2AR-69,549924,2
TEMP,2026-05-30 01:00:00,2026-05-30 01:00:18.418381,,18.418381919,VR2AR-69,549924,8.975,
DEPTH,2026-05-30 01:00:00,2026-05-30 01:00:18.418381,,18.418381919,VR2AR-69,549924,15
ATTITUDE,2026-05-30 01:00:00,2026-05-30 01:00:18.418381,,18.418381919,VR2AR-69,549924,3
TEMP,2026-05-30 02:00:00,2026-05-30 02:00:18.456363,,18.456363294,VR2AR-69,549924,8.712,
DEPTH,2026-05-30 02:00:00,2026-05-30 02:00:18.456363,,18.456363294,VR2AR-69,549924,15
ATTITUDE,2026-05-30 02:00:00,2026-05-30 02:00:18.456363,,18.456363294,VR2AR-69,549924,3
TEMP,2026-05-30 03:00:00,2026-05-30 03:00:18.494344,,18.494344669,VR2AR-69,549924,8.853,
DEPTH,2026-05-30 03:00:00,2026-05-30 03:00:18.494344,,18.494344669,VR2AR-69,549924,15
ATTITUDE,2026-05-30 03:00:00,2026-05-30 03:00:18.494344,,18.494344669,VR2AR-69,549924,3
TEMP,2026-05-30 04:00:00,2026-05-30 04:00:18.532326,,18.532326043,VR2AR-69,549924,8.874,
DEPTH,2026-05-30 04:00:00,2026-05-30 04:00:18.532326,,18.532326043,VR2AR-69,549924,15
ATTITUDE,2026-05-30 04:00:00,2026-05-30 04:00:18.532326,,18.532326043,VR2AR-69,549924,3
TEMP,2026-05-30 05:00:00,2026-05-30 05:00:18.570307,,18.570307418,VR2AR-69,549924,8.955,
DEPTH,2026-05-30 05:00:00,2026-05-30 05:00:18.570307,,18.570307418,VR2AR-69,549924,14
ATTITUDE,2026-05-30 05:00:00,2026-05-30 05:00:18.570307,,18.570307418,VR2AR-69,549924,3
TEMP,2026-05-30 06:00:00,2026-05-30 06:00:18.608288,,18.608288793,VR2AR-69,549924,9.015,
DEPTH,2026-05-30 06:00:00,2026-05-30 06:00:18.608288,,18.608288793,VR2AR-69,549924,14
ATTITUDE,2026-05-30 06:00:00,2026-05-30 06:00:18.608288,,18.608288793,VR2AR-69,549924,3
TEMP,2026-05-30 07:00:00,2026-05-30 07:00:18.64627,,18.646270168,VR2AR-69,549924,9.056,
DEPTH,2026-05-30 07:00:00,2026-05-30 07:00:18.64627,,18.646270168,VR2AR-69,549924,13
ATTITUDE,2026-05-30 07:00:00,2026-05-30 07:00:18.64627,,18.646270168,VR2AR-69,549924,3
TEMP,2026-05-30 08:00:00,2026-05-30 08:00:18.684251,,18.684251542,VR2AR-69,549924,9.056,
DEPTH,2026-05-30 08:00:00,2026-05-30 08:00:18.684251,,18.684251542,VR2AR-69,549924,12
ATTITUDE,2026-05-30 08:00:00,2026-05-30 08:00:18.684251,,18.684251542,VR2AR-69,549924,3
TEMP,2026-05-30 09:00:00,2026-05-30 09:00:18.722232,,18.722232917,VR2AR-69,549924,9.117,
DEPTH,2026-05-30 09:00:00,2026-05-30 09:00:18.722232,,18.722232917,VR2AR-69,549924,12
ATTITUDE,2026-05-30 09:00:00,2026-05-30 09:00:18.722232,,18.722232917,VR2AR-69,549924,3
TEMP,2026-05-30 10:00:00,2026-05-30 10:00:18.760214,,18.760214292,VR2AR-69,549924,9.177,
DEPTH,2026-05-30 10:00:00,2026-05-30 10:00:18.760214,,18.760214292,VR2AR-69,549924,12
ATTITUDE,2026-05-30 10:00:00,2026-05-30 10:00:18.760214,,18.760214292,VR2AR-69,549924,3
TEMP,2026-05-30 11:00:00,2026-05-30 11:00:18.798195,,18.798195667,VR2AR-69,549924,9.117,
DEPTH,2026-05-30 11:00:00,2026-05-30 11:00:18.798195,,18.798195667,VR2AR-69,549924,13
ATTITUDE,2026-05-30 11:00:00,2026-05-30 11:00:18.798195,,18.798195667,VR2AR-69,549924,3
TEMP,2026-05-30 12:00:00,2026-05-30 12:00:18.836177,,18.836177041,VR2AR-69,549924,9.117,
DEPTH,2026-05-30 12:00:00,2026-05-30 12:00:18.836177,,18.836177041,VR2AR-69,549924,13
ATTITUDE,2026-05-30 12:00:00,2026-05-30 12:00:18.836177,,18.836177041,VR2AR-69,549924,3
TEMP,2026-05-30 13:00:00,2026-05-30 13:00:18.874158,,18.874158416,VR2AR-69,549924,8.894,
DEPTH,2026-05-30 13:00:00,2026-05-30 13:00:18.874158,,18.874158416,VR2AR-69,549924,14
ATTITUDE,2026-05-30 13:00:00,2026-05-30 13:00:18.874158,,18.874158416,VR2AR-69,549924,3
TEMP,2026-05-30 14:00:00,2026-05-30 14:00:18.912139,,18.912139791,VR2AR-69,549924,8.692,
DEPTH,2026-05-30 14:00:00,2026-05-30 14:00:18.912139,,18.912139791,VR2AR-69,549924,15
ATTITUDE,2026-05-30 14:00:00,2026-05-30 14:00:18.912139,,18.912139791,VR2AR-69,549924,3
TEMP,2026-05-30 15:00:00,2026-05-30 15:00:18.950121,,18.950121166,VR2AR-69,549924,8.874,
DEPTH,2026-05-30 15:00:00,2026-05-30 15:00:18.950121,,18.950121166,VR2AR-69,549924,15
ATTITUDE,2026-05-30 15:00:00,2026-05-30 15:00:18.950121,,18.950121166,VR2AR-69,549924,2
TEMP,2026-05-30 16:00:00,2026-05-30 16:00:18.988102,,18.988102541,VR2AR-69,549924,8.914,
DEPTH,2026-05-30 16:00:00,2026-05-30 16:00:18.988102,,18.988102541,VR2AR-69,549924,15
ATTITUDE,2026-05-30 16:00:00,2026-05-30 16:00:18.988102,,18.988102541,VR2AR-69,549924,3
TEMP,2026-05-30 17:00:00,2026-05-30 17:00:19.026083,,19.026083915,VR2AR-69,549924,8.894,
DEPTH,2026-05-30 17:00:00,2026-05-30 17:00:19.026083,,19.026083915,VR2AR-69,549924,14
ATTITUDE,2026-05-30 17:00:00,2026-05-30 17:00:19.026083,,19.026083915,VR2AR-69,549924,4
TEMP,2026-05-30 18:00:00,2026-05-30 18:00:19.064065,,19.064065290,VR2AR-69,549924,9.056,
DEPTH,2026-05-30 18:00:00,2026-05-30 18:00:19.064065,,19.064065290,VR2AR-69,549924,14
ATTITUDE,2026-05-30 18:00:00,2026-05-30 18:00:19.064065,,19.064065290,VR2AR-69,549924,3
TEMP,2026-05-30 19:00:00,2026-05-30 19:00:19.102046,,19.102046665,VR2AR-69,549924,9.096,
DEPTH,2026-05-30 19:00:00,2026-05-30 19:00:19.102046,,19.102046665,VR2AR-69,549924,13
ATTITUDE,2026-05-30 19:00:00,2026-05-30 19:00:19.102046,,19.102046665,VR2AR-69,549924,3
TEMP,2026-05-30 20:00:00,2026-05-30 20:00:19.140028,,19.140028040,VR2AR-69,549924,9.137,
DEPTH,2026-05-30 20:00:00,2026-05-30 20:00:19.140028,,19.140028040,VR2AR-69,549924,13
ATTITUDE,2026-05-30 20:00:00,2026-05-30 20:00:19.140028,,19.140028040,VR2AR-69,549924,3
TEMP,2026-05-30 21:00:00,2026-05-30 21:00:19.178009,,19.178009415,VR2AR-69,549924,9.157,
DEPTH,2026-05-30 21:00:00,2026-05-30 21:00:19.178009,,19.178009415,VR2AR-69,549924,12
ATTITUDE,2026-05-30 21:00:00,2026-05-30 21:00:19.178009,,19.178009415,VR2AR-69,549924,3
TEMP,2026-05-30 22:00:00,2026-05-30 22:00:19.21599,,19.215990789,VR2AR-69,549924,9.198,
DEPTH,2026-05-30 22:00:00,2026-05-30 22:00:19.21599,,19.215990789,VR2AR-69,549924,13
ATTITUDE,2026-05-30 22:00:00,2026-05-30 22:00:19.21599,,19.215990789,VR2AR-69,549924,3
TEMP,2026-05-30 23:00:00,2026-05-30 23:00:19.253972,,19.253972164,VR2AR-69,549924,9.198,
DEPTH,2026-05-30 23:00:00,2026-05-30 23:00:19.253972,,19.253972164,VR2AR-69,549924,13
ATTITUDE,2026-05-30 23:00:00,2026-05-30 23:00:19.253972,,19.253972164,VR2AR-69,549924,3
TEMP,2026-05-31 00:00:00,2026-05-31 00:00:19.291953,,19.291953539,VR2AR-69,549924,9.117,
DEPTH,2026-05-31 00:00:00,2026-05-31 00:00:19.291953,,19.291953539,VR2AR-69,549924,14
ATTITUDE,2026-05-31 00:00:00,2026-05-31 00:00:19.291953,,19.291953539,VR2AR-69,549924,2
TEMP,2026-05-31 01:00:00,2026-05-31 01:00:19.329934,,19.329934913,VR2AR-69,549924,9.096,
DEPTH,2026-05-31 01:00:00,2026-05-31 01:00:19.329934,,19.329934913,VR2AR-69,549924,14
ATTITUDE,2026-05-31 01:00:00,2026-05-31 01:00:19.329934,,19.329934913,VR2AR-69,549924,3
TEMP,2026-05-31 02:00:00,2026-05-31 02:00:19.367916,,19.367916288,VR2AR-69,549924,8.874,
DEPTH,2026-05-31 02:00:00,2026-05-31 02:00:19.367916,,19.367916288,VR2AR-69,549924,15
ATTITUDE,2026-05-31 02:00:00,2026-05-31 02:00:19.367916,,19.367916288,VR2AR-69,549924,3
TEMP,2026-05-31 03:00:00,2026-05-31 03:00:19.405897,,19.405897663,VR2AR-69,549924,8.752,
DEPTH,2026-05-31 03:00:00,2026-05-31 03:00:19.405897,,19.405897663,VR2AR-69,549924,15
ATTITUDE,2026-05-31 03:00:00,2026-05-31 03:00:19.405897,,19.405897663,VR2AR-69,549924,3
TEMP,2026-05-31 04:00:00,2026-05-31 04:00:19.443879,,19.443879038,VR2AR-69,549924,8.793,
DEPTH,2026-05-31 04:00:00,2026-05-31 04:00:19.443879,,19.443879038,VR2AR-69,549924,15
ATTITUDE,2026-05-31 04:00:00,2026-05-31 04:00:19.443879,,19.443879038,VR2AR-69,549924,3
TEMP,2026-05-31 05:00:00,2026-05-31 05:00:19.48186,,19.481860412,VR2AR-69,549924,8.874,
DEPTH,2026-05-31 05:00:00,2026-05-31 05:00:19.48186,,19.481860412,VR2AR-69,549924,15
ATTITUDE,2026-05-31 05:00:00,2026-05-31 05:00:19.48186,,19.481860412,VR2AR-69,549924,3
TEMP,2026-05-31 06:00:00,2026-05-31 06:00:19.519841,,19.519841787,VR2AR-69,549924,8.955,
DEPTH,2026-05-31 06:00:00,2026-05-31 06:00:19.519841,,19.519841787,VR2AR-69,549924,14
ATTITUDE,2026-05-31 06:00:00,2026-05-31 06:00:19.519841,,19.519841787,VR2AR-69,549924,3
TEMP,2026-05-31 07:00:00,2026-05-31 07:00:19.557823,,19.557823162,VR2AR-69,549924,9.056,
DEPTH,2026-05-31 07:00:00,2026-05-31 07:00:19.557823,,19.557823162,VR2AR-69,549924,13
ATTITUDE,2026-05-31 07:00:00,2026-05-31 07:00:19.557823,,19.557823162,VR2AR-69,549924,3
TEMP,2026-05-31 08:00:00,2026-05-31 08:00:19.595804,,19.595804537,VR2AR-69,549924,9.056,
DEPTH,2026-05-31 08:00:00,2026-05-31 08:00:19.595804,,19.595804537,VR2AR-69,549924,13
ATTITUDE,2026-05-31 08:00:00,2026-05-31 08:00:19.595804,,19.595804537,VR2AR-69,549924,3
TEMP,2026-05-31 09:00:00,2026-05-31 09:00:19.633785,,19.633785912,VR2AR-69,549924,9.036,
DEPTH,2026-05-31 09:00:00,2026-05-31 09:00:19.633785,,19.633785912,VR2AR-69,549924,12
ATTITUDE,2026-05-31 09:00:00,2026-05-31 09:00:19.633785,,19.633785912,VR2AR-69,549924,3
TEMP,2026-05-31 10:00:00,2026-05-31 10:00:19.671767,,19.671767286,VR2AR-69,549924,9.076,
DEPTH,2026-05-31 10:00:00,2026-05-31 10:00:19.671767,,19.671767286,VR2AR-69,549924,12
ATTITUDE,2026-05-31 10:00:00,2026-05-31 10:00:19.671767,,19.671767286,VR2AR-69,549924,3
TEMP,2026-05-31 11:00:00,2026-05-31 11:00:19.709748,,19.709748661,VR2AR-69,549924,9.036,
DEPTH,2026-05-31 11:00:00,2026-05-31 11:00:19.709748,,19.709748661,VR2AR-69,549924,12
ATTITUDE,2026-05-31 11:00:00,2026-05-31 11:00:19.709748,,19.709748661,VR2AR-69,549924,3
TEMP,2026-05-31 12:00:00,2026-05-31 12:00:19.74773,,19.747730036,VR2AR-69,549924,8.995,
DEPTH,2026-05-31 12:00:00,2026-05-31 12:00:19.74773,,19.747730036,VR2AR-69,549924,13
ATTITUDE,2026-05-31 12:00:00,2026-05-31 12:00:19.74773,,19.747730036,VR2AR-69,549924,3
TEMP,2026-05-31 13:00:00,2026-05-31 13:00:19.785711,,19.785711411,VR2AR-69,549924,9.036,
DEPTH,2026-05-31 13:00:00,2026-05-31 13:00:19.785711,,19.785711411,VR2AR-69,549924,14
ATTITUDE,2026-05-31 13:00:00,2026-05-31 13:00:19.785711,,19.785711411,VR2AR-69,549924,3
TEMP,2026-05-31 14:00:00,2026-05-31 14:00:19.823692,,19.823692786,VR2AR-69,549924,8.833,
DEPTH,2026-05-31 14:00:00,2026-05-31 14:00:19.823692,,19.823692786,VR2AR-69,549924,14
ATTITUDE,2026-05-31 14:00:00,2026-05-31 14:00:19.823692,,19.823692786,VR2AR-69,549924,3
TEMP,2026-05-31 15:00:00,2026-05-31 15:00:19.861674,,19.861674160,VR2AR-69,549924,8.449,
DEPTH,2026-05-31 15:00:00,2026-05-31 15:00:19.861674,,19.861674160,VR2AR-69,549924,15
ATTITUDE,2026-05-31 15:00:00,2026-05-31 15:00:19.861674,,19.861674160,VR2AR-69,549924,2
TEMP,2026-05-31 16:00:00,2026-05-31 16:00:19.899655,,19.899655535,VR2AR-69,549924,8.268,
DEPTH,2026-05-31 16:00:00,2026-05-31 16:00:19.899655,,19.899655535,VR2AR-69,549924,15
ATTITUDE,2026-05-31 16:00:00,2026-05-31 16:00:19.899655,,19.899655535,VR2AR-69,549924,2
TEMP,2026-05-31 17:00:00,2026-05-31 17:00:19.937636,,19.937636910,VR2AR-69,549924,8.328,
DEPTH,2026-05-31 17:00:00,2026-05-31 17:00:19.937636,,19.937636910,VR2AR-69,549924,15
ATTITUDE,2026-05-31 17:00:00,2026-05-31 17:00:19.937636,,19.937636910,VR2AR-69,549924,2
TEMP,2026-05-31 18:00:00,2026-05-31 18:00:19.975618,,19.975618285,VR2AR-69,549924,8.53,
DEPTH,2026-05-31 18:00:00,2026-05-31 18:00:19.975618,,19.975618285,VR2AR-69,549924,14
ATTITUDE,2026-05-31 18:00:00,2026-05-31 18:00:19.975618,,19.975618285,VR2AR-69,549924,3
TEMP,2026-05-31 19:00:00,2026-05-31 19:00:20.013599,,20.013599659,VR2AR-69,549924,8.894,
DEPTH,2026-05-31 19:00:00,2026-05-31 19:00:20.013599,,20.013599659,VR2AR-69,549924,14
ATTITUDE,2026-05-31 19:00:00,2026-05-31 19:00:20.013599,,20.013599659,VR2AR-69,549924,3
TEMP,2026-05-31 20:00:00,2026-05-31 20:00:20.051581,,20.051581034,VR2AR-69,549924,9.036,
DEPTH,2026-05-31 20:00:00,2026-05-31 20:00:20.051581,,20.051581034,VR2AR-69,549924,13
ATTITUDE,2026-05-31 20:00:00,2026-05-31 20:00:20.051581,,20.051581034,VR2AR-69,549924,3
TEMP,2026-05-31 21:00:00,2026-05-31 21:00:20.089562,,20.089562409,VR2AR-69,549924,9.076,
DEPTH,2026-05-31 21:00:00,2026-05-31 21:00:20.089562,,20.089562409,VR2AR-69,549924,13
ATTITUDE,2026-05-31 21:00:00,2026-05-31 21:00:20.089562,,20.089562409,VR2AR-69,549924,3
TEMP,2026-05-31 22:00:00,2026-05-31 22:00:20.127543,,20.127543784,VR2AR-69,549924,9.117,
DEPTH,2026-05-31 22:00:00,2026-05-31 22:00:20.127543,,20.127543784,VR2AR-69,549924,13
ATTITUDE,2026-05-31 22:00:00,2026-05-31 22:00:20.127543,,20.127543784,VR2AR-69,549924,2
TEMP,2026-05-31 23:00:00,2026-05-31 23:00:20.165525,,20.165525158,VR2AR-69,549924,9.096,
DEPTH,2026-05-31 23:00:00,2026-05-31 23:00:20.165525,,20.165525158,VR2AR-69,549924,13
ATTITUDE,2026-05-31 23:00:00,2026-05-31 23:00:20.165525,,20.165525158,VR2AR-69,549924,3
TEMP,2026-06-01 00:00:00,2026-06-01 00:00:20.203506,,20.203506533,VR2AR-69,549924,9.096,
DEPTH,2026-06-01 00:00:00,2026-06-01 00:00:20.203506,,20.203506533,VR2AR-69,549924,13
ATTITUDE,2026-06-01 00:00:00,2026-06-01 00:00:20.203506,,20.203506533,VR2AR-69,549924,3
TEMP,2026-06-01 01:00:00,2026-06-01 01:00:20.241487,,20.241487908,VR2AR-69,549924,9.137,
DEPTH,2026-06-01 01:00:00,2026-06-01 01:00:20.241487,,20.241487908,VR2AR-69,549924,14
ATTITUDE,2026-06-01 01:00:00,2026-06-01 01:00:20.241487,,20.241487908,VR2AR-69,549924,3
TEMP,2026-06-01 02:00:00,2026-06-01 02:00:20.279469,,20.279469283,VR2AR-69,549924,8.934,
DEPTH,2026-06-01 02:00:00,2026-06-01 02:00:20.279469,,20.279469283,VR2AR-69,549924,15
ATTITUDE,2026-06-01 02:00:00,2026-06-01 02:00:20.279469,,20.279469283,VR2AR-69,549924,3
TEMP,2026-06-01 03:00:00,2026-06-01 03:00:20.31745,,20.317450657,VR2AR-69,549924,8.671,
DEPTH,2026-06-01 03:00:00,2026-06-01 03:00:20.31745,,20.317450657,VR2AR-69,549924,15
ATTITUDE,2026-06-01 03:00:00,2026-06-01 03:00:20.31745,,20.317450657,VR2AR-69,549924,3
TEMP,2026-06-01 04:00:00,2026-06-01 04:00:20.355432,,20.355432032,VR2AR-69,549924,8.55,
DEPTH,2026-06-01 04:00:00,2026-06-01 04:00:20.355432,,20.355432032,VR2AR-69,549924,15
ATTITUDE,2026-06-01 04:00:00,2026-06-01 04:00:20.355432,,20.355432032,VR2AR-69,549924,3
TEMP,2026-06-01 05:00:00,2026-06-01 05:00:20.393413,,20.393413407,VR2AR-69,549924,8.712,
DEPTH,2026-06-01 05:00:00,2026-06-01 05:00:20.393413,,20.393413407,VR2AR-69,549924,15
ATTITUDE,2026-06-01 05:00:00,2026-06-01 05:00:20.393413,,20.393413407,VR2AR-69,549924,3
TEMP,2026-06-01 06:00:00,2026-06-01 06:00:20.431394,,20.431394782,VR2AR-69,549924,8.813,
DEPTH,2026-06-01 06:00:00,2026-06-01 06:00:20.431394,,20.431394782,VR2AR-69,549924,15
ATTITUDE,2026-06-01 06:00:00,2026-06-01 06:00:20.431394,,20.431394782,VR2AR-69,549924,2
TEMP,2026-06-01 07:00:00,2026-06-01 07:00:20.469376,,20.469376157,VR2AR-69,549924,8.934,
DEPTH,2026-06-01 07:00:00,2026-06-01 07:00:20.469376,,20.469376157,VR2AR-69,549924,14
ATTITUDE,2026-06-01 07:00:00,2026-06-01 07:00:20.469376,,20.469376157,VR2AR-69,549924,3
TEMP,2026-06-01 08:00:00,2026-06-01 08:00:20.507357,,20.507357531,VR2AR-69,549924,9.015,
DEPTH,2026-06-01 08:00:00,2026-06-01 08:00:20.507357,,20.507357531,VR2AR-69,549924,13
ATTITUDE,2026-06-01 08:00:00,2026-06-01 08:00:20.507357,,20.507357531,VR2AR-69,549924,2
TEMP,2026-06-01 09:00:00,2026-06-01 09:00:20.545338,,20.545338906,VR2AR-69,549924,9.015,
DEPTH,2026-06-01 09:00:00,2026-06-01 09:00:20.545338,,20.545338906,VR2AR-69,549924,12
ATTITUDE,2026-06-01 09:00:00,2026-06-01 09:00:20.545338,,20.545338906,VR2AR-69,549924,3
TEMP,2026-06-01 10:00:00,2026-06-01 10:00:20.58332,,20.583320281,VR2AR-69,549924,8.995,
DEPTH,2026-06-01 10:00:00,2026-06-01 10:00:20.58332,,20.583320281,VR2AR-69,549924,12
ATTITUDE,2026-06-01 10:00:00,2026-06-01 10:00:20.58332,,20.583320281,VR2AR-69,549924,3
TEMP,2026-06-01 11:00:00,2026-06-01 11:00:20.621301,,20.621301656,VR2AR-69,549924,9.015,
DEPTH,2026-06-01 11:00:00,2026-06-01 11:00:20.621301,,20.621301656,VR2AR-69,549924,12
ATTITUDE,2026-06-01 11:00:00,2026-06-01 11:00:20.621301,,20.621301656,VR2AR-69,549924,3
TEMP,2026-06-01 12:00:00,2026-06-01 12:00:20.659283,,20.659283031,VR2AR-69,549924,9.036,
DEPTH,2026-06-01 12:00:00,2026-06-01 12:00:20.659283,,20.659283031,VR2AR-69,549924,12
ATTITUDE,2026-06-01 12:00:00,2026-06-01 12:00:20.659283,,20.659283031,VR2AR-69,549924,3
TEMP,2026-06-01 13:00:00,2026-06-01 13:00:20.697264,,20.697264405,VR2AR-69,549924,9.076,
DEPTH,2026-06-01 13:00:00,2026-06-01 13:00:20.697264,,20.697264405,VR2AR-69,549924,13
ATTITUDE,2026-06-01 13:00:00,2026-06-01 13:00:20.697264,,20.697264405,VR2AR-69,549924,2
TEMP,2026-06-01 14:00:00,2026-06-01 14:00:20.735245,,20.735245780,VR2AR-69,549924,9.036,
DEPTH,2026-06-01 14:00:00,2026-06-01 14:00:20.735245,,20.735245780,VR2AR-69,549924,14
ATTITUDE,2026-06-01 14:00:00,2026-06-01 14:00:20.735245,,20.735245780,VR2AR-69,549924,2
TEMP,2026-06-01 15:00:00,2026-06-01 15:00:20.773227,,20.773227155,VR2AR-69,549924,8.813,
DEPTH,2026-06-01 15:00:00,2026-06-01 15:00:20.773227,,20.773227155,VR2AR-69,549924,14
ATTITUDE,2026-06-01 15:00:00,2026-06-01 15:00:20.773227,,20.773227155,VR2AR-69,549924,2
TEMP,2026-06-01 16:00:00,2026-06-01 16:00:20.811208,,20.811208530,VR2AR-69,549924,8.328,
DEPTH,2026-06-01 16:00:00,2026-06-01 16:00:20.811208,,20.811208530,VR2AR-69,549924,15
ATTITUDE,2026-06-01 16:00:00,2026-06-01 16:00:20.811208,,20.811208530,VR2AR-69,549924,2
TEMP,2026-06-01 17:00:00,2026-06-01 17:00:20.849189,,20.849189904,VR2AR-69,549924,8.429,
DEPTH,2026-06-01 17:00:00,2026-06-01 17:00:20.849189,,20.849189904,VR2AR-69,549924,15
ATTITUDE,2026-06-01 17:00:00,2026-06-01 17:00:20.849189,,20.849189904,VR2AR-69,549924,3
TEMP,2026-06-01 18:00:00,2026-06-01 18:00:20.887171,,20.887171279,VR2AR-69,549924,8.348,
DEPTH,2026-06-01 18:00:00,2026-06-01 18:00:20.887171,,20.887171279,VR2AR-69,549924,15
ATTITUDE,2026-06-01 18:00:00,2026-06-01 18:00:20.887171,,20.887171279,VR2AR-69,549924,3
TEMP,2026-06-01 19:00:00,2026-06-01 19:00:20.925152,,20.925152654,VR2AR-69,549924,8.692,
DEPTH,2026-06-01 19:00:00,2026-06-01 19:00:20.925152,,20.925152654,VR2AR-69,549924,14
ATTITUDE,2026-06-01 19:00:00,2026-06-01 19:00:20.925152,,20.925152654,VR2AR-69,549924,3
TEMP,2026-06-01 20:00:00,2026-06-01 20:00:20.963134,,20.963134029,VR2AR-69,549924,8.995,
DEPTH,2026-06-01 20:00:00,2026-06-01 20:00:20.963134,,20.963134029,VR2AR-69,549924,13
ATTITUDE,2026-06-01 20:00:00,2026-06-01 20:00:20.963134,,20.963134029,VR2AR-69,549924,3
TEMP,2026-06-01 21:00:00,2026-06-01 21:00:21.001115,,21.001115403,VR2AR-69,549924,9.137,
DEPTH,2026-06-01 21:00:00,2026-06-01 21:00:21.001115,,21.001115403,VR2AR-69,549924,13
ATTITUDE,2026-06-01 21:00:00,2026-06-01 21:00:21.001115,,21.001115403,VR2AR-69,549924,3
TEMP,2026-06-01 22:00:00,2026-06-01 22:00:21.039096,,21.039096778,VR2AR-69,549924,9.198,
DEPTH,2026-06-01 22:00:00,2026-06-01 22:00:21.039096,,21.039096778,VR2AR-69,549924,13
ATTITUDE,2026-06-01 22:00:00,2026-06-01 22:00:21.039096,,21.039096778,VR2AR-69,549924,3
TEMP,2026-06-01 23:00:00,2026-06-01 23:00:21.077078,,21.077078153,VR2AR-69,549924,9.299,
DEPTH,2026-06-01 23:00:00,2026-06-01 23:00:21.077078,,21.077078153,VR2AR-69,549924,13
ATTITUDE,2026-06-01 23:00:00,2026-06-01 23:00:21.077078,,21.077078153,VR2AR-69,549924,3
TEMP,2026-06-02 00:00:00,2026-06-02 00:00:21.115059,,21.115059528,VR2AR-69,549924,9.4,
DEPTH,2026-06-02 00:00:00,2026-06-02 00:00:21.115059,,21.115059528,VR2AR-69,549924,13
ATTITUDE,2026-06-02 00:00:00,2026-06-02 00:00:21.115059,,21.115059528,VR2AR-69,549924,2
TEMP,2026-06-02 01:00:00,2026-06-02 01:00:21.15304,,21.153040902,VR2AR-69,549924,9.421,
DEPTH,2026-06-02 01:00:00,2026-06-02 01:00:21.15304,,21.153040902,VR2AR-69,549924,13
ATTITUDE,2026-06-02 01:00:00,2026-06-02 01:00:21.15304,,21.153040902,VR2AR-69,549924,2
TEMP,2026-06-02 02:00:00,2026-06-02 02:00:21.191022,,21.191022277,VR2AR-69,549924,9.238,
DEPTH,2026-06-02 02:00:00,2026-06-02 02:00:21.191022,,21.191022277,VR2AR-69,549924,14
ATTITUDE,2026-06-02 02:00:00,2026-06-02 02:00:21.191022,,21.191022277,VR2AR-69,549924,3
TEMP,2026-06-02 03:00:00,2026-06-02 03:00:21.229003,,21.229003652,VR2AR-69,549924,9.036,
DEPTH,2026-06-02 03:00:00,2026-06-02 03:00:21.229003,,21.229003652,VR2AR-69,549924,15
ATTITUDE,2026-06-02 03:00:00,2026-06-02 03:00:21.229003,,21.229003652,VR2AR-69,549924,3
TEMP,2026-06-02 04:00:00,2026-06-02 04:00:21.266985,,21.266985027,VR2AR-69,549924,8.813,
DEPTH,2026-06-02 04:00:00,2026-06-02 04:00:21.266985,,21.266985027,VR2AR-69,549924,15
ATTITUDE,2026-06-02 04:00:00,2026-06-02 04:00:21.266985,,21.266985027,VR2AR-69,549924,3
TEMP,2026-06-02 05:00:00,2026-06-02 05:00:21.304966,,21.304966402,VR2AR-69,549924,8.773,
DEPTH,2026-06-02 05:00:00,2026-06-02 05:00:21.304966,,21.304966402,VR2AR-69,549924,15
ATTITUDE,2026-06-02 05:00:00,2026-06-02 05:00:21.304966,,21.304966402,VR2AR-69,549924,3
TEMP,2026-06-02 06:00:00,2026-06-02 06:00:21.342947,,21.342947776,VR2AR-69,549924,8.934,
DEPTH,2026-06-02 06:00:00,2026-06-02 06:00:21.342947,,21.342947776,VR2AR-69,549924,15
ATTITUDE,2026-06-02 06:00:00,2026-06-02 06:00:21.342947,,21.342947776,VR2AR-69,549924,2
TEMP,2026-06-02 07:00:00,2026-06-02 07:00:21.380929,,21.380929151,VR2AR-69,549924,9.056,
DEPTH,2026-06-02 07:00:00,2026-06-02 07:00:21.380929,,21.380929151,VR2AR-69,549924,14
ATTITUDE,2026-06-02 07:00:00,2026-06-02 07:00:21.380929,,21.380929151,VR2AR-69,549924,3
TEMP,2026-06-02 08:00:00,2026-06-02 08:00:21.41891,,21.418910526,VR2AR-69,549924,9.096,
DEPTH,2026-06-02 08:00:00,2026-06-02 08:00:21.41891,,21.418910526,VR2AR-69,549924,13
ATTITUDE,2026-06-02 08:00:00,2026-06-02 08:00:21.41891,,21.418910526,VR2AR-69,549924,3
TEMP,2026-06-02 09:00:00,2026-06-02 09:00:21.456891,,21.456891901,VR2AR-69,549924,9.157,
DEPTH,2026-06-02 09:00:00,2026-06-02 09:00:21.456891,,21.456891901,VR2AR-69,549924,13
ATTITUDE,2026-06-02 09:00:00,2026-06-02 09:00:21.456891,,21.456891901,VR2AR-69,549924,3
TEMP,2026-06-02 10:00:00,2026-06-02 10:00:21.494873,,21.494873275,VR2AR-69,549924,9.177,
DEPTH,2026-06-02 10:00:00,2026-06-02 10:00:21.494873,,21.494873275,VR2AR-69,549924,12
ATTITUDE,2026-06-02 10:00:00,2026-06-02 10:00:21.494873,,21.494873275,VR2AR-69,549924,2
TEMP,2026-06-02 11:00:00,2026-06-02 11:00:21.532854,,21.532854650,VR2AR-69,549924,9.198,
DEPTH,2026-06-02 11:00:00,2026-06-02 11:00:21.532854,,21.532854650,VR2AR-69,549924,12
ATTITUDE,2026-06-02 11:00:00,2026-06-02 11:00:21.532854,,21.532854650,VR2AR-69,549924,2
TEMP,2026-06-02 12:00:00,2026-06-02 12:00:21.570836,,21.570836025,VR2AR-69,549924,9.238,
DEPTH,2026-06-02 12:00:00,2026-06-02 12:00:21.570836,,21.570836025,VR2AR-69,549924,12
ATTITUDE,2026-06-02 12:00:00,2026-06-02 12:00:21.570836,,21.570836025,VR2AR-69,549924,2
TEMP,2026-06-02 13:00:00,2026-06-02 13:00:21.608817,,21.608817400,VR2AR-69,549924,9.299,
DEPTH,2026-06-02 13:00:00,2026-06-02 13:00:21.608817,,21.608817400,VR2AR-69,549924,13
ATTITUDE,2026-06-02 13:00:00,2026-06-02 13:00:21.608817,,21.608817400,VR2AR-69,549924,3
TEMP,2026-06-02 14:00:00,2026-06-02 14:00:21.646798,,21.646798774,VR2AR-69,549924,9.279,
DEPTH,2026-06-02 14:00:00,2026-06-02 14:00:21.646798,,21.646798774,VR2AR-69,549924,13
ATTITUDE,2026-06-02 14:00:00,2026-06-02 14:00:21.646798,,21.646798774,VR2AR-69,549924,3
TEMP,2026-06-02 15:00:00,2026-06-02 15:00:21.68478,,21.684780149,VR2AR-69,549924,9.218,
DEPTH,2026-06-02 15:00:00,2026-06-02 15:00:21.68478,,21.684780149,VR2AR-69,549924,14
ATTITUDE,2026-06-02 15:00:00,2026-06-02 15:00:21.68478,,21.684780149,VR2AR-69,549924,2
TEMP,2026-06-02 16:00:00,2026-06-02 16:00:21.722761,,21.722761524,VR2AR-69,549924,8.975,
DEPTH,2026-06-02 16:00:00,2026-06-02 16:00:21.722761,,21.722761524,VR2AR-69,549924,14
ATTITUDE,2026-06-02 16:00:00,2026-06-02 16:00:21.722761,,21.722761524,VR2AR-69,549924,3
TEMP,2026-06-02 17:00:00,2026-06-02 17:00:21.760742,,21.760742899,VR2AR-69,549924,8.611,
DEPTH,2026-06-02 17:00:00,2026-06-02 17:00:21.760742,,21.760742899,VR2AR-69,549924,15
ATTITUDE,2026-06-02 17:00:00,2026-06-02 17:00:21.760742,,21.760742899,VR2AR-69,549924,2
TEMP,2026-06-02 18:00:00,2026-06-02 18:00:21.798724,,21.798724273,VR2AR-69,549924,8.752,
DEPTH,2026-06-02 18:00:00,2026-06-02 18:00:21.798724,,21.798724273,VR2AR-69,549924,15
ATTITUDE,2026-06-02 18:00:00,2026-06-02 18:00:21.798724,,21.798724273,VR2AR-69,549924,3
TEMP,2026-06-02 19:00:00,2026-06-02 19:00:21.836705,,21.836705648,VR2AR-69,549924,8.773,
DEPTH,2026-06-02 19:00:00,2026-06-02 19:00:21.836705,,21.836705648,VR2AR-69,549924,14
ATTITUDE,2026-06-02 19:00:00,2026-06-02 19:00:21.836705,,21.836705648,VR2AR-69,549924,3
TEMP,2026-06-02 20:00:00,2026-06-02 20:00:21.874687,,21.874687023,VR2AR-69,549924,8.995,
DEPTH,2026-06-02 20:00:00,2026-06-02 20:00:21.874687,,21.874687023,VR2AR-69,549924,14
ATTITUDE,2026-06-02 20:00:00,2026-06-02 20:00:21.874687,,21.874687023,VR2AR-69,549924,3
TEMP,2026-06-02 21:00:00,2026-06-02 21:00:21.912668,,21.912668398,VR2AR-69,549924,9.258,
DEPTH,2026-06-02 21:00:00,2026-06-02 21:00:21.912668,,21.912668398,VR2AR-69,549924,13
ATTITUDE,2026-06-02 21:00:00,2026-06-02 21:00:21.912668,,21.912668398,VR2AR-69,549924,2
TEMP,2026-06-02 22:00:00,2026-06-02 22:00:21.950649,,21.950649773,VR2AR-69,549924,9.319,
DEPTH,2026-06-02 22:00:00,2026-06-02 22:00:21.950649,,21.950649773,VR2AR-69,549924,13
ATTITUDE,2026-06-02 22:00:00,2026-06-02 22:00:21.950649,,21.950649773,VR2AR-69,549924,3
TEMP,2026-06-02 23:00:00,2026-06-02 23:00:21.988631,,21.988631147,VR2AR-69,549924,9.441,
DEPTH,2026-06-02 23:00:00,2026-06-02 23:00:21.988631,,21.988631147,VR2AR-69,549924,13
ATTITUDE,2026-06-02 23:00:00,2026-06-02 23:00:21.988631,,21.988631147,VR2AR-69,549924,3
TEMP,2026-06-03 00:00:00,2026-06-03 00:00:22.026612,,22.026612522,VR2AR-69,549924,9.502,
DEPTH,2026-06-03 00:00:00,2026-06-03 00:00:22.026612,,22.026612522,VR2AR-69,549924,13
ATTITUDE,2026-06-03 00:00:00,2026-06-03 00:00:22.026612,,22.026612522,VR2AR-69,549924,2
TEMP,2026-06-03 01:00:00,2026-06-03 01:00:22.064593,,22.064593897,VR2AR-69,549924,9.441,
DEPTH,2026-06-03 01:00:00,2026-06-03 01:00:22.064593,,22.064593897,VR2AR-69,549924,13
ATTITUDE,2026-06-03 01:00:00,2026-06-03 01:00:22.064593,,22.064593897,VR2AR-69,549924,3
TEMP,2026-06-03 02:00:00,2026-06-03 02:00:22.102575,,22.102575272,VR2AR-69,549924,9.481,
DEPTH,2026-06-03 02:00:00,2026-06-03 02:00:22.102575,,22.102575272,VR2AR-69,549924,14
ATTITUDE,2026-06-03 02:00:00,2026-06-03 02:00:22.102575,,22.102575272,VR2AR-69,549924,3
TEMP,2026-06-03 03:00:00,2026-06-03 03:00:22.140556,,22.140556646,VR2AR-69,549924,9.238,
DEPTH,2026-06-03 03:00:00,2026-06-03 03:00:22.140556,,22.140556646,VR2AR-69,549924,14
ATTITUDE,2026-06-03 03:00:00,2026-06-03 03:00:22.140556,,22.140556646,VR2AR-69,549924,3
TEMP,2026-06-03 04:00:00,2026-06-03 04:00:22.178538,,22.178538021,VR2AR-69,549924,8.591,
DEPTH,2026-06-03 04:00:00,2026-06-03 04:00:22.178538,,22.178538021,VR2AR-69,549924,15
ATTITUDE,2026-06-03 04:00:00,2026-06-03 04:00:22.178538,,22.178538021,VR2AR-69,549924,3
TEMP,2026-06-03 05:00:00,2026-06-03 05:00:22.216519,,22.216519396,VR2AR-69,549924,8.449,
DEPTH,2026-06-03 05:00:00,2026-06-03 05:00:22.216519,,22.216519396,VR2AR-69,549924,15
ATTITUDE,2026-06-03 05:00:00,2026-06-03 05:00:22.216519,,22.216519396,VR2AR-69,549924,3
TEMP,2026-06-03 06:00:00,2026-06-03 06:00:22.2545,,22.254500771,VR2AR-69,549924,8.51,
DEPTH,2026-06-03 06:00:00,2026-06-03 06:00:22.2545,,22.254500771,VR2AR-69,549924,15
ATTITUDE,2026-06-03 06:00:00,2026-06-03 06:00:22.2545,,22.254500771,VR2AR-69,549924,3
TEMP,2026-06-03 07:00:00,2026-06-03 07:00:22.292482,,22.292482146,VR2AR-69,549924,8.773,
DEPTH,2026-06-03 07:00:00,2026-06-03 07:00:22.292482,,22.292482146,VR2AR-69,549924,15
ATTITUDE,2026-06-03 07:00:00,2026-06-03 07:00:22.292482,,22.292482146,VR2AR-69,549924,4
TEMP,2026-06-03 08:00:00,2026-06-03 08:00:22.330463,,22.330463520,VR2AR-69,549924,9.096,
DEPTH,2026-06-03 08:00:00,2026-06-03 08:00:22.330463,,22.330463520,VR2AR-69,549924,14
ATTITUDE,2026-06-03 08:00:00,2026-06-03 08:00:22.330463,,22.330463520,VR2AR-69,549924,3
TEMP,2026-06-03 09:00:00,2026-06-03 09:00:22.368444,,22.368444895,VR2AR-69,549924,9.198,
DEPTH,2026-06-03 09:00:00,2026-06-03 09:00:22.368444,,22.368444895,VR2AR-69,549924,13
ATTITUDE,2026-06-03 09:00:00,2026-06-03 09:00:22.368444,,22.368444895,VR2AR-69,549924,3
TEMP,2026-06-03 10:00:00,2026-06-03 10:00:22.406426,,22.406426270,VR2AR-69,549924,9.238,
DEPTH,2026-06-03 10:00:00,2026-06-03 10:00:22.406426,,22.406426270,VR2AR-69,549924,13
ATTITUDE,2026-06-03 10:00:00,2026-06-03 10:00:22.406426,,22.406426270,VR2AR-69,549924,3
TEMP,2026-06-03 11:00:00,2026-06-03 11:00:22.444407,,22.444407645,VR2AR-69,549924,9.319,
DEPTH,2026-06-03 11:00:00,2026-06-03 11:00:22.444407,,22.444407645,VR2AR-69,549924,12
ATTITUDE,2026-06-03 11:00:00,2026-06-03 11:00:22.444407,,22.444407645,VR2AR-69,549924,2
TEMP,2026-06-03 12:00:00,2026-06-03 12:00:22.482389,,22.482389019,VR2AR-69,549924,9.38,
DEPTH,2026-06-03 12:00:00,2026-06-03 12:00:22.482389,,22.482389019,VR2AR-69,549924,12
ATTITUDE,2026-06-03 12:00:00,2026-06-03 12:00:22.482389,,22.482389019,VR2AR-69,549924,3
TEMP,2026-06-03 13:00:00,2026-06-03 13:00:22.52037,,22.520370394,VR2AR-69,549924,9.441,
DEPTH,2026-06-03 13:00:00,2026-06-03 13:00:22.52037,,22.520370394,VR2AR-69,549924,12
ATTITUDE,2026-06-03 13:00:00,2026-06-03 13:00:22.52037,,22.520370394,VR2AR-69,549924,3
TEMP,2026-06-03 14:00:00,2026-06-03 14:00:22.558351,,22.558351769,VR2AR-69,549924,9.4,
DEPTH,2026-06-03 14:00:00,2026-06-03 14:00:22.558351,,22.558351769,VR2AR-69,549924,13
ATTITUDE,2026-06-03 14:00:00,2026-06-03 14:00:22.558351,,22.558351769,VR2AR-69,549924,3
TEMP,2026-06-03 15:00:00,2026-06-03 15:00:22.596333,,22.596333144,VR2AR-69,549924,9.157,
DEPTH,2026-06-03 15:00:00,2026-06-03 15:00:22.596333,,22.596333144,VR2AR-69,549924,14
ATTITUDE,2026-06-03 15:00:00,2026-06-03 15:00:22.596333,,22.596333144,VR2AR-69,549924,3
TEMP,2026-06-03 16:00:00,2026-06-03 16:00:22.634314,,22.634314518,VR2AR-69,549924,8.631,
DEPTH,2026-06-03 16:00:00,2026-06-03 16:00:22.634314,,22.634314518,VR2AR-69,549924,14
ATTITUDE,2026-06-03 16:00:00,2026-06-03 16:00:22.634314,,22.634314518,VR2AR-69,549924,3
TEMP,2026-06-03 17:00:00,2026-06-03 17:00:22.672295,,22.672295893,VR2AR-69,549924,8.49,
DEPTH,2026-06-03 17:00:00,2026-06-03 17:00:22.672295,,22.672295893,VR2AR-69,549924,15
ATTITUDE,2026-06-03 17:00:00,2026-06-03 17:00:22.672295,,22.672295893,VR2AR-69,549924,3
TEMP,2026-06-03 18:00:00,2026-06-03 18:00:22.710277,,22.710277268,VR2AR-69,549924,8.308,
DEPTH,2026-06-03 18:00:00,2026-06-03 18:00:22.710277,,22.710277268,VR2AR-69,549924,15
ATTITUDE,2026-06-03 18:00:00,2026-06-03 18:00:22.710277,,22.710277268,VR2AR-69,549924,3
TEMP,2026-06-03 19:00:00,2026-06-03 19:00:22.748258,,22.748258643,VR2AR-69,549924,8.51,
DEPTH,2026-06-03 19:00:00,2026-06-03 19:00:22.748258,,22.748258643,VR2AR-69,549924,15
ATTITUDE,2026-06-03 19:00:00,2026-06-03 19:00:22.748258,,22.748258643,VR2AR-69,549924,3
TEMP,2026-06-03 20:00:00,2026-06-03 20:00:22.78624,,22.786240017,VR2AR-69,549924,8.631,
DEPTH,2026-06-03 20:00:00,2026-06-03 20:00:22.78624,,22.786240017,VR2AR-69,549924,14
ATTITUDE,2026-06-03 20:00:00,2026-06-03 20:00:22.78624,,22.786240017,VR2AR-69,549924,3
TEMP,2026-06-03 21:00:00,2026-06-03 21:00:22.824221,,22.824221392,VR2AR-69,549924,8.995,
DEPTH,2026-06-03 21:00:00,2026-06-03 21:00:22.824221,,22.824221392,VR2AR-69,549924,14
ATTITUDE,2026-06-03 21:00:00,2026-06-03 21:00:22.824221,,22.824221392,VR2AR-69,549924,3
TEMP,2026-06-03 22:00:00,2026-06-03 22:00:22.862202,,22.862202767,VR2AR-69,549924,9.177,
DEPTH,2026-06-03 22:00:00,2026-06-03 22:00:22.862202,,22.862202767,VR2AR-69,549924,13
ATTITUDE,2026-06-03 22:00:00,2026-06-03 22:00:22.862202,,22.862202767,VR2AR-69,549924,3
TEMP,2026-06-03 23:00:00,2026-06-03 23:00:22.900184,,22.900184142,VR2AR-69,549924,9.319,
DEPTH,2026-06-03 23:00:00,2026-06-03 23:00:22.900184,,22.900184142,VR2AR-69,549924,13
ATTITUDE,2026-06-03 23:00:00,2026-06-03 23:00:22.900184,,22.900184142,VR2AR-69,549924,3
TEMP,2026-06-04 00:00:00,2026-06-04 00:00:22.938165,,22.938165517,VR2AR-69,549924,9.461,
DEPTH,2026-06-04 00:00:00,2026-06-04 00:00:22.938165,,22.938165517,VR2AR-69,549924,13
ATTITUDE,2026-06-04 00:00:00,2026-06-04 00:00:22.938165,,22.938165517,VR2AR-69,549924,3
TEMP,2026-06-04 01:00:00,2026-06-04 01:00:22.976146,,22.976146891,VR2AR-69,549924,9.38,
DEPTH,2026-06-04 01:00:00,2026-06-04 01:00:22.976146,,22.976146891,VR2AR-69,549924,13
ATTITUDE,2026-06-04 01:00:00,2026-06-04 01:00:22.976146,,22.976146891,VR2AR-69,549924,3
TEMP,2026-06-04 02:00:00,2026-06-04 02:00:23.014128,,23.014128266,VR2AR-69,549924,9.542,
DEPTH,2026-06-04 02:00:00,2026-06-04 02:00:23.014128,,23.014128266,VR2AR-69,549924,13
ATTITUDE,2026-06-04 02:00:00,2026-06-04 02:00:23.014128,,23.014128266,VR2AR-69,549924,3
TEMP,2026-06-04 03:00:00,2026-06-04 03:00:23.052109,,23.052109641,VR2AR-69,549924,9.36,
DEPTH,2026-06-04 03:00:00,2026-06-04 03:00:23.052109,,23.052109641,VR2AR-69,549924,14
ATTITUDE,2026-06-04 03:00:00,2026-06-04 03:00:23.052109,,23.052109641,VR2AR-69,549924,3
TEMP,2026-06-04 04:00:00,2026-06-04 04:00:23.090091,,23.090091016,VR2AR-69,549924,9.096,
DEPTH,2026-06-04 04:00:00,2026-06-04 04:00:23.090091,,23.090091016,VR2AR-69,549924,15
ATTITUDE,2026-06-04 04:00:00,2026-06-04 04:00:23.090091,,23.090091016,VR2AR-69,549924,3
TEMP,2026-06-04 05:00:00,2026-06-04 05:00:23.128072,,23.128072390,VR2AR-69,549924,8.833,
DEPTH,2026-06-04 05:00:00,2026-06-04 05:00:23.128072,,23.128072390,VR2AR-69,549924,15
ATTITUDE,2026-06-04 05:00:00,2026-06-04 05:00:23.128072,,23.128072390,VR2AR-69,549924,2
TEMP,2026-06-04 06:00:00,2026-06-04 06:00:23.166053,,23.166053765,VR2AR-69,549924,8.732,
DEPTH,2026-06-04 06:00:00,2026-06-04 06:00:23.166053,,23.166053765,VR2AR-69,549924,15
ATTITUDE,2026-06-04 06:00:00,2026-06-04 06:00:23.166053,,23.166053765,VR2AR-69,549924,3
TEMP,2026-06-04 07:00:00,2026-06-04 07:00:23.204035,,23.204035140,VR2AR-69,549924,8.874,
DEPTH,2026-06-04 07:00:00,2026-06-04 07:00:23.204035,,23.204035140,VR2AR-69,549924,15
ATTITUDE,2026-06-04 07:00:00,2026-06-04 07:00:23.204035,,23.204035140,VR2AR-69,549924,3
TEMP,2026-06-04 08:00:00,2026-06-04 08:00:23.242016,,23.242016515,VR2AR-69,549924,9.076,
DEPTH,2026-06-04 08:00:00,2026-06-04 08:00:23.242016,,23.242016515,VR2AR-69,549924,14
ATTITUDE,2026-06-04 08:00:00,2026-06-04 08:00:23.242016,,23.242016515,VR2AR-69,549924,3
TEMP,2026-06-04 09:00:00,2026-06-04 09:00:23.279997,,23.279997889,VR2AR-69,549924,9.279,
DEPTH,2026-06-04 09:00:00,2026-06-04 09:00:23.279997,,23.279997889,VR2AR-69,549924,14
ATTITUDE,2026-06-04 09:00:00,2026-06-04 09:00:23.279997,,23.279997889,VR2AR-69,549924,3
TEMP,2026-06-04 10:00:00,2026-06-04 10:00:23.317979,,23.317979265,VR2AR-69,549924,9.299,
DEPTH,2026-06-04 10:00:00,2026-06-04 10:00:23.317979,,23.317979265,VR2AR-69,549924,13
ATTITUDE,2026-06-04 10:00:00,2026-06-04 10:00:23.317979,,23.317979265,VR2AR-69,549924,3
TEMP,2026-06-04 11:00:00,2026-06-04 11:00:23.35596,,23.355960639,VR2AR-69,549924,9.339,
DEPTH,2026-06-04 11:00:00,2026-06-04 11:00:23.35596,,23.355960639,VR2AR-69,549924,12
ATTITUDE,2026-06-04 11:00:00,2026-06-04 11:00:23.35596,,23.355960639,VR2AR-69,549924,3
TEMP,2026-06-04 12:00:00,2026-06-04 12:00:23.393942,,23.393942014,VR2AR-69,549924,9.4,
DEPTH,2026-06-04 12:00:00,2026-06-04 12:00:23.393942,,23.393942014,VR2AR-69,549924,12
ATTITUDE,2026-06-04 12:00:00,2026-06-04 12:00:23.393942,,23.393942014,VR2AR-69,549924,3
TEMP,2026-06-04 13:00:00,2026-06-04 13:00:23.431923,,23.431923388,VR2AR-69,549924,9.542,
DEPTH,2026-06-04 13:00:00,2026-06-04 13:00:23.431923,,23.431923388,VR2AR-69,549924,12
ATTITUDE,2026-06-04 13:00:00,2026-06-04 13:00:23.431923,,23.431923388,VR2AR-69,549924,3
TEMP,2026-06-04 14:00:00,2026-06-04 14:00:23.469904,,23.469904764,VR2AR-69,549924,9.522,
DEPTH,2026-06-04 14:00:00,2026-06-04 14:00:23.469904,,23.469904764,VR2AR-69,549924,13
ATTITUDE,2026-06-04 14:00:00,2026-06-04 14:00:23.469904,,23.469904764,VR2AR-69,549924,2
TEMP,2026-06-04 15:00:00,2026-06-04 15:00:23.507886,,23.507886138,VR2AR-69,549924,9.583,
DEPTH,2026-06-04 15:00:00,2026-06-04 15:00:23.507886,,23.507886138,VR2AR-69,549924,13
ATTITUDE,2026-06-04 15:00:00,2026-06-04 15:00:23.507886,,23.507886138,VR2AR-69,549924,3
TEMP,2026-06-04 16:00:00,2026-06-04 16:00:23.545867,,23.545867513,VR2AR-69,549924,9.502,
DEPTH,2026-06-04 16:00:00,2026-06-04 16:00:23.545867,,23.545867513,VR2AR-69,549924,14
ATTITUDE,2026-06-04 16:00:00,2026-06-04 16:00:23.545867,,23.545867513,VR2AR-69,549924,3
TEMP,2026-06-04 17:00:00,2026-06-04 17:00:23.583848,,23.583848888,VR2AR-69,549924,9.117,
DEPTH,2026-06-04 17:00:00,2026-06-04 17:00:23.583848,,23.583848888,VR2AR-69,549924,14
ATTITUDE,2026-06-04 17:00:00,2026-06-04 17:00:23.583848,,23.583848888,VR2AR-69,549924,3
TEMP,2026-06-04 18:00:00,2026-06-04 18:00:23.62183,,23.621830262,VR2AR-69,549924,8.914,
DEPTH,2026-06-04 18:00:00,2026-06-04 18:00:23.62183,,23.621830262,VR2AR-69,549924,15
ATTITUDE,2026-06-04 18:00:00,2026-06-04 18:00:23.62183,,23.621830262,VR2AR-69,549924,3
TEMP,2026-06-04 19:00:00,2026-06-04 19:00:23.659811,,23.659811637,VR2AR-69,549924,9.076,
DEPTH,2026-06-04 19:00:00,2026-06-04 19:00:23.659811,,23.659811637,VR2AR-69,549924,15
ATTITUDE,2026-06-04 19:00:00,2026-06-04 19:00:23.659811,,23.659811637,VR2AR-69,549924,3
TEMP,2026-06-04 20:00:00,2026-06-04 20:00:23.697793,,23.697793012,VR2AR-69,549924,9.056,
DEPTH,2026-06-04 20:00:00,2026-06-04 20:00:23.697793,,23.697793012,VR2AR-69,549924,14
ATTITUDE,2026-06-04 20:00:00,2026-06-04 20:00:23.697793,,23.697793012,VR2AR-69,549924,2
TEMP,2026-06-04 21:00:00,2026-06-04 21:00:23.735774,,23.735774387,VR2AR-69,549924,9.117,
DEPTH,2026-06-04 21:00:00,2026-06-04 21:00:23.735774,,23.735774387,VR2AR-69,549924,14
ATTITUDE,2026-06-04 21:00:00,2026-06-04 21:00:23.735774,,23.735774387,VR2AR-69,549924,3
TEMP,2026-06-04 22:00:00,2026-06-04 22:00:23.773755,,23.773755761,VR2AR-69,549924,9.441,
DEPTH,2026-06-04 22:00:00,2026-06-04 22:00:23.773755,,23.773755761,VR2AR-69,549924,13
ATTITUDE,2026-06-04 22:00:00,2026-06-04 22:00:23.773755,,23.773755761,VR2AR-69,549924,3
TEMP,2026-06-04 23:00:00,2026-06-04 23:00:23.811737,,23.811737136,VR2AR-69,549924,9.542,
DEPTH,2026-06-04 23:00:00,2026-06-04 23:00:23.811737,,23.811737136,VR2AR-69,549924,13
ATTITUDE,2026-06-04 23:00:00,2026-06-04 23:00:23.811737,,23.811737136,VR2AR-69,549924,3
TEMP,2026-06-05 00:00:00,2026-06-05 00:00:23.849718,,23.849718511,VR2AR-69,549924,9.725,
DEPTH,2026-06-05 00:00:00,2026-06-05 00:00:23.849718,,23.849718511,VR2AR-69,549924,13
ATTITUDE,2026-06-05 00:00:00,2026-06-05 00:00:23.849718,,23.849718511,VR2AR-69,549924,2
TEMP,2026-06-05 01:00:00,2026-06-05 01:00:23.887699,,23.887699886,VR2AR-69,549924,9.725,
DEPTH,2026-06-05 01:00:00,2026-06-05 01:00:23.887699,,23.887699886,VR2AR-69,549924,13
ATTITUDE,2026-06-05 01:00:00,2026-06-05 01:00:23.887699,,23.887699886,VR2AR-69,549924,3
TEMP,2026-06-05 02:00:00,2026-06-05 02:00:23.925681,,23.925681260,VR2AR-69,549924,9.786,
DEPTH,2026-06-05 02:00:00,2026-06-05 02:00:23.925681,,23.925681260,VR2AR-69,549924,13
ATTITUDE,2026-06-05 02:00:00,2026-06-05 02:00:23.925681,,23.925681260,VR2AR-69,549924,2
TEMP,2026-06-05 03:00:00,2026-06-05 03:00:23.963662,,23.963662636,VR2AR-69,549924,9.664,
DEPTH,2026-06-05 03:00:00,2026-06-05 03:00:23.963662,,23.963662636,VR2AR-69,549924,13
ATTITUDE,2026-06-05 03:00:00,2026-06-05 03:00:23.963662,,23.963662636,VR2AR-69,549924,3
TEMP,2026-06-05 04:00:00,2026-06-05 04:00:24.001644,,24.001644010,VR2AR-69,549924,9.684,
DEPTH,2026-06-05 04:00:00,2026-06-05 04:00:24.001644,,24.001644010,VR2AR-69,549924,14
ATTITUDE,2026-06-05 04:00:00,2026-06-05 04:00:24.001644,,24.001644010,VR2AR-69,549924,4
TEMP,2026-06-05 05:00:00,2026-06-05 05:00:24.039625,,24.039625385,VR2AR-69,549924,9.177,
DEPTH,2026-06-05 05:00:00,2026-06-05 05:00:24.039625,,24.039625385,VR2AR-69,549924,15
ATTITUDE,2026-06-05 05:00:00,2026-06-05 05:00:24.039625,,24.039625385,VR2AR-69,549924,3
TEMP,2026-06-05 06:00:00,2026-06-05 06:00:24.077606,,24.077606759,VR2AR-69,549924,9.036,
DEPTH,2026-06-05 06:00:00,2026-06-05 06:00:24.077606,,24.077606759,VR2AR-69,549924,15
ATTITUDE,2026-06-05 06:00:00,2026-06-05 06:00:24.077606,,24.077606759,VR2AR-69,549924,3
TEMP,2026-06-05 07:00:00,2026-06-05 07:00:24.115588,,24.115588135,VR2AR-69,549924,8.934,
DEPTH,2026-06-05 07:00:00,2026-06-05 07:00:24.115588,,24.115588135,VR2AR-69,549924,15
ATTITUDE,2026-06-05 07:00:00,2026-06-05 07:00:24.115588,,24.115588135,VR2AR-69,549924,3
TEMP,2026-06-05 08:00:00,2026-06-05 08:00:24.153569,,24.153569509,VR2AR-69,549924,9.177,
DEPTH,2026-06-05 08:00:00,2026-06-05 08:00:24.153569,,24.153569509,VR2AR-69,549924,15
ATTITUDE,2026-06-05 08:00:00,2026-06-05 08:00:24.153569,,24.153569509,VR2AR-69,549924,3
TEMP,2026-06-05 09:00:00,2026-06-05 09:00:24.19155,,24.191550884,VR2AR-69,549924,9.339,
DEPTH,2026-06-05 09:00:00,2026-06-05 09:00:24.19155,,24.191550884,VR2AR-69,549924,14
ATTITUDE,2026-06-05 09:00:00,2026-06-05 09:00:24.19155,,24.191550884,VR2AR-69,549924,3
TEMP,2026-06-05 10:00:00,2026-06-05 10:00:24.229532,,24.229532259,VR2AR-69,549924,9.481,
DEPTH,2026-06-05 10:00:00,2026-06-05 10:00:24.229532,,24.229532259,VR2AR-69,549924,13
ATTITUDE,2026-06-05 10:00:00,2026-06-05 10:00:24.229532,,24.229532259,VR2AR-69,549924,3
TEMP,2026-06-05 11:00:00,2026-06-05 11:00:24.267513,,24.267513634,VR2AR-69,549924,9.563,
DEPTH,2026-06-05 11:00:00,2026-06-05 11:00:24.267513,,24.267513634,VR2AR-69,549924,13
ATTITUDE,2026-06-05 11:00:00,2026-06-05 11:00:24.267513,,24.267513634,VR2AR-69,549924,4
TEMP,2026-06-05 12:00:00,2026-06-05 12:00:24.305495,,24.305495008,VR2AR-69,549924,9.623,
DEPTH,2026-06-05 12:00:00,2026-06-05 12:00:24.305495,,24.305495008,VR2AR-69,549924,12
ATTITUDE,2026-06-05 12:00:00,2026-06-05 12:00:24.305495,,24.305495008,VR2AR-69,549924,3
TEMP,2026-06-05 13:00:00,2026-06-05 13:00:24.343476,,24.343476383,VR2AR-69,549924,9.664,
DEPTH,2026-06-05 13:00:00,2026-06-05 13:00:24.343476,,24.343476383,VR2AR-69,549924,12
ATTITUDE,2026-06-05 13:00:00,2026-06-05 13:00:24.343476,,24.343476383,VR2AR-69,549924,3
TEMP,2026-06-05 14:00:00,2026-06-05 14:00:24.381457,,24.381457758,VR2AR-69,549924,9.705,
DEPTH,2026-06-05 14:00:00,2026-06-05 14:00:24.381457,,24.381457758,VR2AR-69,549924,12
ATTITUDE,2026-06-05 14:00:00,2026-06-05 14:00:24.381457,,24.381457758,VR2AR-69,549924,3
TEMP,2026-06-05 15:00:00,2026-06-05 15:00:24.419439,,24.419439133,VR2AR-69,549924,9.786,
DEPTH,2026-06-05 15:00:00,2026-06-05 15:00:24.419439,,24.419439133,VR2AR-69,549924,13
ATTITUDE,2026-06-05 15:00:00,2026-06-05 15:00:24.419439,,24.419439133,VR2AR-69,549924,3
TEMP,2026-06-05 16:00:00,2026-06-05 16:00:24.45742,,24.457420507,VR2AR-69,549924,9.786,
DEPTH,2026-06-05 16:00:00,2026-06-05 16:00:24.45742,,24.457420507,VR2AR-69,549924,13
ATTITUDE,2026-06-05 16:00:00,2026-06-05 16:00:24.45742,,24.457420507,VR2AR-69,549924,2
TEMP,2026-06-05 17:00:00,2026-06-05 17:00:24.495401,,24.495401882,VR2AR-69,549924,9.461,
DEPTH,2026-06-05 17:00:00,2026-06-05 17:00:24.495401,,24.495401882,VR2AR-69,549924,14
ATTITUDE,2026-06-05 17:00:00,2026-06-05 17:00:24.495401,,24.495401882,VR2AR-69,549924,2
TEMP,2026-06-05 18:00:00,2026-06-05 18:00:24.533383,,24.533383257,VR2AR-69,549924,9.036,
DEPTH,2026-06-05 18:00:00,2026-06-05 18:00:24.533383,,24.533383257,VR2AR-69,549924,14
ATTITUDE,2026-06-05 18:00:00,2026-06-05 18:00:24.533383,,24.533383257,VR2AR-69,549924,3
TEMP,2026-06-05 19:00:00,2026-06-05 19:00:24.571364,,24.571364632,VR2AR-69,549924,8.712,
DEPTH,2026-06-05 19:00:00,2026-06-05 19:00:24.571364,,24.571364632,VR2AR-69,549924,15
ATTITUDE,2026-06-05 19:00:00,2026-06-05 19:00:24.571364,,24.571364632,VR2AR-69,549924,4
TEMP,2026-06-05 20:00:00,2026-06-05 20:00:24.609346,,24.609346006,VR2AR-69,549924,8.793,
DEPTH,2026-06-05 20:00:00,2026-06-05 20:00:24.609346,,24.609346006,VR2AR-69,549924,15
ATTITUDE,2026-06-05 20:00:00,2026-06-05 20:00:24.609346,,24.609346006,VR2AR-69,549924,3
TEMP,2026-06-05 21:00:00,2026-06-05 21:00:24.647327,,24.647327381,VR2AR-69,549924,8.874,
DEPTH,2026-06-05 21:00:00,2026-06-05 21:00:24.647327,,24.647327381,VR2AR-69,549924,14
ATTITUDE,2026-06-05 21:00:00,2026-06-05 21:00:24.647327,,24.647327381,VR2AR-69,549924,2
TEMP,2026-06-05 22:00:00,2026-06-05 22:00:24.685308,,24.685308756,VR2AR-69,549924,9.279,
DEPTH,2026-06-05 22:00:00,2026-06-05 22:00:24.685308,,24.685308756,VR2AR-69,549924,14
ATTITUDE,2026-06-05 22:00:00,2026-06-05 22:00:24.685308,,24.685308756,VR2AR-69,549924,3
TEMP,2026-06-05 23:00:00,2026-06-05 23:00:24.72329,,24.723290131,VR2AR-69,549924,9.583,
DEPTH,2026-06-05 23:00:00,2026-06-05 23:00:24.72329,,24.723290131,VR2AR-69,549924,13
ATTITUDE,2026-06-05 23:00:00,2026-06-05 23:00:24.72329,,24.723290131,VR2AR-69,549924,3
TEMP,2026-06-06 00:00:00,2026-06-06 00:00:24.761271,,24.761271506,VR2AR-69,549924,9.684,
DEPTH,2026-06-06 00:00:00,2026-06-06 00:00:24.761271,,24.761271506,VR2AR-69,549924,13
ATTITUDE,2026-06-06 00:00:00,2026-06-06 00:00:24.761271,,24.761271506,VR2AR-69,549924,3
TEMP,2026-06-06 01:00:00,2026-06-06 01:00:24.799252,,24.799252880,VR2AR-69,549924,9.806,
DEPTH,2026-06-06 01:00:00,2026-06-06 01:00:24.799252,,24.799252880,VR2AR-69,549924,13
ATTITUDE,2026-06-06 01:00:00,2026-06-06 01:00:24.799252,,24.799252880,VR2AR-69,549924,3
TEMP,2026-06-06 02:00:00,2026-06-06 02:00:24.837234,,24.837234255,VR2AR-69,549924,9.867,
DEPTH,2026-06-06 02:00:00,2026-06-06 02:00:24.837234,,24.837234255,VR2AR-69,549924,13
ATTITUDE,2026-06-06 02:00:00,2026-06-06 02:00:24.837234,,24.837234255,VR2AR-69,549924,3
TEMP,2026-06-06 03:00:00,2026-06-06 03:00:24.875215,,24.875215630,VR2AR-69,549924,9.766,
DEPTH,2026-06-06 03:00:00,2026-06-06 03:00:24.875215,,24.875215630,VR2AR-69,549924,13
ATTITUDE,2026-06-06 03:00:00,2026-06-06 03:00:24.875215,,24.875215630,VR2AR-69,549924,3
TEMP,2026-06-06 04:00:00,2026-06-06 04:00:24.913197,,24.913197005,VR2AR-69,549924,9.786,
DEPTH,2026-06-06 04:00:00,2026-06-06 04:00:24.913197,,24.913197005,VR2AR-69,549924,14
ATTITUDE,2026-06-06 04:00:00,2026-06-06 04:00:24.913197,,24.913197005,VR2AR-69,549924,3
TEMP,2026-06-06 05:00:00,2026-06-06 05:00:24.951178,,24.951178379,VR2AR-69,549924,9.786,
DEPTH,2026-06-06 05:00:00,2026-06-06 05:00:24.951178,,24.951178379,VR2AR-69,549924,14
ATTITUDE,2026-06-06 05:00:00,2026-06-06 05:00:24.951178,,24.951178379,VR2AR-69,549924,3
TEMP,2026-06-06 06:00:00,2026-06-06 06:00:24.989159,,24.989159754,VR2AR-69,549924,9.522,
DEPTH,2026-06-06 06:00:00,2026-06-06 06:00:24.989159,,24.989159754,VR2AR-69,549924,15
ATTITUDE,2026-06-06 06:00:00,2026-06-06 06:00:24.989159,,24.989159754,VR2AR-69,549924,3
TEMP,2026-06-06 07:00:00,2026-06-06 07:00:25.027141,,25.027141129,VR2AR-69,549924,9.218,
DEPTH,2026-06-06 07:00:00,2026-06-06 07:00:25.027141,,25.027141129,VR2AR-69,549924,15
ATTITUDE,2026-06-06 07:00:00,2026-06-06 07:00:25.027141,,25.027141129,VR2AR-69,549924,3
TEMP,2026-06-06 08:00:00,2026-06-06 08:00:25.065122,,25.065122504,VR2AR-69,549924,9.461,
DEPTH,2026-06-06 08:00:00,2026-06-06 08:00:25.065122,,25.065122504,VR2AR-69,549924,15
ATTITUDE,2026-06-06 08:00:00,2026-06-06 08:00:25.065122,,25.065122504,VR2AR-69,549924,3
TEMP,2026-06-06 09:00:00,2026-06-06 09:00:25.103103,,25.103103878,VR2AR-69,549924,9.664,
DEPTH,2026-06-06 09:00:00,2026-06-06 09:00:25.103103,,25.103103878,VR2AR-69,549924,15
ATTITUDE,2026-06-06 09:00:00,2026-06-06 09:00:25.103103,,25.103103878,VR2AR-69,549924,3
TEMP,2026-06-06 10:00:00,2026-06-06 10:00:25.141085,,25.141085253,VR2AR-69,549924,9.603,
DEPTH,2026-06-06 10:00:00,2026-06-06 10:00:25.141085,,25.141085253,VR2AR-69,549924,14
ATTITUDE,2026-06-06 10:00:00,2026-06-06 10:00:25.141085,,25.141085253,VR2AR-69,549924,3
TEMP,2026-06-06 11:00:00,2026-06-06 11:00:25.179066,,25.179066628,VR2AR-69,549924,9.684,
DEPTH,2026-06-06 11:00:00,2026-06-06 11:00:25.179066,,25.179066628,VR2AR-69,549924,13
ATTITUDE,2026-06-06 11:00:00,2026-06-06 11:00:25.179066,,25.179066628,VR2AR-69,549924,2
TEMP,2026-06-06 12:00:00,2026-06-06 12:00:25.217048,,25.217048003,VR2AR-69,549924,9.725,
DEPTH,2026-06-06 12:00:00,2026-06-06 12:00:25.217048,,25.217048003,VR2AR-69,549924,13
ATTITUDE,2026-06-06 12:00:00,2026-06-06 12:00:25.217048,,25.217048003,VR2AR-69,549924,3
TEMP,2026-06-06 13:00:00,2026-06-06 13:00:25.255029,,25.255029377,VR2AR-69,549924,9.806,
DEPTH,2026-06-06 13:00:00,2026-06-06 13:00:25.255029,,25.255029377,VR2AR-69,549924,12
ATTITUDE,2026-06-06 13:00:00,2026-06-06 13:00:25.255029,,25.255029377,VR2AR-69,549924,3
TEMP,2026-06-06 14:00:00,2026-06-06 14:00:25.29301,,25.293010752,VR2AR-69,549924,9.827,
DEPTH,2026-06-06 14:00:00,2026-06-06 14:00:25.29301,,25.293010752,VR2AR-69,549924,12
ATTITUDE,2026-06-06 14:00:00,2026-06-06 14:00:25.29301,,25.293010752,VR2AR-69,549924,2
TEMP,2026-06-06 15:00:00,2026-06-06 15:00:25.330992,,25.330992127,VR2AR-69,549924,9.867,
DEPTH,2026-06-06 15:00:00,2026-06-06 15:00:25.330992,,25.330992127,VR2AR-69,549924,13
ATTITUDE,2026-06-06 15:00:00,2026-06-06 15:00:25.330992,,25.330992127,VR2AR-69,549924,2
TEMP,2026-06-06 16:00:00,2026-06-06 16:00:25.368973,,25.368973502,VR2AR-69,549924,9.908,
DEPTH,2026-06-06 16:00:00,2026-06-06 16:00:25.368973,,25.368973502,VR2AR-69,549924,13
ATTITUDE,2026-06-06 16:00:00,2026-06-06 16:00:25.368973,,25.368973502,VR2AR-69,549924,3
TEMP,2026-06-06 17:00:00,2026-06-06 17:00:25.406954,,25.406954877,VR2AR-69,549924,9.969,
DEPTH,2026-06-06 17:00:00,2026-06-06 17:00:25.406954,,25.406954877,VR2AR-69,549924,14
ATTITUDE,2026-06-06 17:00:00,2026-06-06 17:00:25.406954,,25.406954877,VR2AR-69,549924,3
TEMP,2026-06-06 18:00:00,2026-06-06 18:00:25.444936,,25.444936251,VR2AR-69,549924,9.36,
DEPTH,2026-06-06 18:00:00,2026-06-06 18:00:25.444936,,25.444936251,VR2AR-69,549924,14
ATTITUDE,2026-06-06 18:00:00,2026-06-06 18:00:25.444936,,25.444936251,VR2AR-69,549924,3
TEMP,2026-06-06 19:00:00,2026-06-06 19:00:25.482917,,25.482917626,VR2AR-69,549924,9.117,
DEPTH,2026-06-06 19:00:00,2026-06-06 19:00:25.482917,,25.482917626,VR2AR-69,549924,15
ATTITUDE,2026-06-06 19:00:00,2026-06-06 19:00:25.482917,,25.482917626,VR2AR-69,549924,3
TEMP,2026-06-06 20:00:00,2026-06-06 20:00:25.520899,,25.520899001,VR2AR-69,549924,9.218,
DEPTH,2026-06-06 20:00:00,2026-06-06 20:00:25.520899,,25.520899001,VR2AR-69,549924,15
ATTITUDE,2026-06-06 20:00:00,2026-06-06 20:00:25.520899,,25.520899001,VR2AR-69,549924,3
TEMP,2026-06-06 21:00:00,2026-06-06 21:00:25.55888,,25.558880376,VR2AR-69,549924,9.441,
DEPTH,2026-06-06 21:00:00,2026-06-06 21:00:25.55888,,25.558880376,VR2AR-69,549924,15
ATTITUDE,2026-06-06 21:00:00,2026-06-06 21:00:25.55888,,25.558880376,VR2AR-69,549924,3
TEMP,2026-06-06 22:00:00,2026-06-06 22:00:25.596861,,25.596861750,VR2AR-69,549924,9.542,
DEPTH,2026-06-06 22:00:00,2026-06-06 22:00:25.596861,,25.596861750,VR2AR-69,549924,14
ATTITUDE,2026-06-06 22:00:00,2026-06-06 22:00:25.596861,,25.596861750,VR2AR-69,549924,3
TEMP,2026-06-06 23:00:00,2026-06-06 23:00:25.634843,,25.634843125,VR2AR-69,549924,9.786,
DEPTH,2026-06-06 23:00:00,2026-06-06 23:00:25.634843,,25.634843125,VR2AR-69,549924,14
ATTITUDE,2026-06-06 23:00:00,2026-06-06 23:00:25.634843,,25.634843125,VR2AR-69,549924,3
TEMP,2026-06-07 00:00:00,2026-06-07 00:00:25.672824,,25.672824500,VR2AR-69,549924,9.928,
DEPTH,2026-06-07 00:00:00,2026-06-07 00:00:25.672824,,25.672824500,VR2AR-69,549924,13
ATTITUDE,2026-06-07 00:00:00,2026-06-07 00:00:25.672824,,25.672824500,VR2AR-69,549924,3
TEMP,2026-06-07 01:00:00,2026-06-07 01:00:25.710805,,25.710805875,VR2AR-69,549924,9.949,
DEPTH,2026-06-07 01:00:00,2026-06-07 01:00:25.710805,,25.710805875,VR2AR-69,549924,13
ATTITUDE,2026-06-07 01:00:00,2026-06-07 01:00:25.710805,,25.710805875,VR2AR-69,549924,3
TEMP,2026-06-07 02:00:00,2026-06-07 02:00:25.748787,,25.748787249,VR2AR-69,549924,10.03,
DEPTH,2026-06-07 02:00:00,2026-06-07 02:00:25.748787,,25.748787249,VR2AR-69,549924,13
ATTITUDE,2026-06-07 02:00:00,2026-06-07 02:00:25.748787,,25.748787249,VR2AR-69,549924,2
TEMP,2026-06-07 03:00:00,2026-06-07 03:00:25.786768,,25.786768624,VR2AR-69,549924,10.03,
DEPTH,2026-06-07 03:00:00,2026-06-07 03:00:25.786768,,25.786768624,VR2AR-69,549924,13
ATTITUDE,2026-06-07 03:00:00,2026-06-07 03:00:25.786768,,25.786768624,VR2AR-69,549924,3
TEMP,2026-06-07 04:00:00,2026-06-07 04:00:25.824749,,25.824749999,VR2AR-69,549924,10.091,
DEPTH,2026-06-07 04:00:00,2026-06-07 04:00:25.824749,,25.824749999,VR2AR-69,549924,13
ATTITUDE,2026-06-07 04:00:00,2026-06-07 04:00:25.824749,,25.824749999,VR2AR-69,549924,3
TEMP,2026-06-07 05:00:00,2026-06-07 05:00:25.862731,,25.862731374,VR2AR-69,549924,10.112,
DEPTH,2026-06-07 05:00:00,2026-06-07 05:00:25.862731,,25.862731374,VR2AR-69,549924,14
ATTITUDE,2026-06-07 05:00:00,2026-06-07 05:00:25.862731,,25.862731374,VR2AR-69,549924,2
TEMP,2026-06-07 06:00:00,2026-06-07 06:00:25.900712,,25.900712748,VR2AR-69,549924,10.132,
DEPTH,2026-06-07 06:00:00,2026-06-07 06:00:25.900712,,25.900712748,VR2AR-69,549924,14
ATTITUDE,2026-06-07 06:00:00,2026-06-07 06:00:25.900712,,25.900712748,VR2AR-69,549924,2
TEMP,2026-06-07 07:00:00,2026-06-07 07:00:25.938694,,25.938694123,VR2AR-69,549924,10.01,
DEPTH,2026-06-07 07:00:00,2026-06-07 07:00:25.938694,,25.938694123,VR2AR-69,549924,15
ATTITUDE,2026-06-07 07:00:00,2026-06-07 07:00:25.938694,,25.938694123,VR2AR-69,549924,3
TEMP,2026-06-07 08:00:00,2026-06-07 08:00:25.976675,,25.976675498,VR2AR-69,549924,9.989,
DEPTH,2026-06-07 08:00:00,2026-06-07 08:00:25.976675,,25.976675498,VR2AR-69,549924,15
ATTITUDE,2026-06-07 08:00:00,2026-06-07 08:00:25.976675,,25.976675498,VR2AR-69,549924,1
TEMP,2026-06-07 09:00:00,2026-06-07 09:00:26.014656,,26.014656873,VR2AR-69,549924,10.173,
DEPTH,2026-06-07 09:00:00,2026-06-07 09:00:26.014656,,26.014656873,VR2AR-69,549924,15
ATTITUDE,2026-06-07 09:00:00,2026-06-07 09:00:26.014656,,26.014656873,VR2AR-69,549924,2
TEMP,2026-06-07 10:00:00,2026-06-07 10:00:26.052638,,26.052638248,VR2AR-69,549924,10.01,
DEPTH,2026-06-07 10:00:00,2026-06-07 10:00:26.052638,,26.052638248,VR2AR-69,549924,14
ATTITUDE,2026-06-07 10:00:00,2026-06-07 10:00:26.052638,,26.052638248,VR2AR-69,549924,3
TEMP,2026-06-07 11:00:00,2026-06-07 11:00:26.090619,,26.090619622,VR2AR-69,549924,10.071,
DEPTH,2026-06-07 11:00:00,2026-06-07 11:00:26.090619,,26.090619622,VR2AR-69,549924,14
ATTITUDE,2026-06-07 11:00:00,2026-06-07 11:00:26.090619,,26.090619622,VR2AR-69,549924,3
TEMP,2026-06-07 12:00:00,2026-06-07 12:00:26.1286,,26.128600997,VR2AR-69,549924,10.091,
DEPTH,2026-06-07 12:00:00,2026-06-07 12:00:26.1286,,26.128600997,VR2AR-69,549924,13
ATTITUDE,2026-06-07 12:00:00,2026-06-07 12:00:26.1286,,26.128600997,VR2AR-69,549924,3
TEMP,2026-06-07 13:00:00,2026-06-07 13:00:26.166582,,26.166582372,VR2AR-69,549924,10.152,
DEPTH,2026-06-07 13:00:00,2026-06-07 13:00:26.166582,,26.166582372,VR2AR-69,549924,13
ATTITUDE,2026-06-07 13:00:00,2026-06-07 13:00:26.166582,,26.166582372,VR2AR-69,549924,2
TEMP,2026-06-07 14:00:00,2026-06-07 14:00:26.204563,,26.204563747,VR2AR-69,549924,10.152,
DEPTH,2026-06-07 14:00:00,2026-06-07 14:00:26.204563,,26.204563747,VR2AR-69,549924,12
ATTITUDE,2026-06-07 14:00:00,2026-06-07 14:00:26.204563,,26.204563747,VR2AR-69,549924,3
TEMP,2026-06-07 15:00:00,2026-06-07 15:00:26.242545,,26.242545121,VR2AR-69,549924,10.193,
DEPTH,2026-06-07 15:00:00,2026-06-07 15:00:26.242545,,26.242545121,VR2AR-69,549924,12
ATTITUDE,2026-06-07 15:00:00,2026-06-07 15:00:26.242545,,26.242545121,VR2AR-69,549924,2
TEMP,2026-06-07 16:00:00,2026-06-07 16:00:26.280526,,26.280526496,VR2AR-69,549924,10.213,
DEPTH,2026-06-07 16:00:00,2026-06-07 16:00:26.280526,,26.280526496,VR2AR-69,549924,13
ATTITUDE,2026-06-07 16:00:00,2026-06-07 16:00:26.280526,,26.280526496,VR2AR-69,549924,2
TEMP,2026-06-07 17:00:00,2026-06-07 17:00:26.318507,,26.318507871,VR2AR-69,549924,10.193,
DEPTH,2026-06-07 17:00:00,2026-06-07 17:00:26.318507,,26.318507871,VR2AR-69,549924,13
ATTITUDE,2026-06-07 17:00:00,2026-06-07 17:00:26.318507,,26.318507871,VR2AR-69,549924,3
TEMP,2026-06-07 18:00:00,2026-06-07 18:00:26.356489,,26.356489246,VR2AR-69,549924,10.173,
DEPTH,2026-06-07 18:00:00,2026-06-07 18:00:26.356489,,26.356489246,VR2AR-69,549924,14
ATTITUDE,2026-06-07 18:00:00,2026-06-07 18:00:26.356489,,26.356489246,VR2AR-69,549924,3
TEMP,2026-06-07 19:00:00,2026-06-07 19:00:26.39447,,26.394470620,VR2AR-69,549924,9.969,
DEPTH,2026-06-07 19:00:00,2026-06-07 19:00:26.39447,,26.394470620,VR2AR-69,549924,14
ATTITUDE,2026-06-07 19:00:00,2026-06-07 19:00:26.39447,,26.394470620,VR2AR-69,549924,2
TEMP,2026-06-07 20:00:00,2026-06-07 20:00:26.432451,,26.432451996,VR2AR-69,549924,9.481,
DEPTH,2026-06-07 20:00:00,2026-06-07 20:00:26.432451,,26.432451996,VR2AR-69,549924,15
ATTITUDE,2026-06-07 20:00:00,2026-06-07 20:00:26.432451,,26.432451996,VR2AR-69,549924,3
TEMP,2026-06-07 21:00:00,2026-06-07 21:00:26.470433,,26.470433370,VR2AR-69,549924,9.684,
DEPTH,2026-06-07 21:00:00,2026-06-07 21:00:26.470433,,26.470433370,VR2AR-69,549924,15
ATTITUDE,2026-06-07 21:00:00,2026-06-07 21:00:26.470433,,26.470433370,VR2AR-69,549924,2
TEMP,2026-06-07 22:00:00,2026-06-07 22:00:26.508414,,26.508414745,VR2AR-69,549924,9.725,
DEPTH,2026-06-07 22:00:00,2026-06-07 22:00:26.508414,,26.508414745,VR2AR-69,549924,15
ATTITUDE,2026-06-07 22:00:00,2026-06-07 22:00:26.508414,,26.508414745,VR2AR-69,549924,4
TEMP,2026-06-07 23:00:00,2026-06-07 23:00:26.546396,,26.546396119,VR2AR-69,549924,9.867,
DEPTH,2026-06-07 23:00:00,2026-06-07 23:00:26.546396,,26.546396119,VR2AR-69,549924,14
ATTITUDE,2026-06-07 23:00:00,2026-06-07 23:00:26.546396,,26.546396119,VR2AR-69,549924,2
TEMP,2026-06-08 00:00:00,2026-06-08 00:00:26.584377,,26.584377495,VR2AR-69,549924,10.193,
DEPTH,2026-06-08 00:00:00,2026-06-08 00:00:26.584377,,26.584377495,VR2AR-69,549924,14
ATTITUDE,2026-06-08 00:00:00,2026-06-08 00:00:26.584377,,26.584377495,VR2AR-69,549924,3
TEMP,2026-06-08 01:00:00,2026-06-08 01:00:26.622358,,26.622358869,VR2AR-69,549924,10.254,
DEPTH,2026-06-08 01:00:00,2026-06-08 01:00:26.622358,,26.622358869,VR2AR-69,549924,13
ATTITUDE,2026-06-08 01:00:00,2026-06-08 01:00:26.622358,,26.622358869,VR2AR-69,549924,3
TEMP,2026-06-08 02:00:00,2026-06-08 02:00:26.66034,,26.660340244,VR2AR-69,549924,10.295,
DEPTH,2026-06-08 02:00:00,2026-06-08 02:00:26.66034,,26.660340244,VR2AR-69,549924,13
ATTITUDE,2026-06-08 02:00:00,2026-06-08 02:00:26.66034,,26.660340244,VR2AR-69,549924,2
TEMP,2026-06-08 03:00:00,2026-06-08 03:00:26.698321,,26.698321619,VR2AR-69,549924,10.295,
DEPTH,2026-06-08 03:00:00,2026-06-08 03:00:26.698321,,26.698321619,VR2AR-69,549924,12
ATTITUDE,2026-06-08 03:00:00,2026-06-08 03:00:26.698321,,26.698321619,VR2AR-69,549924,2
TEMP,2026-06-08 04:00:00,2026-06-08 04:00:26.736302,,26.736302994,VR2AR-69,549924,10.295,
DEPTH,2026-06-08 04:00:00,2026-06-08 04:00:26.736302,,26.736302994,VR2AR-69,549924,13
ATTITUDE,2026-06-08 04:00:00,2026-06-08 04:00:26.736302,,26.736302994,VR2AR-69,549924,3
TEMP,2026-06-08 05:00:00,2026-06-08 05:00:26.774284,,26.774284368,VR2AR-69,549924,10.295,
DEPTH,2026-06-08 05:00:00,2026-06-08 05:00:26.774284,,26.774284368,VR2AR-69,549924,13
ATTITUDE,2026-06-08 05:00:00,2026-06-08 05:00:26.774284,,26.774284368,VR2AR-69,549924,2
TEMP,2026-06-08 06:00:00,2026-06-08 06:00:26.812265,,26.812265743,VR2AR-69,549924,10.112,
DEPTH,2026-06-08 06:00:00,2026-06-08 06:00:26.812265,,26.812265743,VR2AR-69,549924,14
ATTITUDE,2026-06-08 06:00:00,2026-06-08 06:00:26.812265,,26.812265743,VR2AR-69,549924,3
TEMP,2026-06-08 07:00:00,2026-06-08 07:00:26.850247,,26.850247118,VR2AR-69,549924,9.279,
DEPTH,2026-06-08 07:00:00,2026-06-08 07:00:26.850247,,26.850247118,VR2AR-69,549924,14
ATTITUDE,2026-06-08 07:00:00,2026-06-08 07:00:26.850247,,26.850247118,VR2AR-69,549924,2
TEMP,2026-06-08 08:00:00,2026-06-08 08:00:26.888228,,26.888228493,VR2AR-69,549924,9.279,
DEPTH,2026-06-08 08:00:00,2026-06-08 08:00:26.888228,,26.888228493,VR2AR-69,549924,15
ATTITUDE,2026-06-08 08:00:00,2026-06-08 08:00:26.888228,,26.888228493,VR2AR-69,549924,3
TEMP,2026-06-08 09:00:00,2026-06-08 09:00:26.926209,,26.926209867,VR2AR-69,549924,9.542,
DEPTH,2026-06-08 09:00:00,2026-06-08 09:00:26.926209,,26.926209867,VR2AR-69,549924,15
ATTITUDE,2026-06-08 09:00:00,2026-06-08 09:00:26.926209,,26.926209867,VR2AR-69,549924,2
TEMP,2026-06-08 10:00:00,2026-06-08 10:00:26.964191,,26.964191242,VR2AR-69,549924,9.623,
DEPTH,2026-06-08 10:00:00,2026-06-08 10:00:26.964191,,26.964191242,VR2AR-69,549924,15
ATTITUDE,2026-06-08 10:00:00,2026-06-08 10:00:26.964191,,26.964191242,VR2AR-69,549924,2
TEMP,2026-06-08 11:00:00,2026-06-08 11:00:27.002172,,27.002172617,VR2AR-69,549924,9.542,
DEPTH,2026-06-08 11:00:00,2026-06-08 11:00:27.002172,,27.002172617,VR2AR-69,549924,14
ATTITUDE,2026-06-08 11:00:00,2026-06-08 11:00:27.002172,,27.002172617,VR2AR-69,549924,2
TEMP,2026-06-08 12:00:00,2026-06-08 12:00:27.040153,,27.040153992,VR2AR-69,549924,9.867,
DEPTH,2026-06-08 12:00:00,2026-06-08 12:00:27.040153,,27.040153992,VR2AR-69,549924,14
ATTITUDE,2026-06-08 12:00:00,2026-06-08 12:00:27.040153,,27.040153992,VR2AR-69,549924,3
TEMP,2026-06-08 13:00:00,2026-06-08 13:00:27.078135,,27.078135367,VR2AR-69,549924,9.928,
DEPTH,2026-06-08 13:00:00,2026-06-08 13:00:27.078135,,27.078135367,VR2AR-69,549924,13
ATTITUDE,2026-06-08 13:00:00,2026-06-08 13:00:27.078135,,27.078135367,VR2AR-69,549924,3
TEMP,2026-06-08 14:00:00,2026-06-08 14:00:27.116116,,27.116116741,VR2AR-69,549924,10.01,
DEPTH,2026-06-08 14:00:00,2026-06-08 14:00:27.116116,,27.116116741,VR2AR-69,549924,13
ATTITUDE,2026-06-08 14:00:00,2026-06-08 14:00:27.116116,,27.116116741,VR2AR-69,549924,3
TEMP,2026-06-08 15:00:00,2026-06-08 15:00:27.154098,,27.154098116,VR2AR-69,549924,10.071,
DEPTH,2026-06-08 15:00:00,2026-06-08 15:00:27.154098,,27.154098116,VR2AR-69,549924,12
ATTITUDE,2026-06-08 15:00:00,2026-06-08 15:00:27.154098,,27.154098116,VR2AR-69,549924,3
TEMP,2026-06-08 16:00:00,2026-06-08 16:00:27.192079,,27.192079491,VR2AR-69,549924,10.213,
DEPTH,2026-06-08 16:00:00,2026-06-08 16:00:27.192079,,27.192079491,VR2AR-69,549924,12
ATTITUDE,2026-06-08 16:00:00,2026-06-08 16:00:27.192079,,27.192079491,VR2AR-69,549924,3
TEMP,2026-06-08 17:00:00,2026-06-08 17:00:27.23006,,27.230060866,VR2AR-69,549924,10.03,
DEPTH,2026-06-08 17:00:00,2026-06-08 17:00:27.23006,,27.230060866,VR2AR-69,549924,13
ATTITUDE,2026-06-08 17:00:00,2026-06-08 17:00:27.23006,,27.230060866,VR2AR-69,549924,3
TEMP,2026-06-08 18:00:00,2026-06-08 18:00:27.268042,,27.268042240,VR2AR-69,549924,10.091,
DEPTH,2026-06-08 18:00:00,2026-06-08 18:00:27.268042,,27.268042240,VR2AR-69,549924,13
ATTITUDE,2026-06-08 18:00:00,2026-06-08 18:00:27.268042,,27.268042240,VR2AR-69,549924,3
TEMP,2026-06-08 19:00:00,2026-06-08 19:00:27.306023,,27.306023615,VR2AR-69,549924,9.867,
DEPTH,2026-06-08 19:00:00,2026-06-08 19:00:27.306023,,27.306023615,VR2AR-69,549924,14
ATTITUDE,2026-06-08 19:00:00,2026-06-08 19:00:27.306023,,27.306023615,VR2AR-69,549924,2
TEMP,2026-06-08 20:00:00,2026-06-08 20:00:27.344004,,27.344004990,VR2AR-69,549924,9.522,
DEPTH,2026-06-08 20:00:00,2026-06-08 20:00:27.344004,,27.344004990,VR2AR-69,549924,15
ATTITUDE,2026-06-08 20:00:00,2026-06-08 20:00:27.344004,,27.344004990,VR2AR-69,549924,3
TEMP,2026-06-08 21:00:00,2026-06-08 21:00:27.381986,,27.381986365,VR2AR-69,549924,9.36,
DEPTH,2026-06-08 21:00:00,2026-06-08 21:00:27.381986,,27.381986365,VR2AR-69,549924,15
ATTITUDE,2026-06-08 21:00:00,2026-06-08 21:00:27.381986,,27.381986365,VR2AR-69,549924,3
TEMP,2026-06-08 22:00:00,2026-06-08 22:00:27.419967,,27.419967739,VR2AR-69,549924,9.603,
DEPTH,2026-06-08 22:00:00,2026-06-08 22:00:27.419967,,27.419967739,VR2AR-69,549924,15
ATTITUDE,2026-06-08 22:00:00,2026-06-08 22:00:27.419967,,27.419967739,VR2AR-69,549924,2
TEMP,2026-06-08 23:00:00,2026-06-08 23:00:27.457949,,27.457949114,VR2AR-69,549924,9.623,
DEPTH,2026-06-08 23:00:00,2026-06-08 23:00:27.457949,,27.457949114,VR2AR-69,549924,15
ATTITUDE,2026-06-08 23:00:00,2026-06-08 23:00:27.457949,,27.457949114,VR2AR-69,549924,3
TEMP,2026-06-09 00:00:00,2026-06-09 00:00:27.49593,,27.495930489,VR2AR-69,549924,9.522,
DEPTH,2026-06-09 00:00:00,2026-06-09 00:00:27.49593,,27.495930489,VR2AR-69,549924,14
ATTITUDE,2026-06-09 00:00:00,2026-06-09 00:00:27.49593,,27.495930489,VR2AR-69,549924,3
TEMP,2026-06-09 01:00:00,2026-06-09 01:00:27.533911,,27.533911864,VR2AR-69,549924,9.969,
DEPTH,2026-06-09 01:00:00,2026-06-09 01:00:27.533911,,27.533911864,VR2AR-69,549924,13
ATTITUDE,2026-06-09 01:00:00,2026-06-09 01:00:27.533911,,27.533911864,VR2AR-69,549924,3
TEMP,2026-06-09 02:00:00,2026-06-09 02:00:27.571893,,27.571893238,VR2AR-69,549924,10.051,
DEPTH,2026-06-09 02:00:00,2026-06-09 02:00:27.571893,,27.571893238,VR2AR-69,549924,13
ATTITUDE,2026-06-09 02:00:00,2026-06-09 02:00:27.571893,,27.571893238,VR2AR-69,549924,3
TEMP,2026-06-09 03:00:00,2026-06-09 03:00:27.609874,,27.609874613,VR2AR-69,549924,10.152,
DEPTH,2026-06-09 03:00:00,2026-06-09 03:00:27.609874,,27.609874613,VR2AR-69,549924,13
ATTITUDE,2026-06-09 03:00:00,2026-06-09 03:00:27.609874,,27.609874613,VR2AR-69,549924,2
TEMP,2026-06-09 04:00:00,2026-06-09 04:00:27.647855,,27.647855988,VR2AR-69,549924,10.254,
DEPTH,2026-06-09 04:00:00,2026-06-09 04:00:27.647855,,27.647855988,VR2AR-69,549924,13
ATTITUDE,2026-06-09 04:00:00,2026-06-09 04:00:27.647855,,27.647855988,VR2AR-69,549924,2
TEMP,2026-06-09 05:00:00,2026-06-09 05:00:27.685837,,27.685837363,VR2AR-69,549924,10.254,
DEPTH,2026-06-09 05:00:00,2026-06-09 05:00:27.685837,,27.685837363,VR2AR-69,549924,13
ATTITUDE,2026-06-09 05:00:00,2026-06-09 05:00:27.685837,,27.685837363,VR2AR-69,549924,3
TEMP,2026-06-09 06:00:00,2026-06-09 06:00:27.723818,,27.723818738,VR2AR-69,549924,10.152,
DEPTH,2026-06-09 06:00:00,2026-06-09 06:00:27.723818,,27.723818738,VR2AR-69,549924,13
ATTITUDE,2026-06-09 06:00:00,2026-06-09 06:00:27.723818,,27.723818738,VR2AR-69,549924,2
TEMP,2026-06-09 07:00:00,2026-06-09 07:00:27.7618,,27.761800112,VR2AR-69,549924,10.173,
DEPTH,2026-06-09 07:00:00,2026-06-09 07:00:27.7618,,27.761800112,VR2AR-69,549924,14
ATTITUDE,2026-06-09 07:00:00,2026-06-09 07:00:27.7618,,27.761800112,VR2AR-69,549924,2
TEMP,2026-06-09 08:00:00,2026-06-09 08:00:27.799781,,27.799781487,VR2AR-69,549924,9.745,
DEPTH,2026-06-09 08:00:00,2026-06-09 08:00:27.799781,,27.799781487,VR2AR-69,549924,14
ATTITUDE,2026-06-09 08:00:00,2026-06-09 08:00:27.799781,,27.799781487,VR2AR-69,549924,3
TEMP,2026-06-09 09:00:00,2026-06-09 09:00:27.837762,,27.837762862,VR2AR-69,549924,9.157,
DEPTH,2026-06-09 09:00:00,2026-06-09 09:00:27.837762,,27.837762862,VR2AR-69,549924,15
ATTITUDE,2026-06-09 09:00:00,2026-06-09 09:00:27.837762,,27.837762862,VR2AR-69,549924,2
TEMP,2026-06-09 10:00:00,2026-06-09 10:00:27.875744,,27.875744237,VR2AR-69,549924,9.198,
DEPTH,2026-06-09 10:00:00,2026-06-09 10:00:27.875744,,27.875744237,VR2AR-69,549924,15
ATTITUDE,2026-06-09 10:00:00,2026-06-09 10:00:27.875744,,27.875744237,VR2AR-69,549924,2
TEMP,2026-06-09 11:00:00,2026-06-09 11:00:27.913725,,27.913725611,VR2AR-69,549924,9.421,
DEPTH,2026-06-09 11:00:00,2026-06-09 11:00:27.913725,,27.913725611,VR2AR-69,549924,15
ATTITUDE,2026-06-09 11:00:00,2026-06-09 11:00:27.913725,,27.913725611,VR2AR-69,549924,3
TEMP,2026-06-09 12:00:00,2026-06-09 12:00:27.951706,,27.951706986,VR2AR-69,549924,9.542,
DEPTH,2026-06-09 12:00:00,2026-06-09 12:00:27.951706,,27.951706986,VR2AR-69,549924,14
ATTITUDE,2026-06-09 12:00:00,2026-06-09 12:00:27.951706,,27.951706986,VR2AR-69,549924,3
TEMP,2026-06-09 13:00:00,2026-06-09 13:00:27.989688,,27.989688361,VR2AR-69,549924,9.928,
DEPTH,2026-06-09 13:00:00,2026-06-09 13:00:27.989688,,27.989688361,VR2AR-69,549924,14
ATTITUDE,2026-06-09 13:00:00,2026-06-09 13:00:27.989688,,27.989688361,VR2AR-69,549924,3
TEMP,2026-06-09 14:00:00,2026-06-09 14:00:28.027669,,28.027669736,VR2AR-69,549924,10.03,
DEPTH,2026-06-09 14:00:00,2026-06-09 14:00:28.027669,,28.027669736,VR2AR-69,549924,13
ATTITUDE,2026-06-09 14:00:00,2026-06-09 14:00:28.027669,,28.027669736,VR2AR-69,549924,2
TEMP,2026-06-09 15:00:00,2026-06-09 15:00:28.065651,,28.065651110,VR2AR-69,549924,10.091,
DEPTH,2026-06-09 15:00:00,2026-06-09 15:00:28.065651,,28.065651110,VR2AR-69,549924,12
ATTITUDE,2026-06-09 15:00:00,2026-06-09 15:00:28.065651,,28.065651110,VR2AR-69,549924,3
TEMP,2026-06-09 16:00:00,2026-06-09 16:00:28.103632,,28.103632485,VR2AR-69,549924,10.234,
DEPTH,2026-06-09 16:00:00,2026-06-09 16:00:28.103632,,28.103632485,VR2AR-69,549924,12
ATTITUDE,2026-06-09 16:00:00,2026-06-09 16:00:28.103632,,28.103632485,VR2AR-69,549924,2
TEMP,2026-06-09 17:00:00,2026-06-09 17:00:28.141613,,28.141613860,VR2AR-69,549924,10.499,
DEPTH,2026-06-09 17:00:00,2026-06-09 17:00:28.141613,,28.141613860,VR2AR-69,549924,12
ATTITUDE,2026-06-09 17:00:00,2026-06-09 17:00:28.141613,,28.141613860,VR2AR-69,549924,3
TEMP,2026-06-09 18:00:00,2026-06-09 18:00:28.179595,,28.179595235,VR2AR-69,549924,10.356,
DEPTH,2026-06-09 18:00:00,2026-06-09 18:00:28.179595,,28.179595235,VR2AR-69,549924,13
ATTITUDE,2026-06-09 18:00:00,2026-06-09 18:00:28.179595,,28.179595235,VR2AR-69,549924,3
TEMP,2026-06-09 19:00:00,2026-06-09 19:00:28.217576,,28.217576609,VR2AR-69,549924,10.275,
DEPTH,2026-06-09 19:00:00,2026-06-09 19:00:28.217576,,28.217576609,VR2AR-69,549924,13
ATTITUDE,2026-06-09 19:00:00,2026-06-09 19:00:28.217576,,28.217576609,VR2AR-69,549924,3
TEMP,2026-06-09 20:00:00,2026-06-09 20:00:28.255557,,28.255557984,VR2AR-69,549924,9.908,
DEPTH,2026-06-09 20:00:00,2026-06-09 20:00:28.255557,,28.255557984,VR2AR-69,549924,14
ATTITUDE,2026-06-09 20:00:00,2026-06-09 20:00:28.255557,,28.255557984,VR2AR-69,549924,2
TEMP,2026-06-09 21:00:00,2026-06-09 21:00:28.293539,,28.293539359,VR2AR-69,549924,9.4,
DEPTH,2026-06-09 21:00:00,2026-06-09 21:00:28.293539,,28.293539359,VR2AR-69,549924,15
ATTITUDE,2026-06-09 21:00:00,2026-06-09 21:00:28.293539,,28.293539359,VR2AR-69,549924,3
TEMP,2026-06-09 22:00:00,2026-06-09 22:00:28.33152,,28.331520734,VR2AR-69,549924,9.056,
DEPTH,2026-06-09 22:00:00,2026-06-09 22:00:28.33152,,28.331520734,VR2AR-69,549924,15
ATTITUDE,2026-06-09 22:00:00,2026-06-09 22:00:28.33152,,28.331520734,VR2AR-69,549924,2
TEMP,2026-06-09 23:00:00,2026-06-09 23:00:28.369502,,28.369502109,VR2AR-69,549924,9.502,
DEPTH,2026-06-09 23:00:00,2026-06-09 23:00:28.369502,,28.369502109,VR2AR-69,549924,15
ATTITUDE,2026-06-09 23:00:00,2026-06-09 23:00:28.369502,,28.369502109,VR2AR-69,549924,3
TEMP,2026-06-10 00:00:00,2026-06-10 00:00:28.407483,,28.407483483,VR2AR-69,549924,9.441,
DEPTH,2026-06-10 00:00:00,2026-06-10 00:00:28.407483,,28.407483483,VR2AR-69,549924,15
ATTITUDE,2026-06-10 00:00:00,2026-06-10 00:00:28.407483,,28.407483483,VR2AR-69,549924,2
TEMP,2026-06-10 01:00:00,2026-06-10 01:00:28.445464,,28.445464858,VR2AR-69,549924,9.928,
DEPTH,2026-06-10 01:00:00,2026-06-10 01:00:28.445464,,28.445464858,VR2AR-69,549924,14
ATTITUDE,2026-06-10 01:00:00,2026-06-10 01:00:28.445464,,28.445464858,VR2AR-69,549924,3
TEMP,2026-06-10 02:00:00,2026-06-10 02:00:28.483446,,28.483446233,VR2AR-69,549924,10.234,
DEPTH,2026-06-10 02:00:00,2026-06-10 02:00:28.483446,,28.483446233,VR2AR-69,549924,13
ATTITUDE,2026-06-10 02:00:00,2026-06-10 02:00:28.483446,,28.483446233,VR2AR-69,549924,3
TEMP,2026-06-10 03:00:00,2026-06-10 03:00:28.521427,,28.521427608,VR2AR-69,549924,10.397,
DEPTH,2026-06-10 03:00:00,2026-06-10 03:00:28.521427,,28.521427608,VR2AR-69,549924,13
ATTITUDE,2026-06-10 03:00:00,2026-06-10 03:00:28.521427,,28.521427608,VR2AR-69,549924,2
TEMP,2026-06-10 04:00:00,2026-06-10 04:00:28.559408,,28.559408982,VR2AR-69,549924,10.56,
DEPTH,2026-06-10 04:00:00,2026-06-10 04:00:28.559408,,28.559408982,VR2AR-69,549924,12
ATTITUDE,2026-06-10 04:00:00,2026-06-10 04:00:28.559408,,28.559408982,VR2AR-69,549924,3
TEMP,2026-06-10 05:00:00,2026-06-10 05:00:28.59739,,28.597390357,VR2AR-69,549924,10.663,
DEPTH,2026-06-10 05:00:00,2026-06-10 05:00:28.59739,,28.597390357,VR2AR-69,549924,12
ATTITUDE,2026-06-10 05:00:00,2026-06-10 05:00:28.59739,,28.597390357,VR2AR-69,549924,2
TEMP,2026-06-10 06:00:00,2026-06-10 06:00:28.635371,,28.635371732,VR2AR-69,549924,10.581,
DEPTH,2026-06-10 06:00:00,2026-06-10 06:00:28.635371,,28.635371732,VR2AR-69,549924,13
ATTITUDE,2026-06-10 06:00:00,2026-06-10 06:00:28.635371,,28.635371732,VR2AR-69,549924,2
TEMP,2026-06-10 07:00:00,2026-06-10 07:00:28.673353,,28.673353107,VR2AR-69,549924,10.54,
DEPTH,2026-06-10 07:00:00,2026-06-10 07:00:28.673353,,28.673353107,VR2AR-69,549924,13
ATTITUDE,2026-06-10 07:00:00,2026-06-10 07:00:28.673353,,28.673353107,VR2AR-69,549924,3
TEMP,2026-06-10 08:00:00,2026-06-10 08:00:28.711334,,28.711334481,VR2AR-69,549924,10.499,
DEPTH,2026-06-10 08:00:00,2026-06-10 08:00:28.711334,,28.711334481,VR2AR-69,549924,14
ATTITUDE,2026-06-10 08:00:00,2026-06-10 08:00:28.711334,,28.711334481,VR2AR-69,549924,2
TEMP,2026-06-10 09:00:00,2026-06-10 09:00:28.749315,,28.749315856,VR2AR-69,549924,9.583,
DEPTH,2026-06-10 09:00:00,2026-06-10 09:00:28.749315,,28.749315856,VR2AR-69,549924,14
ATTITUDE,2026-06-10 09:00:00,2026-06-10 09:00:28.749315,,28.749315856,VR2AR-69,549924,2
TEMP,2026-06-10 10:00:00,2026-06-10 10:00:28.787297,,28.787297231,VR2AR-69,549924,9.299,
DEPTH,2026-06-10 10:00:00,2026-06-10 10:00:28.787297,,28.787297231,VR2AR-69,549924,15
ATTITUDE,2026-06-10 10:00:00,2026-06-10 10:00:28.787297,,28.787297231,VR2AR-69,549924,3
TEMP,2026-06-10 11:00:00,2026-06-10 11:00:28.825278,,28.825278606,VR2AR-69,549924,8.874,
DEPTH,2026-06-10 11:00:00,2026-06-10 11:00:28.825278,,28.825278606,VR2AR-69,549924,15
ATTITUDE,2026-06-10 11:00:00,2026-06-10 11:00:28.825278,,28.825278606,VR2AR-69,549924,3
TEMP,2026-06-10 12:00:00,2026-06-10 12:00:28.863259,,28.863259980,VR2AR-69,549924,9.481,
DEPTH,2026-06-10 12:00:00,2026-06-10 12:00:28.863259,,28.863259980,VR2AR-69,549924,15
ATTITUDE,2026-06-10 12:00:00,2026-06-10 12:00:28.863259,,28.863259980,VR2AR-69,549924,2
TEMP,2026-06-10 13:00:00,2026-06-10 13:00:28.901241,,28.901241356,VR2AR-69,549924,9.888,
DEPTH,2026-06-10 13:00:00,2026-06-10 13:00:28.901241,,28.901241356,VR2AR-69,549924,14
ATTITUDE,2026-06-10 13:00:00,2026-06-10 13:00:28.901241,,28.901241356,VR2AR-69,549924,2
TEMP,2026-06-10 14:00:00,2026-06-10 14:00:28.939222,,28.939222730,VR2AR-69,549924,10.152,
DEPTH,2026-06-10 14:00:00,2026-06-10 14:00:28.939222,,28.939222730,VR2AR-69,549924,13
ATTITUDE,2026-06-10 14:00:00,2026-06-10 14:00:28.939222,,28.939222730,VR2AR-69,549924,3
TEMP,2026-06-10 15:00:00,2026-06-10 15:00:28.977204,,28.977204105,VR2AR-69,549924,10.315,
DEPTH,2026-06-10 15:00:00,2026-06-10 15:00:28.977204,,28.977204105,VR2AR-69,549924,13
ATTITUDE,2026-06-10 15:00:00,2026-06-10 15:00:28.977204,,28.977204105,VR2AR-69,549924,3
TEMP,2026-06-10 16:00:00,2026-06-10 16:00:29.015185,,29.015185480,VR2AR-69,549924,10.397,
DEPTH,2026-06-10 16:00:00,2026-06-10 16:00:29.015185,,29.015185480,VR2AR-69,549924,12
ATTITUDE,2026-06-10 16:00:00,2026-06-10 16:00:29.015185,,29.015185480,VR2AR-69,549924,3
TEMP,2026-06-10 17:00:00,2026-06-10 17:00:29.053166,,29.053166855,VR2AR-69,549924,10.622,
DEPTH,2026-06-10 17:00:00,2026-06-10 17:00:29.053166,,29.053166855,VR2AR-69,549924,12
ATTITUDE,2026-06-10 17:00:00,2026-06-10 17:00:29.053166,,29.053166855,VR2AR-69,549924,3
TEMP,2026-06-10 18:00:00,2026-06-10 18:00:29.091148,,29.091148229,VR2AR-69,549924,10.356,
DEPTH,2026-06-10 18:00:00,2026-06-10 18:00:29.091148,,29.091148229,VR2AR-69,549924,12
ATTITUDE,2026-06-10 18:00:00,2026-06-10 18:00:29.091148,,29.091148229,VR2AR-69,549924,2
TEMP,2026-06-10 19:00:00,2026-06-10 19:00:29.129129,,29.129129604,VR2AR-69,549924,10.438,
DEPTH,2026-06-10 19:00:00,2026-06-10 19:00:29.129129,,29.129129604,VR2AR-69,549924,13
ATTITUDE,2026-06-10 19:00:00,2026-06-10 19:00:29.129129,,29.129129604,VR2AR-69,549924,2
TEMP,2026-06-10 20:00:00,2026-06-10 20:00:29.16711,,29.167110979,VR2AR-69,549924,10.193,
DEPTH,2026-06-10 20:00:00,2026-06-10 20:00:29.16711,,29.167110979,VR2AR-69,549924,14
ATTITUDE,2026-06-10 20:00:00,2026-06-10 20:00:29.16711,,29.167110979,VR2AR-69,549924,3
TEMP,2026-06-10 21:00:00,2026-06-10 21:00:29.205092,,29.205092354,VR2AR-69,549924,9.481,
DEPTH,2026-06-10 21:00:00,2026-06-10 21:00:29.205092,,29.205092354,VR2AR-69,549924,14
ATTITUDE,2026-06-10 21:00:00,2026-06-10 21:00:29.205092,,29.205092354,VR2AR-69,549924,3
TEMP,2026-06-10 22:00:00,2026-06-10 22:00:29.243073,,29.243073728,VR2AR-69,549924,9.036,
DEPTH,2026-06-10 22:00:00,2026-06-10 22:00:29.243073,,29.243073728,VR2AR-69,549924,15
ATTITUDE,2026-06-10 22:00:00,2026-06-10 22:00:29.243073,,29.243073728,VR2AR-69,549924,3
TEMP,2026-06-10 23:00:00,2026-06-10 23:00:29.281055,,29.281055103,VR2AR-69,549924,8.894,
DEPTH,2026-06-10 23:00:00,2026-06-10 23:00:29.281055,,29.281055103,VR2AR-69,549924,15
ATTITUDE,2026-06-10 23:00:00,2026-06-10 23:00:29.281055,,29.281055103,VR2AR-69,549924,3
TEMP,2026-06-11 00:00:00,2026-06-11 00:00:29.319036,,29.319036478,VR2AR-69,549924,9.279,
DEPTH,2026-06-11 00:00:00,2026-06-11 00:00:29.319036,,29.319036478,VR2AR-69,549924,15
ATTITUDE,2026-06-11 00:00:00,2026-06-11 00:00:29.319036,,29.319036478,VR2AR-69,549924,3
TEMP,2026-06-11 01:00:00,2026-06-11 01:00:29.357017,,29.357017853,VR2AR-69,549924,9.461,
DEPTH,2026-06-11 01:00:00,2026-06-11 01:00:29.357017,,29.357017853,VR2AR-69,549924,15
ATTITUDE,2026-06-11 01:00:00,2026-06-11 01:00:29.357017,,29.357017853,VR2AR-69,549924,3
TEMP,2026-06-11 02:00:00,2026-06-11 02:00:29.394999,,29.394999227,VR2AR-69,549924,9.806,
DEPTH,2026-06-11 02:00:00,2026-06-11 02:00:29.394999,,29.394999227,VR2AR-69,549924,14
ATTITUDE,2026-06-11 02:00:00,2026-06-11 02:00:29.394999,,29.394999227,VR2AR-69,549924,2
TEMP,2026-06-11 03:00:00,2026-06-11 03:00:29.43298,,29.432980602,VR2AR-69,549924,10.071,
DEPTH,2026-06-11 03:00:00,2026-06-11 03:00:29.43298,,29.432980602,VR2AR-69,549924,13
ATTITUDE,2026-06-11 03:00:00,2026-06-11 03:00:29.43298,,29.432980602,VR2AR-69,549924,3
TEMP,2026-06-11 04:00:00,2026-06-11 04:00:29.470961,,29.470961977,VR2AR-69,549924,10.173,
DEPTH,2026-06-11 04:00:00,2026-06-11 04:00:29.470961,,29.470961977,VR2AR-69,549924,13
ATTITUDE,2026-06-11 04:00:00,2026-06-11 04:00:29.470961,,29.470961977,VR2AR-69,549924,3
TEMP,2026-06-11 05:00:00,2026-06-11 05:00:29.508943,,29.508943352,VR2AR-69,549924,10.275,
DEPTH,2026-06-11 05:00:00,2026-06-11 05:00:29.508943,,29.508943352,VR2AR-69,549924,12
ATTITUDE,2026-06-11 05:00:00,2026-06-11 05:00:29.508943,,29.508943352,VR2AR-69,549924,3
TEMP,2026-06-11 06:00:00,2026-06-11 06:00:29.546924,,29.546924727,VR2AR-69,549924,10.54,
DEPTH,2026-06-11 06:00:00,2026-06-11 06:00:29.546924,,29.546924727,VR2AR-69,549924,12
ATTITUDE,2026-06-11 06:00:00,2026-06-11 06:00:29.546924,,29.546924727,VR2AR-69,549924,2
TEMP,2026-06-11 07:00:00,2026-06-11 07:00:29.584906,,29.584906101,VR2AR-69,549924,10.581,
DEPTH,2026-06-11 07:00:00,2026-06-11 07:00:29.584906,,29.584906101,VR2AR-69,549924,13
ATTITUDE,2026-06-11 07:00:00,2026-06-11 07:00:29.584906,,29.584906101,VR2AR-69,549924,2
TEMP,2026-06-11 08:00:00,2026-06-11 08:00:29.622887,,29.622887476,VR2AR-69,549924,10.336,
DEPTH,2026-06-11 08:00:00,2026-06-11 08:00:29.622887,,29.622887476,VR2AR-69,549924,13
ATTITUDE,2026-06-11 08:00:00,2026-06-11 08:00:29.622887,,29.622887476,VR2AR-69,549924,3
TEMP,2026-06-11 09:00:00,2026-06-11 09:00:29.660868,,29.660868851,VR2AR-69,549924,9.623,
DEPTH,2026-06-11 09:00:00,2026-06-11 09:00:29.660868,,29.660868851,VR2AR-69,549924,14
ATTITUDE,2026-06-11 09:00:00,2026-06-11 09:00:29.660868,,29.660868851,VR2AR-69,549924,2
TEMP,2026-06-11 10:00:00,2026-06-11 10:00:29.69885,,29.698850226,VR2AR-69,549924,9.137,
DEPTH,2026-06-11 10:00:00,2026-06-11 10:00:29.69885,,29.698850226,VR2AR-69,549924,14
ATTITUDE,2026-06-11 10:00:00,2026-06-11 10:00:29.69885,,29.698850226,VR2AR-69,549924,3
TEMP,2026-06-11 11:00:00,2026-06-11 11:00:29.736831,,29.736831600,VR2AR-69,549924,8.833,
DEPTH,2026-06-11 11:00:00,2026-06-11 11:00:29.736831,,29.736831600,VR2AR-69,549924,15
ATTITUDE,2026-06-11 11:00:00,2026-06-11 11:00:29.736831,,29.736831600,VR2AR-69,549924,4
TEMP,2026-06-11 12:00:00,2026-06-11 12:00:29.774812,,29.774812975,VR2AR-69,549924,9.177,
DEPTH,2026-06-11 12:00:00,2026-06-11 12:00:29.774812,,29.774812975,VR2AR-69,549924,15
ATTITUDE,2026-06-11 12:00:00,2026-06-11 12:00:29.774812,,29.774812975,VR2AR-69,549924,3
TEMP,2026-06-11 13:00:00,2026-06-11 13:00:29.812794,,29.812794350,VR2AR-69,549924,9.36,
DEPTH,2026-06-11 13:00:00,2026-06-11 13:00:29.812794,,29.812794350,VR2AR-69,549924,15
ATTITUDE,2026-06-11 13:00:00,2026-06-11 13:00:29.812794,,29.812794350,VR2AR-69,549924,3
TEMP,2026-06-11 14:00:00,2026-06-11 14:00:29.850775,,29.850775725,VR2AR-69,549924,9.542,
DEPTH,2026-06-11 14:00:00,2026-06-11 14:00:29.850775,,29.850775725,VR2AR-69,549924,14
ATTITUDE,2026-06-11 14:00:00,2026-06-11 14:00:29.850775,,29.850775725,VR2AR-69,549924,2
TEMP,2026-06-11 15:00:00,2026-06-11 15:00:29.888757,,29.888757099,VR2AR-69,549924,10.03,
DEPTH,2026-06-11 15:00:00,2026-06-11 15:00:29.888757,,29.888757099,VR2AR-69,549924,13
ATTITUDE,2026-06-11 15:00:00,2026-06-11 15:00:29.888757,,29.888757099,VR2AR-69,549924,3
TEMP,2026-06-11 16:00:00,2026-06-11 16:00:29.926738,,29.926738474,VR2AR-69,549924,10.112,
DEPTH,2026-06-11 16:00:00,2026-06-11 16:00:29.926738,,29.926738474,VR2AR-69,549924,13
ATTITUDE,2026-06-11 16:00:00,2026-06-11 16:00:29.926738,,29.926738474,VR2AR-69,549924,3
TEMP,2026-06-11 17:00:00,2026-06-11 17:00:29.964719,,29.964719849,VR2AR-69,549924,10.213,
DEPTH,2026-06-11 17:00:00,2026-06-11 17:00:29.964719,,29.964719849,VR2AR-69,549924,12
ATTITUDE,2026-06-11 17:00:00,2026-06-11 17:00:29.964719,,29.964719849,VR2AR-69,549924,3
TEMP,2026-06-11 18:00:00,2026-06-11 18:00:30.002701,,30.002701224,VR2AR-69,549924,10.397,
DEPTH,2026-06-11 18:00:00,2026-06-11 18:00:30.002701,,30.002701224,VR2AR-69,549924,12
ATTITUDE,2026-06-11 18:00:00,2026-06-11 18:00:30.002701,,30.002701224,VR2AR-69,549924,2
TEMP,2026-06-11 19:00:00,2026-06-11 19:00:30.040682,,30.040682598,VR2AR-69,549924,10.295,
DEPTH,2026-06-11 19:00:00,2026-06-11 19:00:30.040682,,30.040682598,VR2AR-69,549924,12
ATTITUDE,2026-06-11 19:00:00,2026-06-11 19:00:30.040682,,30.040682598,VR2AR-69,549924,2
TEMP,2026-06-11 20:00:00,2026-06-11 20:00:30.078663,,30.078663973,VR2AR-69,549924,10.356,
DEPTH,2026-06-11 20:00:00,2026-06-11 20:00:30.078663,,30.078663973,VR2AR-69,549924,13
ATTITUDE,2026-06-11 20:00:00,2026-06-11 20:00:30.078663,,30.078663973,VR2AR-69,549924,2
TEMP,2026-06-11 21:00:00,2026-06-11 21:00:30.116645,,30.116645348,VR2AR-69,549924,9.908,
DEPTH,2026-06-11 21:00:00,2026-06-11 21:00:30.116645,,30.116645348,VR2AR-69,549924,14
ATTITUDE,2026-06-11 21:00:00,2026-06-11 21:00:30.116645,,30.116645348,VR2AR-69,549924,3
TEMP,2026-06-11 22:00:00,2026-06-11 22:00:30.154626,,30.154626723,VR2AR-69,549924,9.441,
DEPTH,2026-06-11 22:00:00,2026-06-11 22:00:30.154626,,30.154626723,VR2AR-69,549924,15
ATTITUDE,2026-06-11 22:00:00,2026-06-11 22:00:30.154626,,30.154626723,VR2AR-69,549924,2
TEMP,2026-06-11 23:00:00,2026-06-11 23:00:30.192608,,30.192608098,VR2AR-69,549924,9.279,
DEPTH,2026-06-11 23:00:00,2026-06-11 23:00:30.192608,,30.192608098,VR2AR-69,549924,15
ATTITUDE,2026-06-11 23:00:00,2026-06-11 23:00:30.192608,,30.192608098,VR2AR-69,549924,3
TEMP,2026-06-12 00:00:00,2026-06-12 00:00:30.230589,,30.230589472,VR2AR-69,549924,9.4,
DEPTH,2026-06-12 00:00:00,2026-06-12 00:00:30.230589,,30.230589472,VR2AR-69,549924,15
ATTITUDE,2026-06-12 00:00:00,2026-06-12 00:00:30.230589,,30.230589472,VR2AR-69,549924,3
TEMP,2026-06-12 01:00:00,2026-06-12 01:00:30.26857,,30.268570847,VR2AR-69,549924,9.603,
DEPTH,2026-06-12 01:00:00,2026-06-12 01:00:30.26857,,30.268570847,VR2AR-69,549924,15
ATTITUDE,2026-06-12 01:00:00,2026-06-12 01:00:30.26857,,30.268570847,VR2AR-69,549924,3
TEMP,2026-06-12 02:00:00,2026-06-12 02:00:30.306552,,30.306552222,VR2AR-69,549924,9.664,
DEPTH,2026-06-12 02:00:00,2026-06-12 02:00:30.306552,,30.306552222,VR2AR-69,549924,15
ATTITUDE,2026-06-12 02:00:00,2026-06-12 02:00:30.306552,,30.306552222,VR2AR-69,549924,3
TEMP,2026-06-12 03:00:00,2026-06-12 03:00:30.344533,,30.344533597,VR2AR-69,549924,10.091,
DEPTH,2026-06-12 03:00:00,2026-06-12 03:00:30.344533,,30.344533597,VR2AR-69,549924,14
ATTITUDE,2026-06-12 03:00:00,2026-06-12 03:00:30.344533,,30.344533597,VR2AR-69,549924,3
TEMP,2026-06-12 04:00:00,2026-06-12 04:00:30.382514,,30.382514971,VR2AR-69,549924,10.336,
DEPTH,2026-06-12 04:00:00,2026-06-12 04:00:30.382514,,30.382514971,VR2AR-69,549924,13
ATTITUDE,2026-06-12 04:00:00,2026-06-12 04:00:30.382514,,30.382514971,VR2AR-69,549924,2
TEMP,2026-06-12 05:00:00,2026-06-12 05:00:30.420496,,30.420496346,VR2AR-69,549924,10.336,
DEPTH,2026-06-12 05:00:00,2026-06-12 05:00:30.420496,,30.420496346,VR2AR-69,549924,12
ATTITUDE,2026-06-12 05:00:00,2026-06-12 05:00:30.420496,,30.420496346,VR2AR-69,549924,2
TEMP,2026-06-12 06:00:00,2026-06-12 06:00:30.458477,,30.458477721,VR2AR-69,549924,10.377,
DEPTH,2026-06-12 06:00:00,2026-06-12 06:00:30.458477,,30.458477721,VR2AR-69,549924,12
ATTITUDE,2026-06-12 06:00:00,2026-06-12 06:00:30.458477,,30.458477721,VR2AR-69,549924,3
TEMP,2026-06-12 07:00:00,2026-06-12 07:00:30.496459,,30.496459096,VR2AR-69,549924,10.642,
DEPTH,2026-06-12 07:00:00,2026-06-12 07:00:30.496459,,30.496459096,VR2AR-69,549924,12
ATTITUDE,2026-06-12 07:00:00,2026-06-12 07:00:30.496459,,30.496459096,VR2AR-69,549924,3
TEMP,2026-06-12 08:00:00,2026-06-12 08:00:30.53444,,30.534440470,VR2AR-69,549924,10.581,
DEPTH,2026-06-12 08:00:00,2026-06-12 08:00:30.53444,,30.534440470,VR2AR-69,549924,12
ATTITUDE,2026-06-12 08:00:00,2026-06-12 08:00:30.53444,,30.534440470,VR2AR-69,549924,3
TEMP,2026-06-12 09:00:00,2026-06-12 09:00:30.572421,,30.572421845,VR2AR-69,549924,10.54,
DEPTH,2026-06-12 09:00:00,2026-06-12 09:00:30.572421,,30.572421845,VR2AR-69,549924,13
ATTITUDE,2026-06-12 09:00:00,2026-06-12 09:00:30.572421,,30.572421845,VR2AR-69,549924,3
TEMP,2026-06-12 10:00:00,2026-06-12 10:00:30.610403,,30.610403220,VR2AR-69,549924,10.275,
DEPTH,2026-06-12 10:00:00,2026-06-12 10:00:30.610403,,30.610403220,VR2AR-69,549924,14
ATTITUDE,2026-06-12 10:00:00,2026-06-12 10:00:30.610403,,30.610403220,VR2AR-69,549924,3
TEMP,2026-06-12 11:00:00,2026-06-12 11:00:30.648384,,30.648384595,VR2AR-69,549924,9.867,
DEPTH,2026-06-12 11:00:00,2026-06-12 11:00:30.648384,,30.648384595,VR2AR-69,549924,14
ATTITUDE,2026-06-12 11:00:00,2026-06-12 11:00:30.648384,,30.648384595,VR2AR-69,549924,3
TEMP,2026-06-12 12:00:00,2026-06-12 12:00:30.686365,,30.686365969,VR2AR-69,549924,9.827,
DEPTH,2026-06-12 12:00:00,2026-06-12 12:00:30.686365,,30.686365969,VR2AR-69,549924,15
ATTITUDE,2026-06-12 12:00:00,2026-06-12 12:00:30.686365,,30.686365969,VR2AR-69,549924,1
TEMP,2026-06-12 13:00:00,2026-06-12 13:00:30.724347,,30.724347344,VR2AR-69,549924,9.949,
DEPTH,2026-06-12 13:00:00,2026-06-12 13:00:30.724347,,30.724347344,VR2AR-69,549924,15
ATTITUDE,2026-06-12 13:00:00,2026-06-12 13:00:30.724347,,30.724347344,VR2AR-69,549924,1
TEMP,2026-06-12 14:00:00,2026-06-12 14:00:30.762328,,30.762328719,VR2AR-69,549924,10.01,
DEPTH,2026-06-12 14:00:00,2026-06-12 14:00:30.762328,,30.762328719,VR2AR-69,549924,15
ATTITUDE,2026-06-12 14:00:00,2026-06-12 14:00:30.762328,,30.762328719,VR2AR-69,549924,2
TEMP,2026-06-12 15:00:00,2026-06-12 15:00:30.80031,,30.800310094,VR2AR-69,549924,10.091,
DEPTH,2026-06-12 15:00:00,2026-06-12 15:00:30.80031,,30.800310094,VR2AR-69,549924,14
ATTITUDE,2026-06-12 15:00:00,2026-06-12 15:00:30.80031,,30.800310094,VR2AR-69,549924,2
TEMP,2026-06-12 16:00:00,2026-06-12 16:00:30.838291,,30.838291469,VR2AR-69,549924,10.254,
DEPTH,2026-06-12 16:00:00,2026-06-12 16:00:30.838291,,30.838291469,VR2AR-69,549924,13
ATTITUDE,2026-06-12 16:00:00,2026-06-12 16:00:30.838291,,30.838291469,VR2AR-69,549924,3
TEMP,2026-06-12 17:00:00,2026-06-12 17:00:30.876272,,30.876272843,VR2AR-69,549924,10.315,
DEPTH,2026-06-12 17:00:00,2026-06-12 17:00:30.876272,,30.876272843,VR2AR-69,549924,13
ATTITUDE,2026-06-12 17:00:00,2026-06-12 17:00:30.876272,,30.876272843,VR2AR-69,549924,3
TEMP,2026-06-12 18:00:00,2026-06-12 18:00:30.914254,,30.914254218,VR2AR-69,549924,10.397,
DEPTH,2026-06-12 18:00:00,2026-06-12 18:00:30.914254,,30.914254218,VR2AR-69,549924,12
ATTITUDE,2026-06-12 18:00:00,2026-06-12 18:00:30.914254,,30.914254218,VR2AR-69,549924,2
TEMP,2026-06-12 19:00:00,2026-06-12 19:00:30.952235,,30.952235593,VR2AR-69,549924,10.499,
DEPTH,2026-06-12 19:00:00,2026-06-12 19:00:30.952235,,30.952235593,VR2AR-69,549924,12
ATTITUDE,2026-06-12 19:00:00,2026-06-12 19:00:30.952235,,30.952235593,VR2AR-69,549924,3
TEMP,2026-06-12 20:00:00,2026-06-12 20:00:30.990216,,30.990216968,VR2AR-69,549924,10.56,
DEPTH,2026-06-12 20:00:00,2026-06-12 20:00:30.990216,,30.990216968,VR2AR-69,549924,12
ATTITUDE,2026-06-12 20:00:00,2026-06-12 20:00:30.990216,,30.990216968,VR2AR-69,549924,3
TEMP,2026-06-12 21:00:00,2026-06-12 21:00:31.028198,,31.028198342,VR2AR-69,549924,10.499,
DEPTH,2026-06-12 21:00:00,2026-06-12 21:00:31.028198,,31.028198342,VR2AR-69,549924,13
ATTITUDE,2026-06-12 21:00:00,2026-06-12 21:00:31.028198,,31.028198342,VR2AR-69,549924,3
TEMP,2026-06-12 22:00:00,2026-06-12 22:00:31.066179,,31.066179717,VR2AR-69,549924,10.438,
DEPTH,2026-06-12 22:00:00,2026-06-12 22:00:31.066179,,31.066179717,VR2AR-69,549924,14
ATTITUDE,2026-06-12 22:00:00,2026-06-12 22:00:31.066179,,31.066179717,VR2AR-69,549924,3
TEMP,2026-06-12 23:00:00,2026-06-12 23:00:31.104161,,31.104161092,VR2AR-69,549924,10.152,
DEPTH,2026-06-12 23:00:00,2026-06-12 23:00:31.104161,,31.104161092,VR2AR-69,549924,15
ATTITUDE,2026-06-12 23:00:00,2026-06-12 23:00:31.104161,,31.104161092,VR2AR-69,549924,2
TEMP,2026-06-13 00:00:00,2026-06-13 00:00:31.142142,,31.142142467,VR2AR-69,549924,9.745,
DEPTH,2026-06-13 00:00:00,2026-06-13 00:00:31.142142,,31.142142467,VR2AR-69,549924,15
ATTITUDE,2026-06-13 00:00:00,2026-06-13 00:00:31.142142,,31.142142467,VR2AR-69,549924,3
TEMP,2026-06-13 01:00:00,2026-06-13 01:00:31.180123,,31.180123841,VR2AR-69,549924,10.152,
DEPTH,2026-06-13 01:00:00,2026-06-13 01:00:31.180123,,31.180123841,VR2AR-69,549924,15
ATTITUDE,2026-06-13 01:00:00,2026-06-13 01:00:31.180123,,31.180123841,VR2AR-69,549924,3
TEMP,2026-06-13 02:00:00,2026-06-13 02:00:31.218105,,31.218105216,VR2AR-69,549924,10.417,
DEPTH,2026-06-13 02:00:00,2026-06-13 02:00:31.218105,,31.218105216,VR2AR-69,549924,15
ATTITUDE,2026-06-13 02:00:00,2026-06-13 02:00:31.218105,,31.218105216,VR2AR-69,549924,2
TEMP,2026-06-13 03:00:00,2026-06-13 03:00:31.256086,,31.256086591,VR2AR-69,549924,10.254,
DEPTH,2026-06-13 03:00:00,2026-06-13 03:00:31.256086,,31.256086591,VR2AR-69,549924,15
ATTITUDE,2026-06-13 03:00:00,2026-06-13 03:00:31.256086,,31.256086591,VR2AR-69,549924,3
TEMP,2026-06-13 04:00:00,2026-06-13 04:00:31.294067,,31.294067966,VR2AR-69,549924,10.479,
DEPTH,2026-06-13 04:00:00,2026-06-13 04:00:31.294067,,31.294067966,VR2AR-69,549924,14
ATTITUDE,2026-06-13 04:00:00,2026-06-13 04:00:31.294067,,31.294067966,VR2AR-69,549924,3
TEMP,2026-06-13 05:00:00,2026-06-13 05:00:31.332049,,31.332049340,VR2AR-69,549924,10.622,
DEPTH,2026-06-13 05:00:00,2026-06-13 05:00:31.332049,,31.332049340,VR2AR-69,549924,13
ATTITUDE,2026-06-13 05:00:00,2026-06-13 05:00:31.332049,,31.332049340,VR2AR-69,549924,3
TEMP,2026-06-13 06:00:00,2026-06-13 06:00:31.37003,,31.370030716,VR2AR-69,549924,10.642,
DEPTH,2026-06-13 06:00:00,2026-06-13 06:00:31.37003,,31.370030716,VR2AR-69,549924,12
ATTITUDE,2026-06-13 06:00:00,2026-06-13 06:00:31.37003,,31.370030716,VR2AR-69,549924,2
TEMP,2026-06-13 07:00:00,2026-06-13 07:00:31.408012,,31.408012090,VR2AR-69,549924,10.642,
DEPTH,2026-06-13 07:00:00,2026-06-13 07:00:31.408012,,31.408012090,VR2AR-69,549924,12
ATTITUDE,2026-06-13 07:00:00,2026-06-13 07:00:31.408012,,31.408012090,VR2AR-69,549924,2
TEMP,2026-06-13 08:00:00,2026-06-13 08:00:31.445993,,31.445993465,VR2AR-69,549924,10.847,
DEPTH,2026-06-13 08:00:00,2026-06-13 08:00:31.445993,,31.445993465,VR2AR-69,549924,12
ATTITUDE,2026-06-13 08:00:00,2026-06-13 08:00:31.445993,,31.445993465,VR2AR-69,549924,2
TEMP,2026-06-13 09:00:00,2026-06-13 09:00:31.483974,,31.483974840,VR2AR-69,549924,10.826,
DEPTH,2026-06-13 09:00:00,2026-06-13 09:00:31.483974,,31.483974840,VR2AR-69,549924,12
ATTITUDE,2026-06-13 09:00:00,2026-06-13 09:00:31.483974,,31.483974840,VR2AR-69,549924,2
TEMP,2026-06-13 10:00:00,2026-06-13 10:00:31.521956,,31.521956215,VR2AR-69,549924,10.785,
DEPTH,2026-06-13 10:00:00,2026-06-13 10:00:31.521956,,31.521956215,VR2AR-69,549924,13
ATTITUDE,2026-06-13 10:00:00,2026-06-13 10:00:31.521956,,31.521956215,VR2AR-69,549924,2
TEMP,2026-06-13 11:00:00,2026-06-13 11:00:31.559937,,31.559937589,VR2AR-69,549924,10.56,
DEPTH,2026-06-13 11:00:00,2026-06-13 11:00:31.559937,,31.559937589,VR2AR-69,549924,14
ATTITUDE,2026-06-13 11:00:00,2026-06-13 11:00:31.559937,,31.559937589,VR2AR-69,549924,3
TEMP,2026-06-13 12:00:00,2026-06-13 12:00:31.597918,,31.597918964,VR2AR-69,549924,10.295,
DEPTH,2026-06-13 12:00:00,2026-06-13 12:00:31.597918,,31.597918964,VR2AR-69,549924,15
ATTITUDE,2026-06-13 12:00:00,2026-06-13 12:00:31.597918,,31.597918964,VR2AR-69,549924,3
TEMP,2026-06-13 13:00:00,2026-06-13 13:00:31.6359,,31.635900339,VR2AR-69,549924,9.989,
DEPTH,2026-06-13 13:00:00,2026-06-13 13:00:31.6359,,31.635900339,VR2AR-69,549924,15
ATTITUDE,2026-06-13 13:00:00,2026-06-13 13:00:31.6359,,31.635900339,VR2AR-69,549924,3
TEMP,2026-06-13 14:00:00,2026-06-13 14:00:31.673881,,31.673881714,VR2AR-69,549924,10.438,
DEPTH,2026-06-13 14:00:00,2026-06-13 14:00:31.673881,,31.673881714,VR2AR-69,549924,15
ATTITUDE,2026-06-13 14:00:00,2026-06-13 14:00:31.673881,,31.673881714,VR2AR-69,549924,3
TEMP,2026-06-13 15:00:00,2026-06-13 15:00:31.711863,,31.711863088,VR2AR-69,549924,10.397,
DEPTH,2026-06-13 15:00:00,2026-06-13 15:00:31.711863,,31.711863088,VR2AR-69,549924,15
ATTITUDE,2026-06-13 15:00:00,2026-06-13 15:00:31.711863,,31.711863088,VR2AR-69,549924,2
TEMP,2026-06-13 16:00:00,2026-06-13 16:00:31.749844,,31.749844463,VR2AR-69,549924,10.458,
DEPTH,2026-06-13 16:00:00,2026-06-13 16:00:31.749844,,31.749844463,VR2AR-69,549924,14
ATTITUDE,2026-06-13 16:00:00,2026-06-13 16:00:31.749844,,31.749844463,VR2AR-69,549924,3
TEMP,2026-06-13 17:00:00,2026-06-13 17:00:31.787825,,31.787825838,VR2AR-69,549924,10.724,
DEPTH,2026-06-13 17:00:00,2026-06-13 17:00:31.787825,,31.787825838,VR2AR-69,549924,13
ATTITUDE,2026-06-13 17:00:00,2026-06-13 17:00:31.787825,,31.787825838,VR2AR-69,549924,3
TEMP,2026-06-13 18:00:00,2026-06-13 18:00:31.825807,,31.825807213,VR2AR-69,549924,10.785,
DEPTH,2026-06-13 18:00:00,2026-06-13 18:00:31.825807,,31.825807213,VR2AR-69,549924,13
ATTITUDE,2026-06-13 18:00:00,2026-06-13 18:00:31.825807,,31.825807213,VR2AR-69,549924,2
TEMP,2026-06-13 19:00:00,2026-06-13 19:00:31.863788,,31.863788587,VR2AR-69,549924,10.785,
DEPTH,2026-06-13 19:00:00,2026-06-13 19:00:31.863788,,31.863788587,VR2AR-69,549924,12
ATTITUDE,2026-06-13 19:00:00,2026-06-13 19:00:31.863788,,31.863788587,VR2AR-69,549924,2
TEMP,2026-06-13 20:00:00,2026-06-13 20:00:31.901769,,31.901769962,VR2AR-69,549924,10.99,
DEPTH,2026-06-13 20:00:00,2026-06-13 20:00:31.901769,,31.901769962,VR2AR-69,549924,12
ATTITUDE,2026-06-13 20:00:00,2026-06-13 20:00:31.901769,,31.901769962,VR2AR-69,549924,2
TEMP,2026-06-13 21:00:00,2026-06-13 21:00:31.939751,,31.939751337,VR2AR-69,549924,10.929,
DEPTH,2026-06-13 21:00:00,2026-06-13 21:00:31.939751,,31.939751337,VR2AR-69,549924,13
ATTITUDE,2026-06-13 21:00:00,2026-06-13 21:00:31.939751,,31.939751337,VR2AR-69,549924,2
TEMP,2026-06-13 22:00:00,2026-06-13 22:00:31.977732,,31.977732712,VR2AR-69,549924,10.97,
DEPTH,2026-06-13 22:00:00,2026-06-13 22:00:31.977732,,31.977732712,VR2AR-69,549924,13
ATTITUDE,2026-06-13 22:00:00,2026-06-13 22:00:31.977732,,31.977732712,VR2AR-69,549924,3
TEMP,2026-06-13 23:00:00,2026-06-13 23:00:32.015714,,32.015714087,VR2AR-69,549924,10.888,
DEPTH,2026-06-13 23:00:00,2026-06-13 23:00:32.015714,,32.015714087,VR2AR-69,549924,14
ATTITUDE,2026-06-13 23:00:00,2026-06-13 23:00:32.015714,,32.015714087,VR2AR-69,549924,3
TEMP,2026-06-14 00:00:00,2026-06-14 00:00:32.053695,,32.053695461,VR2AR-69,549924,10.703,
DEPTH,2026-06-14 00:00:00,2026-06-14 00:00:32.053695,,32.053695461,VR2AR-69,549924,15
ATTITUDE,2026-06-14 00:00:00,2026-06-14 00:00:32.053695,,32.053695461,VR2AR-69,549924,3
TEMP,2026-06-14 01:00:00,2026-06-14 01:00:32.091676,,32.091676836,VR2AR-69,549924,10.173,
DEPTH,2026-06-14 01:00:00,2026-06-14 01:00:32.091676,,32.091676836,VR2AR-69,549924,15
ATTITUDE,2026-06-14 01:00:00,2026-06-14 01:00:32.091676,,32.091676836,VR2AR-69,549924,2
TEMP,2026-06-14 02:00:00,2026-06-14 02:00:32.129658,,32.129658211,VR2AR-69,549924,10.54,
DEPTH,2026-06-14 02:00:00,2026-06-14 02:00:32.129658,,32.129658211,VR2AR-69,549924,16
ATTITUDE,2026-06-14 02:00:00,2026-06-14 02:00:32.129658,,32.129658211,VR2AR-69,549924,2
TEMP,2026-06-14 03:00:00,2026-06-14 03:00:32.167639,,32.167639586,VR2AR-69,549924,10.622,
DEPTH,2026-06-14 03:00:00,2026-06-14 03:00:32.167639,,32.167639586,VR2AR-69,549924,15
ATTITUDE,2026-06-14 03:00:00,2026-06-14 03:00:32.167639,,32.167639586,VR2AR-69,549924,2
TEMP,2026-06-14 04:00:00,2026-06-14 04:00:32.20562,,32.205620960,VR2AR-69,549924,10.724,
DEPTH,2026-06-14 04:00:00,2026-06-14 04:00:32.20562,,32.205620960,VR2AR-69,549924,15
ATTITUDE,2026-06-14 04:00:00,2026-06-14 04:00:32.20562,,32.205620960,VR2AR-69,549924,3
TEMP,2026-06-14 05:00:00,2026-06-14 05:00:32.243602,,32.243602335,VR2AR-69,549924,10.949,
DEPTH,2026-06-14 05:00:00,2026-06-14 05:00:32.243602,,32.243602335,VR2AR-69,549924,14
ATTITUDE,2026-06-14 05:00:00,2026-06-14 05:00:32.243602,,32.243602335,VR2AR-69,549924,2
TEMP,2026-06-14 06:00:00,2026-06-14 06:00:32.281583,,32.281583710,VR2AR-69,549924,11.011,
DEPTH,2026-06-14 06:00:00,2026-06-14 06:00:32.281583,,32.281583710,VR2AR-69,549924,13
ATTITUDE,2026-06-14 06:00:00,2026-06-14 06:00:32.281583,,32.281583710,VR2AR-69,549924,2
TEMP,2026-06-14 07:00:00,2026-06-14 07:00:32.319565,,32.319565085,VR2AR-69,549924,10.99,
DEPTH,2026-06-14 07:00:00,2026-06-14 07:00:32.319565,,32.319565085,VR2AR-69,549924,12
ATTITUDE,2026-06-14 07:00:00,2026-06-14 07:00:32.319565,,32.319565085,VR2AR-69,549924,2
TEMP,2026-06-14 08:00:00,2026-06-14 08:00:32.357546,,32.357546459,VR2AR-69,549924,11.052,
DEPTH,2026-06-14 08:00:00,2026-06-14 08:00:32.357546,,32.357546459,VR2AR-69,549924,12
ATTITUDE,2026-06-14 08:00:00,2026-06-14 08:00:32.357546,,32.357546459,VR2AR-69,549924,2
TEMP,2026-06-14 09:00:00,2026-06-14 09:00:32.395527,,32.395527834,VR2AR-69,549924,11.093,
DEPTH,2026-06-14 09:00:00,2026-06-14 09:00:32.395527,,32.395527834,VR2AR-69,549924,12
ATTITUDE,2026-06-14 09:00:00,2026-06-14 09:00:32.395527,,32.395527834,VR2AR-69,549924,2
TEMP,2026-06-14 10:00:00,2026-06-14 10:00:32.433509,,32.433509209,VR2AR-69,549924,11.031,
DEPTH,2026-06-14 10:00:00,2026-06-14 10:00:32.433509,,32.433509209,VR2AR-69,549924,12
ATTITUDE,2026-06-14 10:00:00,2026-06-14 10:00:32.433509,,32.433509209,VR2AR-69,549924,2
TEMP,2026-06-14 11:00:00,2026-06-14 11:00:32.47149,,32.471490584,VR2AR-69,549924,10.99,
DEPTH,2026-06-14 11:00:00,2026-06-14 11:00:32.47149,,32.471490584,VR2AR-69,549924,13
ATTITUDE,2026-06-14 11:00:00,2026-06-14 11:00:32.47149,,32.471490584,VR2AR-69,549924,2
TEMP,2026-06-14 12:00:00,2026-06-14 12:00:32.509471,,32.509471958,VR2AR-69,549924,10.683,
DEPTH,2026-06-14 12:00:00,2026-06-14 12:00:32.509471,,32.509471958,VR2AR-69,549924,14
ATTITUDE,2026-06-14 12:00:00,2026-06-14 12:00:32.509471,,32.509471958,VR2AR-69,549924,2
TEMP,2026-06-14 13:00:00,2026-06-14 13:00:32.547453,,32.547453333,VR2AR-69,549924,10.315,
DEPTH,2026-06-14 13:00:00,2026-06-14 13:00:32.547453,,32.547453333,VR2AR-69,549924,15
ATTITUDE,2026-06-14 13:00:00,2026-06-14 13:00:32.547453,,32.547453333,VR2AR-69,549924,2
TEMP,2026-06-14 14:00:00,2026-06-14 14:00:32.585434,,32.585434708,VR2AR-69,549924,9.705,
DEPTH,2026-06-14 14:00:00,2026-06-14 14:00:32.585434,,32.585434708,VR2AR-69,549924,15
ATTITUDE,2026-06-14 14:00:00,2026-06-14 14:00:32.585434,,32.585434708,VR2AR-69,549924,3
TEMP,2026-06-14 15:00:00,2026-06-14 15:00:32.623416,,32.623416083,VR2AR-69,549924,9.928,
DEPTH,2026-06-14 15:00:00,2026-06-14 15:00:32.623416,,32.623416083,VR2AR-69,549924,15
ATTITUDE,2026-06-14 15:00:00,2026-06-14 15:00:32.623416,,32.623416083,VR2AR-69,549924,2
TEMP,2026-06-14 16:00:00,2026-06-14 16:00:32.661397,,32.661397458,VR2AR-69,549924,10.132,
DEPTH,2026-06-14 16:00:00,2026-06-14 16:00:32.661397,,32.661397458,VR2AR-69,549924,15
ATTITUDE,2026-06-14 16:00:00,2026-06-14 16:00:32.661397,,32.661397458,VR2AR-69,549924,3
TEMP,2026-06-14 17:00:00,2026-06-14 17:00:32.699378,,32.699378832,VR2AR-69,549924,10.479,
DEPTH,2026-06-14 17:00:00,2026-06-14 17:00:32.699378,,32.699378832,VR2AR-69,549924,14
ATTITUDE,2026-06-14 17:00:00,2026-06-14 17:00:32.699378,,32.699378832,VR2AR-69,549924,3
TEMP,2026-06-14 18:00:00,2026-06-14 18:00:32.73736,,32.737360207,VR2AR-69,549924,10.867,
DEPTH,2026-06-14 18:00:00,2026-06-14 18:00:32.73736,,32.737360207,VR2AR-69,549924,13
ATTITUDE,2026-06-14 18:00:00,2026-06-14 18:00:32.73736,,32.737360207,VR2AR-69,549924,2
TEMP,2026-06-14 19:00:00,2026-06-14 19:00:32.775341,,32.775341582,VR2AR-69,549924,10.929,
DEPTH,2026-06-14 19:00:00,2026-06-14 19:00:32.775341,,32.775341582,VR2AR-69,549924,12
ATTITUDE,2026-06-14 19:00:00,2026-06-14 19:00:32.775341,,32.775341582,VR2AR-69,549924,3
TEMP,2026-06-14 20:00:00,2026-06-14 20:00:32.813322,,32.813322957,VR2AR-69,549924,10.99,
DEPTH,2026-06-14 20:00:00,2026-06-14 20:00:32.813322,,32.813322957,VR2AR-69,549924,12
ATTITUDE,2026-06-14 20:00:00,2026-06-14 20:00:32.813322,,32.813322957,VR2AR-69,549924,2
TEMP,2026-06-14 21:00:00,2026-06-14 21:00:32.851304,,32.851304331,VR2AR-69,549924,11.195,
DEPTH,2026-06-14 21:00:00,2026-06-14 21:00:32.851304,,32.851304331,VR2AR-69,549924,12
ATTITUDE,2026-06-14 21:00:00,2026-06-14 21:00:32.851304,,32.851304331,VR2AR-69,549924,2
TEMP,2026-06-14 22:00:00,2026-06-14 22:00:32.889285,,32.889285706,VR2AR-69,549924,11.093,
DEPTH,2026-06-14 22:00:00,2026-06-14 22:00:32.889285,,32.889285706,VR2AR-69,549924,12
ATTITUDE,2026-06-14 22:00:00,2026-06-14 22:00:32.889285,,32.889285706,VR2AR-69,549924,2
TEMP,2026-06-14 23:00:00,2026-06-14 23:00:32.927267,,32.927267081,VR2AR-69,549924,11.031,
DEPTH,2026-06-14 23:00:00,2026-06-14 23:00:32.927267,,32.927267081,VR2AR-69,549924,13
ATTITUDE,2026-06-14 23:00:00,2026-06-14 23:00:32.927267,,32.927267081,VR2AR-69,549924,2
TEMP,2026-06-15 00:00:00,2026-06-15 00:00:32.965248,,32.965248456,VR2AR-69,549924,10.949,
DEPTH,2026-06-15 00:00:00,2026-06-15 00:00:32.965248,,32.965248456,VR2AR-69,549924,14
ATTITUDE,2026-06-15 00:00:00,2026-06-15 00:00:32.965248,,32.965248456,VR2AR-69,549924,2
TEMP,2026-06-15 01:00:00,2026-06-15 01:00:33.003229,,33.003229830,VR2AR-69,549924,10.56,
DEPTH,2026-06-15 01:00:00,2026-06-15 01:00:33.003229,,33.003229830,VR2AR-69,549924,15
ATTITUDE,2026-06-15 01:00:00,2026-06-15 01:00:33.003229,,33.003229830,VR2AR-69,549924,3
TEMP,2026-06-15 02:00:00,2026-06-15 02:00:33.041211,,33.041211205,VR2AR-69,549924,10.295,
DEPTH,2026-06-15 02:00:00,2026-06-15 02:00:33.041211,,33.041211205,VR2AR-69,549924,15
ATTITUDE,2026-06-15 02:00:00,2026-06-15 02:00:33.041211,,33.041211205,VR2AR-69,549924,3
TEMP,2026-06-15 03:00:00,2026-06-15 03:00:33.079192,,33.079192580,VR2AR-69,549924,10.581,
DEPTH,2026-06-15 03:00:00,2026-06-15 03:00:33.079192,,33.079192580,VR2AR-69,549924,16
ATTITUDE,2026-06-15 03:00:00,2026-06-15 03:00:33.079192,,33.079192580,VR2AR-69,549924,3
TEMP,2026-06-15 04:00:00,2026-06-15 04:00:33.117173,,33.117173955,VR2AR-69,549924,10.642,
DEPTH,2026-06-15 04:00:00,2026-06-15 04:00:33.117173,,33.117173955,VR2AR-69,549924,15
ATTITUDE,2026-06-15 04:00:00,2026-06-15 04:00:33.117173,,33.117173955,VR2AR-69,549924,2
TEMP,2026-06-15 05:00:00,2026-06-15 05:00:33.155155,,33.155155329,VR2AR-69,549924,10.847,
DEPTH,2026-06-15 05:00:00,2026-06-15 05:00:33.155155,,33.155155329,VR2AR-69,549924,15
ATTITUDE,2026-06-15 05:00:00,2026-06-15 05:00:33.155155,,33.155155329,VR2AR-69,549924,2
TEMP,2026-06-15 06:00:00,2026-06-15 06:00:33.193136,,33.193136704,VR2AR-69,549924,11.011,
DEPTH,2026-06-15 06:00:00,2026-06-15 06:00:33.193136,,33.193136704,VR2AR-69,549924,14
ATTITUDE,2026-06-15 06:00:00,2026-06-15 06:00:33.193136,,33.193136704,VR2AR-69,549924,2
TEMP,2026-06-15 07:00:00,2026-06-15 07:00:33.231118,,33.231118079,VR2AR-69,549924,11.031,
DEPTH,2026-06-15 07:00:00,2026-06-15 07:00:33.231118,,33.231118079,VR2AR-69,549924,13
ATTITUDE,2026-06-15 07:00:00,2026-06-15 07:00:33.231118,,33.231118079,VR2AR-69,549924,2
TEMP,2026-06-15 08:00:00,2026-06-15 08:00:33.269099,,33.269099454,VR2AR-69,549924,11.031,
DEPTH,2026-06-15 08:00:00,2026-06-15 08:00:33.269099,,33.269099454,VR2AR-69,549924,12
ATTITUDE,2026-06-15 08:00:00,2026-06-15 08:00:33.269099,,33.269099454,VR2AR-69,549924,2
TEMP,2026-06-15 09:00:00,2026-06-15 09:00:33.30708,,33.307080829,VR2AR-69,549924,11.113,
DEPTH,2026-06-15 09:00:00,2026-06-15 09:00:33.30708,,33.307080829,VR2AR-69,549924,12
ATTITUDE,2026-06-15 09:00:00,2026-06-15 09:00:33.30708,,33.307080829,VR2AR-69,549924,2
TEMP,2026-06-15 10:00:00,2026-06-15 10:00:33.345062,,33.345062203,VR2AR-69,549924,11.154,
DEPTH,2026-06-15 10:00:00,2026-06-15 10:00:33.345062,,33.345062203,VR2AR-69,549924,12
ATTITUDE,2026-06-15 10:00:00,2026-06-15 10:00:33.345062,,33.345062203,VR2AR-69,549924,2
TEMP,2026-06-15 11:00:00,2026-06-15 11:00:33.383043,,33.383043578,VR2AR-69,549924,11.113,
DEPTH,2026-06-15 11:00:00,2026-06-15 11:00:33.383043,,33.383043578,VR2AR-69,549924,12
ATTITUDE,2026-06-15 11:00:00,2026-06-15 11:00:33.383043,,33.383043578,VR2AR-69,549924,2
TEMP,2026-06-15 12:00:00,2026-06-15 12:00:33.421024,,33.421024953,VR2AR-69,549924,11.072,
DEPTH,2026-06-15 12:00:00,2026-06-15 12:00:33.421024,,33.421024953,VR2AR-69,549924,13
ATTITUDE,2026-06-15 12:00:00,2026-06-15 12:00:33.421024,,33.421024953,VR2AR-69,549924,2
TEMP,2026-06-15 13:00:00,2026-06-15 13:00:33.459006,,33.459006328,VR2AR-69,549924,10.765,
DEPTH,2026-06-15 13:00:00,2026-06-15 13:00:33.459006,,33.459006328,VR2AR-69,549924,14
ATTITUDE,2026-06-15 13:00:00,2026-06-15 13:00:33.459006,,33.459006328,VR2AR-69,549924,2
TEMP,2026-06-15 14:00:00,2026-06-15 14:00:33.496987,,33.496987702,VR2AR-69,549924,10.356,
DEPTH,2026-06-15 14:00:00,2026-06-15 14:00:33.496987,,33.496987702,VR2AR-69,549924,15
ATTITUDE,2026-06-15 14:00:00,2026-06-15 14:00:33.496987,,33.496987702,VR2AR-69,549924,3
TEMP,2026-06-15 15:00:00,2026-06-15 15:00:33.534969,,33.534969077,VR2AR-69,549924,9.888,
DEPTH,2026-06-15 15:00:00,2026-06-15 15:00:33.534969,,33.534969077,VR2AR-69,549924,15
ATTITUDE,2026-06-15 15:00:00,2026-06-15 15:00:33.534969,,33.534969077,VR2AR-69,549924,2
TEMP,2026-06-15 16:00:00,2026-06-15 16:00:33.57295,,33.572950452,VR2AR-69,549924,10.091,
DEPTH,2026-06-15 16:00:00,2026-06-15 16:00:33.57295,,33.572950452,VR2AR-69,549924,15
ATTITUDE,2026-06-15 16:00:00,2026-06-15 16:00:33.57295,,33.572950452,VR2AR-69,549924,2
TEMP,2026-06-15 17:00:00,2026-06-15 17:00:33.610931,,33.610931827,VR2AR-69,549924,10.193,
DEPTH,2026-06-15 17:00:00,2026-06-15 17:00:33.610931,,33.610931827,VR2AR-69,549924,15
ATTITUDE,2026-06-15 17:00:00,2026-06-15 17:00:33.610931,,33.610931827,VR2AR-69,549924,2
TEMP,2026-06-15 18:00:00,2026-06-15 18:00:33.648913,,33.648913201,VR2AR-69,549924,10.54,
DEPTH,2026-06-15 18:00:00,2026-06-15 18:00:33.648913,,33.648913201,VR2AR-69,549924,14
ATTITUDE,2026-06-15 18:00:00,2026-06-15 18:00:33.648913,,33.648913201,VR2AR-69,549924,3
TEMP,2026-06-15 19:00:00,2026-06-15 19:00:33.686894,,33.686894576,VR2AR-69,549924,10.806,
DEPTH,2026-06-15 19:00:00,2026-06-15 19:00:33.686894,,33.686894576,VR2AR-69,549924,13
ATTITUDE,2026-06-15 19:00:00,2026-06-15 19:00:33.686894,,33.686894576,VR2AR-69,549924,3
TEMP,2026-06-15 20:00:00,2026-06-15 20:00:33.724875,,33.724875951,VR2AR-69,549924,10.949,
DEPTH,2026-06-15 20:00:00,2026-06-15 20:00:33.724875,,33.724875951,VR2AR-69,549924,12
ATTITUDE,2026-06-15 20:00:00,2026-06-15 20:00:33.724875,,33.724875951,VR2AR-69,549924,2
TEMP,2026-06-15 21:00:00,2026-06-15 21:00:33.762857,,33.762857326,VR2AR-69,549924,11.236,
DEPTH,2026-06-15 21:00:00,2026-06-15 21:00:33.762857,,33.762857326,VR2AR-69,549924,12
ATTITUDE,2026-06-15 21:00:00,2026-06-15 21:00:33.762857,,33.762857326,VR2AR-69,549924,2
TEMP,2026-06-15 22:00:00,2026-06-15 22:00:33.800838,,33.800838700,VR2AR-69,549924,11.318,
DEPTH,2026-06-15 22:00:00,2026-06-15 22:00:33.800838,,33.800838700,VR2AR-69,549924,12
ATTITUDE,2026-06-15 22:00:00,2026-06-15 22:00:33.800838,,33.800838700,VR2AR-69,549924,3
TEMP,2026-06-15 23:00:00,2026-06-15 23:00:33.83882,,33.838820076,VR2AR-69,549924,11.421,
DEPTH,2026-06-15 23:00:00,2026-06-15 23:00:33.83882,,33.838820076,VR2AR-69,549924,12
ATTITUDE,2026-06-15 23:00:00,2026-06-15 23:00:33.83882,,33.838820076,VR2AR-69,549924,2
TEMP,2026-06-16 00:00:00,2026-06-16 00:00:33.876801,,33.876801450,VR2AR-69,549924,11.175,
DEPTH,2026-06-16 00:00:00,2026-06-16 00:00:33.876801,,33.876801450,VR2AR-69,549924,13
ATTITUDE,2026-06-16 00:00:00,2026-06-16 00:00:33.876801,,33.876801450,VR2AR-69,549924,2
TEMP,2026-06-16 01:00:00,2026-06-16 01:00:33.914782,,33.914782825,VR2AR-69,549924,11.011,
DEPTH,2026-06-16 01:00:00,2026-06-16 01:00:33.914782,,33.914782825,VR2AR-69,549924,14
ATTITUDE,2026-06-16 01:00:00,2026-06-16 01:00:33.914782,,33.914782825,VR2AR-69,549924,2
TEMP,2026-06-16 02:00:00,2026-06-16 02:00:33.952764,,33.952764200,VR2AR-69,549924,10.336,
DEPTH,2026-06-16 02:00:00,2026-06-16 02:00:33.952764,,33.952764200,VR2AR-69,549924,15
ATTITUDE,2026-06-16 02:00:00,2026-06-16 02:00:33.952764,,33.952764200,VR2AR-69,549924,3
TEMP,2026-06-16 03:00:00,2026-06-16 03:00:33.990745,,33.990745575,VR2AR-69,549924,10.091,
DEPTH,2026-06-16 03:00:00,2026-06-16 03:00:33.990745,,33.990745575,VR2AR-69,549924,16
ATTITUDE,2026-06-16 03:00:00,2026-06-16 03:00:33.990745,,33.990745575,VR2AR-69,549924,2
TEMP,2026-06-16 04:00:00,2026-06-16 04:00:34.028726,,34.028726949,VR2AR-69,549924,10.051,
DEPTH,2026-06-16 04:00:00,2026-06-16 04:00:34.028726,,34.028726949,VR2AR-69,549924,16
ATTITUDE,2026-06-16 04:00:00,2026-06-16 04:00:34.028726,,34.028726949,VR2AR-69,549924,2
TEMP,2026-06-16 05:00:00,2026-06-16 05:00:34.066708,,34.066708324,VR2AR-69,549924,10.173,
DEPTH,2026-06-16 05:00:00,2026-06-16 05:00:34.066708,,34.066708324,VR2AR-69,549924,15
ATTITUDE,2026-06-16 05:00:00,2026-06-16 05:00:34.066708,,34.066708324,VR2AR-69,549924,3
TEMP,2026-06-16 06:00:00,2026-06-16 06:00:34.104689,,34.104689699,VR2AR-69,549924,10.397,
DEPTH,2026-06-16 06:00:00,2026-06-16 06:00:34.104689,,34.104689699,VR2AR-69,549924,15
ATTITUDE,2026-06-16 06:00:00,2026-06-16 06:00:34.104689,,34.104689699,VR2AR-69,549924,3
TEMP,2026-06-16 07:00:00,2026-06-16 07:00:34.142671,,34.142671074,VR2AR-69,549924,10.765,
DEPTH,2026-06-16 07:00:00,2026-06-16 07:00:34.142671,,34.142671074,VR2AR-69,549924,13
ATTITUDE,2026-06-16 07:00:00,2026-06-16 07:00:34.142671,,34.142671074,VR2AR-69,549924,3
TEMP,2026-06-16 08:00:00,2026-06-16 08:00:34.180652,,34.180652448,VR2AR-69,549924,10.867,
DEPTH,2026-06-16 08:00:00,2026-06-16 08:00:34.180652,,34.180652448,VR2AR-69,549924,13
ATTITUDE,2026-06-16 08:00:00,2026-06-16 08:00:34.180652,,34.180652448,VR2AR-69,549924,3
TEMP,2026-06-16 09:00:00,2026-06-16 09:00:34.218633,,34.218633823,VR2AR-69,549924,10.949,
DEPTH,2026-06-16 09:00:00,2026-06-16 09:00:34.218633,,34.218633823,VR2AR-69,549924,12
ATTITUDE,2026-06-16 09:00:00,2026-06-16 09:00:34.218633,,34.218633823,VR2AR-69,549924,2
TEMP,2026-06-16 10:00:00,2026-06-16 10:00:34.256615,,34.256615198,VR2AR-69,549924,11.072,
DEPTH,2026-06-16 10:00:00,2026-06-16 10:00:34.256615,,34.256615198,VR2AR-69,549924,12
ATTITUDE,2026-06-16 10:00:00,2026-06-16 10:00:34.256615,,34.256615198,VR2AR-69,549924,2
TEMP,2026-06-16 11:00:00,2026-06-16 11:00:34.294596,,34.294596573,VR2AR-69,549924,11.093,
DEPTH,2026-06-16 11:00:00,2026-06-16 11:00:34.294596,,34.294596573,VR2AR-69,549924,12
ATTITUDE,2026-06-16 11:00:00,2026-06-16 11:00:34.294596,,34.294596573,VR2AR-69,549924,3
TEMP,2026-06-16 12:00:00,2026-06-16 12:00:34.332577,,34.332577947,VR2AR-69,549924,11.134,
DEPTH,2026-06-16 12:00:00,2026-06-16 12:00:34.332577,,34.332577947,VR2AR-69,549924,12
ATTITUDE,2026-06-16 12:00:00,2026-06-16 12:00:34.332577,,34.332577947,VR2AR-69,549924,2
TEMP,2026-06-16 13:00:00,2026-06-16 13:00:34.370559,,34.370559322,VR2AR-69,549924,10.867,
DEPTH,2026-06-16 13:00:00,2026-06-16 13:00:34.370559,,34.370559322,VR2AR-69,549924,13
ATTITUDE,2026-06-16 13:00:00,2026-06-16 13:00:34.370559,,34.370559322,VR2AR-69,549924,1
TEMP,2026-06-16 14:00:00,2026-06-16 14:00:34.40854,,34.408540697,VR2AR-69,549924,10.724,
DEPTH,2026-06-16 14:00:00,2026-06-16 14:00:34.40854,,34.408540697,VR2AR-69,549924,14
ATTITUDE,2026-06-16 14:00:00,2026-06-16 14:00:34.40854,,34.408540697,VR2AR-69,549924,2
TEMP,2026-06-16 15:00:00,2026-06-16 15:00:34.446522,,34.446522071,VR2AR-69,549924,10.071,
DEPTH,2026-06-16 15:00:00,2026-06-16 15:00:34.446522,,34.446522071,VR2AR-69,549924,15
ATTITUDE,2026-06-16 15:00:00,2026-06-16 15:00:34.446522,,34.446522071,VR2AR-69,549924,2
TEMP,2026-06-16 16:00:00,2026-06-16 16:00:34.484503,,34.484503447,VR2AR-69,549924,9.745,
DEPTH,2026-06-16 16:00:00,2026-06-16 16:00:34.484503,,34.484503447,VR2AR-69,549924,15
ATTITUDE,2026-06-16 16:00:00,2026-06-16 16:00:34.484503,,34.484503447,VR2AR-69,549924,2
TEMP,2026-06-16 17:00:00,2026-06-16 17:00:34.522484,,34.522484821,VR2AR-69,549924,9.644,
DEPTH,2026-06-16 17:00:00,2026-06-16 17:00:34.522484,,34.522484821,VR2AR-69,549924,15
ATTITUDE,2026-06-16 17:00:00,2026-06-16 17:00:34.522484,,34.522484821,VR2AR-69,549924,3
TEMP,2026-06-16 18:00:00,2026-06-16 18:00:34.560466,,34.560466196,VR2AR-69,549924,9.827,
DEPTH,2026-06-16 18:00:00,2026-06-16 18:00:34.560466,,34.560466196,VR2AR-69,549924,15
ATTITUDE,2026-06-16 18:00:00,2026-06-16 18:00:34.560466,,34.560466196,VR2AR-69,549924,3
TEMP,2026-06-16 19:00:00,2026-06-16 19:00:34.598447,,34.598447571,VR2AR-69,549924,10.438,
DEPTH,2026-06-16 19:00:00,2026-06-16 19:00:34.598447,,34.598447571,VR2AR-69,549924,14
ATTITUDE,2026-06-16 19:00:00,2026-06-16 19:00:34.598447,,34.598447571,VR2AR-69,549924,3
TEMP,2026-06-16 20:00:00,2026-06-16 20:00:34.636428,,34.636428946,VR2AR-69,549924,10.785,
DEPTH,2026-06-16 20:00:00,2026-06-16 20:00:34.636428,,34.636428946,VR2AR-69,549924,13
ATTITUDE,2026-06-16 20:00:00,2026-06-16 20:00:34.636428,,34.636428946,VR2AR-69,549924,2
TEMP,2026-06-16 21:00:00,2026-06-16 21:00:34.67441,,34.674410320,VR2AR-69,549924,10.949,
DEPTH,2026-06-16 21:00:00,2026-06-16 21:00:34.67441,,34.674410320,VR2AR-69,549924,12
ATTITUDE,2026-06-16 21:00:00,2026-06-16 21:00:34.67441,,34.674410320,VR2AR-69,549924,2
TEMP,2026-06-16 22:00:00,2026-06-16 22:00:34.712391,,34.712391695,VR2AR-69,549924,11.093,
DEPTH,2026-06-16 22:00:00,2026-06-16 22:00:34.712391,,34.712391695,VR2AR-69,549924,12
ATTITUDE,2026-06-16 22:00:00,2026-06-16 22:00:34.712391,,34.712391695,VR2AR-69,549924,2
TEMP,2026-06-16 23:00:00,2026-06-16 23:00:34.750373,,34.750373070,VR2AR-69,549924,11.072,
DEPTH,2026-06-16 23:00:00,2026-06-16 23:00:34.750373,,34.750373070,VR2AR-69,549924,12
ATTITUDE,2026-06-16 23:00:00,2026-06-16 23:00:34.750373,,34.750373070,VR2AR-69,549924,1
TEMP,2026-06-17 00:00:00,2026-06-17 00:00:34.788354,,34.788354445,VR2AR-69,549924,11.052,
DEPTH,2026-06-17 00:00:00,2026-06-17 00:00:34.788354,,34.788354445,VR2AR-69,549924,12
ATTITUDE,2026-06-17 00:00:00,2026-06-17 00:00:34.788354,,34.788354445,VR2AR-69,549924,2
TEMP,2026-06-17 01:00:00,2026-06-17 01:00:34.826335,,34.826335819,VR2AR-69,549924,10.888,
DEPTH,2026-06-17 01:00:00,2026-06-17 01:00:34.826335,,34.826335819,VR2AR-69,549924,13
ATTITUDE,2026-06-17 01:00:00,2026-06-17 01:00:34.826335,,34.826335819,VR2AR-69,549924,2
TEMP,2026-06-17 02:00:00,2026-06-17 02:00:34.864317,,34.864317194,VR2AR-69,549924,10.908,
DEPTH,2026-06-17 02:00:00,2026-06-17 02:00:34.864317,,34.864317194,VR2AR-69,549924,14
ATTITUDE,2026-06-17 02:00:00,2026-06-17 02:00:34.864317,,34.864317194,VR2AR-69,549924,2
TEMP,2026-06-17 03:00:00,2026-06-17 03:00:34.902298,,34.902298569,VR2AR-69,549924,10.397,
DEPTH,2026-06-17 03:00:00,2026-06-17 03:00:34.902298,,34.902298569,VR2AR-69,549924,15
ATTITUDE,2026-06-17 03:00:00,2026-06-17 03:00:34.902298,,34.902298569,VR2AR-69,549924,2
TEMP,2026-06-17 04:00:00,2026-06-17 04:00:34.940279,,34.940279944,VR2AR-69,549924,10.03,
DEPTH,2026-06-17 04:00:00,2026-06-17 04:00:34.940279,,34.940279944,VR2AR-69,549924,16
ATTITUDE,2026-06-17 04:00:00,2026-06-17 04:00:34.940279,,34.940279944,VR2AR-69,549924,2
TEMP,2026-06-17 05:00:00,2026-06-17 05:00:34.978261,,34.978261318,VR2AR-69,549924,9.928,
DEPTH,2026-06-17 05:00:00,2026-06-17 05:00:34.978261,,34.978261318,VR2AR-69,549924,16
ATTITUDE,2026-06-17 05:00:00,2026-06-17 05:00:34.978261,,34.978261318,VR2AR-69,549924,1
TEMP,2026-06-17 06:00:00,2026-06-17 06:00:35.016242,,35.016242693,VR2AR-69,549924,10.01,
DEPTH,2026-06-17 06:00:00,2026-06-17 06:00:35.016242,,35.016242693,VR2AR-69,549924,15
ATTITUDE,2026-06-17 06:00:00,2026-06-17 06:00:35.016242,,35.016242693,VR2AR-69,549924,2
TEMP,2026-06-17 07:00:00,2026-06-17 07:00:35.054224,,35.054224068,VR2AR-69,549924,10.275,
DEPTH,2026-06-17 07:00:00,2026-06-17 07:00:35.054224,,35.054224068,VR2AR-69,549924,14
ATTITUDE,2026-06-17 07:00:00,2026-06-17 07:00:35.054224,,35.054224068,VR2AR-69,549924,3
TEMP,2026-06-17 08:00:00,2026-06-17 08:00:35.092205,,35.092205443,VR2AR-69,549924,10.601,
DEPTH,2026-06-17 08:00:00,2026-06-17 08:00:35.092205,,35.092205443,VR2AR-69,549924,13
ATTITUDE,2026-06-17 08:00:00,2026-06-17 08:00:35.092205,,35.092205443,VR2AR-69,549924,2
TEMP,2026-06-17 09:00:00,2026-06-17 09:00:35.130186,,35.130186818,VR2AR-69,549924,10.642,
DEPTH,2026-06-17 09:00:00,2026-06-17 09:00:35.130186,,35.130186818,VR2AR-69,549924,13
ATTITUDE,2026-06-17 09:00:00,2026-06-17 09:00:35.130186,,35.130186818,VR2AR-69,549924,3
TEMP,2026-06-17 10:00:00,2026-06-17 10:00:35.168168,,35.168168192,VR2AR-69,549924,10.724,
DEPTH,2026-06-17 10:00:00,2026-06-17 10:00:35.168168,,35.168168192,VR2AR-69,549924,12
ATTITUDE,2026-06-17 10:00:00,2026-06-17 10:00:35.168168,,35.168168192,VR2AR-69,549924,1
TEMP,2026-06-17 11:00:00,2026-06-17 11:00:35.206149,,35.206149567,VR2AR-69,549924,10.867,
DEPTH,2026-06-17 11:00:00,2026-06-17 11:00:35.206149,,35.206149567,VR2AR-69,549924,12
ATTITUDE,2026-06-17 11:00:00,2026-06-17 11:00:35.206149,,35.206149567,VR2AR-69,549924,2
TEMP,2026-06-17 12:00:00,2026-06-17 12:00:35.24413,,35.244130942,VR2AR-69,549924,10.949,
DEPTH,2026-06-17 12:00:00,2026-06-17 12:00:35.24413,,35.244130942,VR2AR-69,549924,12
ATTITUDE,2026-06-17 12:00:00,2026-06-17 12:00:35.24413,,35.244130942,VR2AR-69,549924,3
TEMP,2026-06-17 13:00:00,2026-06-17 13:00:35.282112,,35.282112317,VR2AR-69,549924,10.949,
DEPTH,2026-06-17 13:00:00,2026-06-17 13:00:35.282112,,35.282112317,VR2AR-69,549924,12
ATTITUDE,2026-06-17 13:00:00,2026-06-17 13:00:35.282112,,35.282112317,VR2AR-69,549924,2
TEMP,2026-06-17 14:00:00,2026-06-17 14:00:35.320093,,35.320093691,VR2AR-69,549924,10.785,
DEPTH,2026-06-17 14:00:00,2026-06-17 14:00:35.320093,,35.320093691,VR2AR-69,549924,13
ATTITUDE,2026-06-17 14:00:00,2026-06-17 14:00:35.320093,,35.320093691,VR2AR-69,549924,2
TEMP,2026-06-17 15:00:00,2026-06-17 15:00:35.358075,,35.358075066,VR2AR-69,549924,10.581,
DEPTH,2026-06-17 15:00:00,2026-06-17 15:00:35.358075,,35.358075066,VR2AR-69,549924,14
ATTITUDE,2026-06-17 15:00:00,2026-06-17 15:00:35.358075,,35.358075066,VR2AR-69,549924,3
TEMP,2026-06-17 16:00:00,2026-06-17 16:00:35.396056,,35.396056441,VR2AR-69,549924,10.275,
DEPTH,2026-06-17 16:00:00,2026-06-17 16:00:35.396056,,35.396056441,VR2AR-69,549924,15
ATTITUDE,2026-06-17 16:00:00,2026-06-17 16:00:35.396056,,35.396056441,VR2AR-69,549924,3
TEMP,2026-06-17 17:00:00,2026-06-17 17:00:35.434037,,35.434037816,VR2AR-69,549924,9.705,
DEPTH,2026-06-17 17:00:00,2026-06-17 17:00:35.434037,,35.434037816,VR2AR-69,549924,15
ATTITUDE,2026-06-17 17:00:00,2026-06-17 17:00:35.434037,,35.434037816,VR2AR-69,549924,2
TEMP,2026-06-17 18:00:00,2026-06-17 18:00:35.472019,,35.472019190,VR2AR-69,549924,9.766,
DEPTH,2026-06-17 18:00:00,2026-06-17 18:00:35.472019,,35.472019190,VR2AR-69,549924,15
ATTITUDE,2026-06-17 18:00:00,2026-06-17 18:00:35.472019,,35.472019190,VR2AR-69,549924,2
TEMP,2026-06-17 19:00:00,2026-06-17 19:00:35.51,,35.510000565,VR2AR-69,549924,9.705,
DEPTH,2026-06-17 19:00:00,2026-06-17 19:00:35.51,,35.510000565,VR2AR-69,549924,15
ATTITUDE,2026-06-17 19:00:00,2026-06-17 19:00:35.51,,35.510000565,VR2AR-69,549924,3
TEMP,2026-06-17 20:00:00,2026-06-17 20:00:35.547981,,35.547981940,VR2AR-69,549924,10.295,
DEPTH,2026-06-17 20:00:00,2026-06-17 20:00:35.547981,,35.547981940,VR2AR-69,549924,14
ATTITUDE,2026-06-17 20:00:00,2026-06-17 20:00:35.547981,,35.547981940,VR2AR-69,549924,3
TEMP,2026-06-17 21:00:00,2026-06-17 21:00:35.585963,,35.585963315,VR2AR-69,549924,10.642,
DEPTH,2026-06-17 21:00:00,2026-06-17 21:00:35.585963,,35.585963315,VR2AR-69,549924,13
ATTITUDE,2026-06-17 21:00:00,2026-06-17 21:00:35.585963,,35.585963315,VR2AR-69,549924,3
TEMP,2026-06-17 22:00:00,2026-06-17 22:00:35.623944,,35.623944689,VR2AR-69,549924,10.785,
DEPTH,2026-06-17 22:00:00,2026-06-17 22:00:35.623944,,35.623944689,VR2AR-69,549924,12
ATTITUDE,2026-06-17 22:00:00,2026-06-17 22:00:35.623944,,35.623944689,VR2AR-69,549924,2
TEMP,2026-06-17 23:00:00,2026-06-17 23:00:35.661926,,35.661926064,VR2AR-69,549924,10.97,
DEPTH,2026-06-17 23:00:00,2026-06-17 23:00:35.661926,,35.661926064,VR2AR-69,549924,12
ATTITUDE,2026-06-17 23:00:00,2026-06-17 23:00:35.661926,,35.661926064,VR2AR-69,549924,2
TEMP,2026-06-18 00:00:00,2026-06-18 00:00:35.699907,,35.699907439,VR2AR-69,549924,11.072,
DEPTH,2026-06-18 00:00:00,2026-06-18 00:00:35.699907,,35.699907439,VR2AR-69,549924,12
ATTITUDE,2026-06-18 00:00:00,2026-06-18 00:00:35.699907,,35.699907439,VR2AR-69,549924,2
TEMP,2026-06-18 01:00:00,2026-06-18 01:00:35.737888,,35.737888814,VR2AR-69,549924,11.134,
DEPTH,2026-06-18 01:00:00,2026-06-18 01:00:35.737888,,35.737888814,VR2AR-69,549924,13
ATTITUDE,2026-06-18 01:00:00,2026-06-18 01:00:35.737888,,35.737888814,VR2AR-69,549924,3
TEMP,2026-06-18 02:00:00,2026-06-18 02:00:35.77587,,35.775870189,VR2AR-69,549924,10.847,
DEPTH,2026-06-18 02:00:00,2026-06-18 02:00:35.77587,,35.775870189,VR2AR-69,549924,13
ATTITUDE,2026-06-18 02:00:00,2026-06-18 02:00:35.77587,,35.775870189,VR2AR-69,549924,1
TEMP,2026-06-18 03:00:00,2026-06-18 03:00:35.813851,,35.813851563,VR2AR-69,549924,10.867,
DEPTH,2026-06-18 03:00:00,2026-06-18 03:00:35.813851,,35.813851563,VR2AR-69,549924,14
ATTITUDE,2026-06-18 03:00:00,2026-06-18 03:00:35.813851,,35.813851563,VR2AR-69,549924,2
TEMP,2026-06-18 04:00:00,2026-06-18 04:00:35.851832,,35.851832938,VR2AR-69,549924,10.479,
DEPTH,2026-06-18 04:00:00,2026-06-18 04:00:35.851832,,35.851832938,VR2AR-69,549924,15
ATTITUDE,2026-06-18 04:00:00,2026-06-18 04:00:35.851832,,35.851832938,VR2AR-69,549924,2
TEMP,2026-06-18 05:00:00,2026-06-18 05:00:35.889814,,35.889814313,VR2AR-69,549924,10.356,
DEPTH,2026-06-18 05:00:00,2026-06-18 05:00:35.889814,,35.889814313,VR2AR-69,549924,15
ATTITUDE,2026-06-18 05:00:00,2026-06-18 05:00:35.889814,,35.889814313,VR2AR-69,549924,2
TEMP,2026-06-18 06:00:00,2026-06-18 06:00:35.927795,,35.927795688,VR2AR-69,549924,10.336,
DEPTH,2026-06-18 06:00:00,2026-06-18 06:00:35.927795,,35.927795688,VR2AR-69,549924,16
ATTITUDE,2026-06-18 06:00:00,2026-06-18 06:00:35.927795,,35.927795688,VR2AR-69,549924,3
TEMP,2026-06-18 07:00:00,2026-06-18 07:00:35.965777,,35.965777062,VR2AR-69,549924,10.397,
DEPTH,2026-06-18 07:00:00,2026-06-18 07:00:35.965777,,35.965777062,VR2AR-69,549924,15
ATTITUDE,2026-06-18 07:00:00,2026-06-18 07:00:35.965777,,35.965777062,VR2AR-69,549924,2
TEMP,2026-06-18 08:00:00,2026-06-18 08:00:36.003758,,36.003758437,VR2AR-69,549924,10.581,
DEPTH,2026-06-18 08:00:00,2026-06-18 08:00:36.003758,,36.003758437,VR2AR-69,549924,14
ATTITUDE,2026-06-18 08:00:00,2026-06-18 08:00:36.003758,,36.003758437,VR2AR-69,549924,3
TEMP,2026-06-18 09:00:00,2026-06-18 09:00:36.041739,,36.041739812,VR2AR-69,549924,10.765,
DEPTH,2026-06-18 09:00:00,2026-06-18 09:00:36.041739,,36.041739812,VR2AR-69,549924,13
ATTITUDE,2026-06-18 09:00:00,2026-06-18 09:00:36.041739,,36.041739812,VR2AR-69,549924,2
TEMP,2026-06-18 10:00:00,2026-06-18 10:00:36.079721,,36.079721187,VR2AR-69,549924,10.785,
DEPTH,2026-06-18 10:00:00,2026-06-18 10:00:36.079721,,36.079721187,VR2AR-69,549924,13
ATTITUDE,2026-06-18 10:00:00,2026-06-18 10:00:36.079721,,36.079721187,VR2AR-69,549924,3
TEMP,2026-06-18 11:00:00,2026-06-18 11:00:36.117702,,36.117702561,VR2AR-69,549924,10.867,
DEPTH,2026-06-18 11:00:00,2026-06-18 11:00:36.117702,,36.117702561,VR2AR-69,549924,12
ATTITUDE,2026-06-18 11:00:00,2026-06-18 11:00:36.117702,,36.117702561,VR2AR-69,549924,2
TEMP,2026-06-18 12:00:00,2026-06-18 12:00:36.155683,,36.155683937,VR2AR-69,549924,10.867,
DEPTH,2026-06-18 12:00:00,2026-06-18 12:00:36.155683,,36.155683937,VR2AR-69,549924,12
ATTITUDE,2026-06-18 12:00:00,2026-06-18 12:00:36.155683,,36.155683937,VR2AR-69,549924,2
TEMP,2026-06-18 13:00:00,2026-06-18 13:00:36.193665,,36.193665311,VR2AR-69,549924,10.929,
DEPTH,2026-06-18 13:00:00,2026-06-18 13:00:36.193665,,36.193665311,VR2AR-69,549924,12
ATTITUDE,2026-06-18 13:00:00,2026-06-18 13:00:36.193665,,36.193665311,VR2AR-69,549924,2
TEMP,2026-06-18 14:00:00,2026-06-18 14:00:36.231646,,36.231646686,VR2AR-69,549924,10.847,
DEPTH,2026-06-18 14:00:00,2026-06-18 14:00:36.231646,,36.231646686,VR2AR-69,549924,12
ATTITUDE,2026-06-18 14:00:00,2026-06-18 14:00:36.231646,,36.231646686,VR2AR-69,549924,0
TEMP,2026-06-18 15:00:00,2026-06-18 15:00:36.269628,,36.269628060,VR2AR-69,549924,10.867,
DEPTH,2026-06-18 15:00:00,2026-06-18 15:00:36.269628,,36.269628060,VR2AR-69,549924,13
ATTITUDE,2026-06-18 15:00:00,2026-06-18 15:00:36.269628,,36.269628060,VR2AR-69,549924,3
TEMP,2026-06-18 16:00:00,2026-06-18 16:00:36.307609,,36.307609436,VR2AR-69,549924,10.642,
DEPTH,2026-06-18 16:00:00,2026-06-18 16:00:36.307609,,36.307609436,VR2AR-69,549924,14
ATTITUDE,2026-06-18 16:00:00,2026-06-18 16:00:36.307609,,36.307609436,VR2AR-69,549924,3
TEMP,2026-06-18 17:00:00,2026-06-18 17:00:36.34559,,36.345590810,VR2AR-69,549924,10.356,
DEPTH,2026-06-18 17:00:00,2026-06-18 17:00:36.34559,,36.345590810,VR2AR-69,549924,15
ATTITUDE,2026-06-18 17:00:00,2026-06-18 17:00:36.34559,,36.345590810,VR2AR-69,549924,2
TEMP,2026-06-18 18:00:00,2026-06-18 18:00:36.383572,,36.383572185,VR2AR-69,549924,10.275,
DEPTH,2026-06-18 18:00:00,2026-06-18 18:00:36.383572,,36.383572185,VR2AR-69,549924,15
ATTITUDE,2026-06-18 18:00:00,2026-06-18 18:00:36.383572,,36.383572185,VR2AR-69,549924,2
TEMP,2026-06-18 19:00:00,2026-06-18 19:00:36.421553,,36.421553560,VR2AR-69,549924,10.275,
DEPTH,2026-06-18 19:00:00,2026-06-18 19:00:36.421553,,36.421553560,VR2AR-69,549924,15
ATTITUDE,2026-06-18 19:00:00,2026-06-18 19:00:36.421553,,36.421553560,VR2AR-69,549924,2
TEMP,2026-06-18 20:00:00,2026-06-18 20:00:36.459534,,36.459534935,VR2AR-69,549924,10.213,
DEPTH,2026-06-18 20:00:00,2026-06-18 20:00:36.459534,,36.459534935,VR2AR-69,549924,15
ATTITUDE,2026-06-18 20:00:00,2026-06-18 20:00:36.459534,,36.459534935,VR2AR-69,549924,2
TEMP,2026-06-18 21:00:00,2026-06-18 21:00:36.497516,,36.497516309,VR2AR-69,549924,10.479,
DEPTH,2026-06-18 21:00:00,2026-06-18 21:00:36.497516,,36.497516309,VR2AR-69,549924,14
ATTITUDE,2026-06-18 21:00:00,2026-06-18 21:00:36.497516,,36.497516309,VR2AR-69,549924,3
TEMP,2026-06-18 22:00:00,2026-06-18 22:00:36.535497,,36.535497684,VR2AR-69,549924,10.724,
DEPTH,2026-06-18 22:00:00,2026-06-18 22:00:36.535497,,36.535497684,VR2AR-69,549924,13
ATTITUDE,2026-06-18 22:00:00,2026-06-18 22:00:36.535497,,36.535497684,VR2AR-69,549924,1
TEMP,2026-06-18 23:00:00,2026-06-18 23:00:36.573479,,36.573479059,VR2AR-69,549924,10.785,
DEPTH,2026-06-18 23:00:00,2026-06-18 23:00:36.573479,,36.573479059,VR2AR-69,549924,12
ATTITUDE,2026-06-18 23:00:00,2026-06-18 23:00:36.573479,,36.573479059,VR2AR-69,549924,3
TEMP,2026-06-19 00:00:00,2026-06-19 00:00:36.61146,,36.611460433,VR2AR-69,549924,10.642,
DEPTH,2026-06-19 00:00:00,2026-06-19 00:00:36.61146,,36.611460433,VR2AR-69,549924,12
ATTITUDE,2026-06-19 00:00:00,2026-06-19 00:00:36.61146,,36.611460433,VR2AR-69,549924,4
TEMP,2026-06-19 01:00:00,2026-06-19 01:00:36.649441,,36.649441808,VR2AR-69,549924,10.622,
DEPTH,2026-06-19 01:00:00,2026-06-19 01:00:36.649441,,36.649441808,VR2AR-69,549924,12
ATTITUDE,2026-06-19 01:00:00,2026-06-19 01:00:36.649441,,36.649441808,VR2AR-69,549924,3
TEMP,2026-06-19 02:00:00,2026-06-19 02:00:36.687423,,36.687423183,VR2AR-69,549924,10.642,
DEPTH,2026-06-19 02:00:00,2026-06-19 02:00:36.687423,,36.687423183,VR2AR-69,549924,13
ATTITUDE,2026-06-19 02:00:00,2026-06-19 02:00:36.687423,,36.687423183,VR2AR-69,549924,0
TEMP,2026-06-19 03:00:00,2026-06-19 03:00:36.725404,,36.725404558,VR2AR-69,549924,10.642,
DEPTH,2026-06-19 03:00:00,2026-06-19 03:00:36.725404,,36.725404558,VR2AR-69,549924,13
ATTITUDE,2026-06-19 03:00:00,2026-06-19 03:00:36.725404,,36.725404558,VR2AR-69,549924,0
TEMP,2026-06-19 04:00:00,2026-06-19 04:00:36.763385,,36.763385932,VR2AR-69,549924,10.663,
DEPTH,2026-06-19 04:00:00,2026-06-19 04:00:36.763385,,36.763385932,VR2AR-69,549924,14
ATTITUDE,2026-06-19 04:00:00,2026-06-19 04:00:36.763385,,36.763385932,VR2AR-69,549924,3
TEMP,2026-06-19 05:00:00,2026-06-19 05:00:36.801367,,36.801367308,VR2AR-69,549924,10.642,
DEPTH,2026-06-19 05:00:00,2026-06-19 05:00:36.801367,,36.801367308,VR2AR-69,549924,15
ATTITUDE,2026-06-19 05:00:00,2026-06-19 05:00:36.801367,,36.801367308,VR2AR-69,549924,2
TEMP,2026-06-19 06:00:00,2026-06-19 06:00:36.839348,,36.839348682,VR2AR-69,549924,10.622,
DEPTH,2026-06-19 06:00:00,2026-06-19 06:00:36.839348,,36.839348682,VR2AR-69,549924,15
ATTITUDE,2026-06-19 06:00:00,2026-06-19 06:00:36.839348,,36.839348682,VR2AR-69,549924,2
TEMP,2026-06-19 07:00:00,2026-06-19 07:00:36.87733,,36.877330057,VR2AR-69,549924,10.581,
DEPTH,2026-06-19 07:00:00,2026-06-19 07:00:36.87733,,36.877330057,VR2AR-69,549924,15
ATTITUDE,2026-06-19 07:00:00,2026-06-19 07:00:36.87733,,36.877330057,VR2AR-69,549924,4
TEMP,2026-06-19 08:00:00,2026-06-19 08:00:36.915311,,36.915311431,VR2AR-69,549924,10.601,
DEPTH,2026-06-19 08:00:00,2026-06-19 08:00:36.915311,,36.915311431,VR2AR-69,549924,15
ATTITUDE,2026-06-19 08:00:00,2026-06-19 08:00:36.915311,,36.915311431,VR2AR-69,549924,1
TEMP,2026-06-19 09:00:00,2026-06-19 09:00:36.953292,,36.953292807,VR2AR-69,549924,10.622,
DEPTH,2026-06-19 09:00:00,2026-06-19 09:00:36.953292,,36.953292807,VR2AR-69,549924,14
ATTITUDE,2026-06-19 09:00:00,2026-06-19 09:00:36.953292,,36.953292807,VR2AR-69,549924,2
TEMP,2026-06-19 10:00:00,2026-06-19 10:00:36.991274,,36.991274181,VR2AR-69,549924,10.683,
DEPTH,2026-06-19 10:00:00,2026-06-19 10:00:36.991274,,36.991274181,VR2AR-69,549924,13
ATTITUDE,2026-06-19 10:00:00,2026-06-19 10:00:36.991274,,36.991274181,VR2AR-69,549924,1
TEMP,2026-06-19 11:00:00,2026-06-19 11:00:37.029255,,37.029255556,VR2AR-69,549924,10.724,
DEPTH,2026-06-19 11:00:00,2026-06-19 11:00:37.029255,,37.029255556,VR2AR-69,549924,12
ATTITUDE,2026-06-19 11:00:00,2026-06-19 11:00:37.029255,,37.029255556,VR2AR-69,549924,2
TEMP,2026-06-19 12:00:00,2026-06-19 12:00:37.067236,,37.067236931,VR2AR-69,549924,10.703,
DEPTH,2026-06-19 12:00:00,2026-06-19 12:00:37.067236,,37.067236931,VR2AR-69,549924,12
ATTITUDE,2026-06-19 12:00:00,2026-06-19 12:00:37.067236,,37.067236931,VR2AR-69,549924,2
TEMP,2026-06-19 13:00:00,2026-06-19 13:00:37.105218,,37.105218306,VR2AR-69,549924,10.703,
DEPTH,2026-06-19 13:00:00,2026-06-19 13:00:37.105218,,37.105218306,VR2AR-69,549924,12
ATTITUDE,2026-06-19 13:00:00,2026-06-19 13:00:37.105218,,37.105218306,VR2AR-69,549924,2
TEMP,2026-06-19 14:00:00,2026-06-19 14:00:37.143199,,37.143199680,VR2AR-69,549924,10.744,
DEPTH,2026-06-19 14:00:00,2026-06-19 14:00:37.143199,,37.143199680,VR2AR-69,549924,12
ATTITUDE,2026-06-19 14:00:00,2026-06-19 14:00:37.143199,,37.143199680,VR2AR-69,549924,2
TEMP,2026-06-19 15:00:00,2026-06-19 15:00:37.181181,,37.181181055,VR2AR-69,549924,10.97,
DEPTH,2026-06-19 15:00:00,2026-06-19 15:00:37.181181,,37.181181055,VR2AR-69,549924,12
ATTITUDE,2026-06-19 15:00:00,2026-06-19 15:00:37.181181,,37.181181055,VR2AR-69,549924,1
TEMP,2026-06-19 16:00:00,2026-06-19 16:00:37.219162,,37.219162430,VR2AR-69,549924,10.908,
DEPTH,2026-06-19 16:00:00,2026-06-19 16:00:37.219162,,37.219162430,VR2AR-69,549924,13
ATTITUDE,2026-06-19 16:00:00,2026-06-19 16:00:37.219162,,37.219162430,VR2AR-69,549924,3
TEMP,2026-06-19 17:00:00,2026-06-19 17:00:37.257143,,37.257143805,VR2AR-69,549924,10.888,
DEPTH,2026-06-19 17:00:00,2026-06-19 17:00:37.257143,,37.257143805,VR2AR-69,549924,14
ATTITUDE,2026-06-19 17:00:00,2026-06-19 17:00:37.257143,,37.257143805,VR2AR-69,549924,2
TEMP,2026-06-19 18:00:00,2026-06-19 18:00:37.295125,,37.295125179,VR2AR-69,549924,10.703,
DEPTH,2026-06-19 18:00:00,2026-06-19 18:00:37.295125,,37.295125179,VR2AR-69,549924,15
ATTITUDE,2026-06-19 18:00:00,2026-06-19 18:00:37.295125,,37.295125179,VR2AR-69,549924,3
TEMP,2026-06-19 19:00:00,2026-06-19 19:00:37.333106,,37.333106554,VR2AR-69,549924,10.458,
DEPTH,2026-06-19 19:00:00,2026-06-19 19:00:37.333106,,37.333106554,VR2AR-69,549924,15
ATTITUDE,2026-06-19 19:00:00,2026-06-19 19:00:37.333106,,37.333106554,VR2AR-69,549924,2
TEMP,2026-06-19 20:00:00,2026-06-19 20:00:37.371087,,37.371087929,VR2AR-69,549924,10.356,
DEPTH,2026-06-19 20:00:00,2026-06-19 20:00:37.371087,,37.371087929,VR2AR-69,549924,15
ATTITUDE,2026-06-19 20:00:00,2026-06-19 20:00:37.371087,,37.371087929,VR2AR-69,549924,2
TEMP,2026-06-19 21:00:00,2026-06-19 21:00:37.409069,,37.409069304,VR2AR-69,549924,10.438,
DEPTH,2026-06-19 21:00:00,2026-06-19 21:00:37.409069,,37.409069304,VR2AR-69,549924,14
ATTITUDE,2026-06-19 21:00:00,2026-06-19 21:00:37.409069,,37.409069304,VR2AR-69,549924,3
TEMP,2026-06-19 22:00:00,2026-06-19 22:00:37.44705,,37.447050679,VR2AR-69,549924,10.744,
DEPTH,2026-06-19 22:00:00,2026-06-19 22:00:37.44705,,37.447050679,VR2AR-69,549924,14
ATTITUDE,2026-06-19 22:00:00,2026-06-19 22:00:37.44705,,37.447050679,VR2AR-69,549924,2
TEMP,2026-06-19 23:00:00,2026-06-19 23:00:37.485032,,37.485032053,VR2AR-69,549924,10.867,
DEPTH,2026-06-19 23:00:00,2026-06-19 23:00:37.485032,,37.485032053,VR2AR-69,549924,13
ATTITUDE,2026-06-19 23:00:00,2026-06-19 23:00:37.485032,,37.485032053,VR2AR-69,549924,3
TEMP,2026-06-20 00:00:00,2026-06-20 00:00:37.523013,,37.523013428,VR2AR-69,549924,10.929,
DEPTH,2026-06-20 00:00:00,2026-06-20 00:00:37.523013,,37.523013428,VR2AR-69,549924,12
ATTITUDE,2026-06-20 00:00:00,2026-06-20 00:00:37.523013,,37.523013428,VR2AR-69,549924,1
TEMP,2026-06-20 01:00:00,2026-06-20 01:00:37.560994,,37.560994803,VR2AR-69,549924,11.011,
DEPTH,2026-06-20 01:00:00,2026-06-20 01:00:37.560994,,37.560994803,VR2AR-69,549924,12
ATTITUDE,2026-06-20 01:00:00,2026-06-20 01:00:37.560994,,37.560994803,VR2AR-69,549924,2
TEMP,2026-06-20 02:00:00,2026-06-20 02:00:37.598976,,37.598976178,VR2AR-69,549924,11.011,
DEPTH,2026-06-20 02:00:00,2026-06-20 02:00:37.598976,,37.598976178,VR2AR-69,549924,12
ATTITUDE,2026-06-20 02:00:00,2026-06-20 02:00:37.598976,,37.598976178,VR2AR-69,549924,2
TEMP,2026-06-20 03:00:00,2026-06-20 03:00:37.636957,,37.636957552,VR2AR-69,549924,11.011,
DEPTH,2026-06-20 03:00:00,2026-06-20 03:00:37.636957,,37.636957552,VR2AR-69,549924,13
ATTITUDE,2026-06-20 03:00:00,2026-06-20 03:00:37.636957,,37.636957552,VR2AR-69,549924,2
TEMP,2026-06-20 04:00:00,2026-06-20 04:00:37.674938,,37.674938927,VR2AR-69,549924,10.806,
DEPTH,2026-06-20 04:00:00,2026-06-20 04:00:37.674938,,37.674938927,VR2AR-69,549924,13
ATTITUDE,2026-06-20 04:00:00,2026-06-20 04:00:37.674938,,37.674938927,VR2AR-69,549924,1
TEMP,2026-06-20 05:00:00,2026-06-20 05:00:37.71292,,37.712920302,VR2AR-69,549924,10.785,
DEPTH,2026-06-20 05:00:00,2026-06-20 05:00:37.71292,,37.712920302,VR2AR-69,549924,14
ATTITUDE,2026-06-20 05:00:00,2026-06-20 05:00:37.71292,,37.712920302,VR2AR-69,549924,1
TEMP,2026-06-20 06:00:00,2026-06-20 06:00:37.750901,,37.750901677,VR2AR-69,549924,10.54,
DEPTH,2026-06-20 06:00:00,2026-06-20 06:00:37.750901,,37.750901677,VR2AR-69,549924,15
ATTITUDE,2026-06-20 06:00:00,2026-06-20 06:00:37.750901,,37.750901677,VR2AR-69,549924,2
TEMP,2026-06-20 07:00:00,2026-06-20 07:00:37.788883,,37.788883051,VR2AR-69,549924,10.132,
DEPTH,2026-06-20 07:00:00,2026-06-20 07:00:37.788883,,37.788883051,VR2AR-69,549924,15
ATTITUDE,2026-06-20 07:00:00,2026-06-20 07:00:37.788883,,37.788883051,VR2AR-69,549924,1
TEMP,2026-06-20 08:00:00,2026-06-20 08:00:37.826864,,37.826864426,VR2AR-69,549924,9.949,
DEPTH,2026-06-20 08:00:00,2026-06-20 08:00:37.826864,,37.826864426,VR2AR-69,549924,15
ATTITUDE,2026-06-20 08:00:00,2026-06-20 08:00:37.826864,,37.826864426,VR2AR-69,549924,1
TEMP,2026-06-20 09:00:00,2026-06-20 09:00:37.864845,,37.864845801,VR2AR-69,549924,10.01,
DEPTH,2026-06-20 09:00:00,2026-06-20 09:00:37.864845,,37.864845801,VR2AR-69,549924,15
ATTITUDE,2026-06-20 09:00:00,2026-06-20 09:00:37.864845,,37.864845801,VR2AR-69,549924,1
TEMP,2026-06-20 10:00:00,2026-06-20 10:00:37.902827,,37.902827176,VR2AR-69,549924,10.438,
DEPTH,2026-06-20 10:00:00,2026-06-20 10:00:37.902827,,37.902827176,VR2AR-69,549924,14
ATTITUDE,2026-06-20 10:00:00,2026-06-20 10:00:37.902827,,37.902827176,VR2AR-69,549924,2
TEMP,2026-06-20 11:00:00,2026-06-20 11:00:37.940808,,37.940808550,VR2AR-69,549924,10.683,
DEPTH,2026-06-20 11:00:00,2026-06-20 11:00:37.940808,,37.940808550,VR2AR-69,549924,13
ATTITUDE,2026-06-20 11:00:00,2026-06-20 11:00:37.940808,,37.940808550,VR2AR-69,549924,3
TEMP,2026-06-20 12:00:00,2026-06-20 12:00:37.978789,,37.978789925,VR2AR-69,549924,10.744,
DEPTH,2026-06-20 12:00:00,2026-06-20 12:00:37.978789,,37.978789925,VR2AR-69,549924,13
ATTITUDE,2026-06-20 12:00:00,2026-06-20 12:00:37.978789,,37.978789925,VR2AR-69,549924,3
TEMP,2026-06-20 13:00:00,2026-06-20 13:00:38.016771,,38.016771300,VR2AR-69,549924,10.826,
DEPTH,2026-06-20 13:00:00,2026-06-20 13:00:38.016771,,38.016771300,VR2AR-69,549924,12
ATTITUDE,2026-06-20 13:00:00,2026-06-20 13:00:38.016771,,38.016771300,VR2AR-69,549924,3
TEMP,2026-06-20 14:00:00,2026-06-20 14:00:38.054752,,38.054752675,VR2AR-69,549924,10.99,
DEPTH,2026-06-20 14:00:00,2026-06-20 14:00:38.054752,,38.054752675,VR2AR-69,549924,12
ATTITUDE,2026-06-20 14:00:00,2026-06-20 14:00:38.054752,,38.054752675,VR2AR-69,549924,2
TEMP,2026-06-20 15:00:00,2026-06-20 15:00:38.092734,,38.092734050,VR2AR-69,549924,11.052,
DEPTH,2026-06-20 15:00:00,2026-06-20 15:00:38.092734,,38.092734050,VR2AR-69,549924,12
ATTITUDE,2026-06-20 15:00:00,2026-06-20 15:00:38.092734,,38.092734050,VR2AR-69,549924,2
TEMP,2026-06-20 16:00:00,2026-06-20 16:00:38.130715,,38.130715424,VR2AR-69,549924,10.99,
DEPTH,2026-06-20 16:00:00,2026-06-20 16:00:38.130715,,38.130715424,VR2AR-69,549924,13
ATTITUDE,2026-06-20 16:00:00,2026-06-20 16:00:38.130715,,38.130715424,VR2AR-69,549924,3
TEMP,2026-06-20 17:00:00,2026-06-20 17:00:38.168696,,38.168696799,VR2AR-69,549924,10.847,
DEPTH,2026-06-20 17:00:00,2026-06-20 17:00:38.168696,,38.168696799,VR2AR-69,549924,13
ATTITUDE,2026-06-20 17:00:00,2026-06-20 17:00:38.168696,,38.168696799,VR2AR-69,549924,3
TEMP,2026-06-20 18:00:00,2026-06-20 18:00:38.206678,,38.206678174,VR2AR-69,549924,10.703,
DEPTH,2026-06-20 18:00:00,2026-06-20 18:00:38.206678,,38.206678174,VR2AR-69,549924,14
ATTITUDE,2026-06-20 18:00:00,2026-06-20 18:00:38.206678,,38.206678174,VR2AR-69,549924,1
TEMP,2026-06-20 19:00:00,2026-06-20 19:00:38.244659,,38.244659549,VR2AR-69,549924,10.112,
DEPTH,2026-06-20 19:00:00,2026-06-20 19:00:38.244659,,38.244659549,VR2AR-69,549924,15
ATTITUDE,2026-06-20 19:00:00,2026-06-20 19:00:38.244659,,38.244659549,VR2AR-69,549924,2
TEMP,2026-06-20 20:00:00,2026-06-20 20:00:38.28264,,38.282640923,VR2AR-69,549924,9.928,
DEPTH,2026-06-20 20:00:00,2026-06-20 20:00:38.28264,,38.282640923,VR2AR-69,549924,15
ATTITUDE,2026-06-20 20:00:00,2026-06-20 20:00:38.28264,,38.282640923,VR2AR-69,549924,2
TEMP,2026-06-20 21:00:00,2026-06-20 21:00:38.320622,,38.320622298,VR2AR-69,549924,9.827,
DEPTH,2026-06-20 21:00:00,2026-06-20 21:00:38.320622,,38.320622298,VR2AR-69,549924,15
ATTITUDE,2026-06-20 21:00:00,2026-06-20 21:00:38.320622,,38.320622298,VR2AR-69,549924,2
TEMP,2026-06-20 22:00:00,2026-06-20 22:00:38.358603,,38.358603673,VR2AR-69,549924,9.908,
DEPTH,2026-06-20 22:00:00,2026-06-20 22:00:38.358603,,38.358603673,VR2AR-69,549924,14
ATTITUDE,2026-06-20 22:00:00,2026-06-20 22:00:38.358603,,38.358603673,VR2AR-69,549924,2
TEMP,2026-06-20 23:00:00,2026-06-20 23:00:38.396585,,38.396585048,VR2AR-69,549924,10.397,
DEPTH,2026-06-20 23:00:00,2026-06-20 23:00:38.396585,,38.396585048,VR2AR-69,549924,14
ATTITUDE,2026-06-20 23:00:00,2026-06-20 23:00:38.396585,,38.396585048,VR2AR-69,549924,3
TEMP,2026-06-21 00:00:00,2026-06-21 00:00:38.434566,,38.434566422,VR2AR-69,549924,10.663,
DEPTH,2026-06-21 00:00:00,2026-06-21 00:00:38.434566,,38.434566422,VR2AR-69,549924,13
ATTITUDE,2026-06-21 00:00:00,2026-06-21 00:00:38.434566,,38.434566422,VR2AR-69,549924,2
TEMP,2026-06-21 01:00:00,2026-06-21 01:00:38.472547,,38.472547797,VR2AR-69,549924,10.765,
DEPTH,2026-06-21 01:00:00,2026-06-21 01:00:38.472547,,38.472547797,VR2AR-69,549924,12
ATTITUDE,2026-06-21 01:00:00,2026-06-21 01:00:38.472547,,38.472547797,VR2AR-69,549924,2
TEMP,2026-06-21 02:00:00,2026-06-21 02:00:38.510529,,38.510529172,VR2AR-69,549924,10.867,
DEPTH,2026-06-21 02:00:00,2026-06-21 02:00:38.510529,,38.510529172,VR2AR-69,549924,12
ATTITUDE,2026-06-21 02:00:00,2026-06-21 02:00:38.510529,,38.510529172,VR2AR-69,549924,2
TEMP,2026-06-21 03:00:00,2026-06-21 03:00:38.54851,,38.548510547,VR2AR-69,549924,10.888,
DEPTH,2026-06-21 03:00:00,2026-06-21 03:00:38.54851,,38.548510547,VR2AR-69,549924,12
ATTITUDE,2026-06-21 03:00:00,2026-06-21 03:00:38.54851,,38.548510547,VR2AR-69,549924,3
TEMP,2026-06-21 04:00:00,2026-06-21 04:00:38.586491,,38.586491921,VR2AR-69,549924,10.867,
DEPTH,2026-06-21 04:00:00,2026-06-21 04:00:38.586491,,38.586491921,VR2AR-69,549924,13
ATTITUDE,2026-06-21 04:00:00,2026-06-21 04:00:38.586491,,38.586491921,VR2AR-69,549924,2
TEMP,2026-06-21 05:00:00,2026-06-21 05:00:38.624473,,38.624473297,VR2AR-69,549924,10.683,
DEPTH,2026-06-21 05:00:00,2026-06-21 05:00:38.624473,,38.624473297,VR2AR-69,549924,13
ATTITUDE,2026-06-21 05:00:00,2026-06-21 05:00:38.624473,,38.624473297,VR2AR-69,549924,1
TEMP,2026-06-21 06:00:00,2026-06-21 06:00:38.662454,,38.662454671,VR2AR-69,549924,10.663,
DEPTH,2026-06-21 06:00:00,2026-06-21 06:00:38.662454,,38.662454671,VR2AR-69,549924,14
ATTITUDE,2026-06-21 06:00:00,2026-06-21 06:00:38.662454,,38.662454671,VR2AR-69,549924,2
TEMP,2026-06-21 07:00:00,2026-06-21 07:00:38.700436,,38.700436046,VR2AR-69,549924,10.03,
DEPTH,2026-06-21 07:00:00,2026-06-21 07:00:38.700436,,38.700436046,VR2AR-69,549924,15
ATTITUDE,2026-06-21 07:00:00,2026-06-21 07:00:38.700436,,38.700436046,VR2AR-69,549924,3
TEMP,2026-06-21 08:00:00,2026-06-21 08:00:38.738417,,38.738417421,VR2AR-69,549924,9.745,
DEPTH,2026-06-21 08:00:00,2026-06-21 08:00:38.738417,,38.738417421,VR2AR-69,549924,15
ATTITUDE,2026-06-21 08:00:00,2026-06-21 08:00:38.738417,,38.738417421,VR2AR-69,549924,3
TEMP,2026-06-21 09:00:00,2026-06-21 09:00:38.776398,,38.776398795,VR2AR-69,549924,9.623,
DEPTH,2026-06-21 09:00:00,2026-06-21 09:00:38.776398,,38.776398795,VR2AR-69,549924,15
ATTITUDE,2026-06-21 09:00:00,2026-06-21 09:00:38.776398,,38.776398795,VR2AR-69,549924,4
TEMP,2026-06-21 10:00:00,2026-06-21 10:00:38.81438,,38.814380170,VR2AR-69,549924,9.583,
DEPTH,2026-06-21 10:00:00,2026-06-21 10:00:38.81438,,38.814380170,VR2AR-69,549924,15
ATTITUDE,2026-06-21 10:00:00,2026-06-21 10:00:38.81438,,38.814380170,VR2AR-69,549924,3
TEMP,2026-06-21 11:00:00,2026-06-21 11:00:38.852361,,38.852361545,VR2AR-69,549924,9.969,
DEPTH,2026-06-21 11:00:00,2026-06-21 11:00:38.852361,,38.852361545,VR2AR-69,549924,14
ATTITUDE,2026-06-21 11:00:00,2026-06-21 11:00:38.852361,,38.852361545,VR2AR-69,549924,3
TEMP,2026-06-21 12:00:00,2026-06-21 12:00:38.890342,,38.890342920,VR2AR-69,549924,10.315,
DEPTH,2026-06-21 12:00:00,2026-06-21 12:00:38.890342,,38.890342920,VR2AR-69,549924,13
ATTITUDE,2026-06-21 12:00:00,2026-06-21 12:00:38.890342,,38.890342920,VR2AR-69,549924,2
TEMP,2026-06-21 13:00:00,2026-06-21 13:00:38.928324,,38.928324294,VR2AR-69,549924,10.397,
DEPTH,2026-06-21 13:00:00,2026-06-21 13:00:38.928324,,38.928324294,VR2AR-69,549924,13
ATTITUDE,2026-06-21 13:00:00,2026-06-21 13:00:38.928324,,38.928324294,VR2AR-69,549924,2
TEMP,2026-06-21 14:00:00,2026-06-21 14:00:38.966305,,38.966305669,VR2AR-69,549924,10.54,
DEPTH,2026-06-21 14:00:00,2026-06-21 14:00:38.966305,,38.966305669,VR2AR-69,549924,12
ATTITUDE,2026-06-21 14:00:00,2026-06-21 14:00:38.966305,,38.966305669,VR2AR-69,549924,2
TEMP,2026-06-21 15:00:00,2026-06-21 15:00:39.004287,,39.004287044,VR2AR-69,549924,10.703,
DEPTH,2026-06-21 15:00:00,2026-06-21 15:00:39.004287,,39.004287044,VR2AR-69,549924,12
ATTITUDE,2026-06-21 15:00:00,2026-06-21 15:00:39.004287,,39.004287044,VR2AR-69,549924,2
TEMP,2026-06-21 16:00:00,2026-06-21 16:00:39.042268,,39.042268419,VR2AR-69,549924,10.806,
DEPTH,2026-06-21 16:00:00,2026-06-21 16:00:39.042268,,39.042268419,VR2AR-69,549924,12
ATTITUDE,2026-06-21 16:00:00,2026-06-21 16:00:39.042268,,39.042268419,VR2AR-69,549924,2
TEMP,2026-06-21 17:00:00,2026-06-21 17:00:39.080249,,39.080249793,VR2AR-69,549924,10.642,
DEPTH,2026-06-21 17:00:00,2026-06-21 17:00:39.080249,,39.080249793,VR2AR-69,549924,13
ATTITUDE,2026-06-21 17:00:00,2026-06-21 17:00:39.080249,,39.080249793,VR2AR-69,549924,2
TEMP,2026-06-21 18:00:00,2026-06-21 18:00:39.118231,,39.118231168,VR2AR-69,549924,10.744,
DEPTH,2026-06-21 18:00:00,2026-06-21 18:00:39.118231,,39.118231168,VR2AR-69,549924,14
ATTITUDE,2026-06-21 18:00:00,2026-06-21 18:00:39.118231,,39.118231168,VR2AR-69,549924,3
TEMP,2026-06-21 19:00:00,2026-06-21 19:00:39.156212,,39.156212543,VR2AR-69,549924,10.397,
DEPTH,2026-06-21 19:00:00,2026-06-21 19:00:39.156212,,39.156212543,VR2AR-69,549924,14
ATTITUDE,2026-06-21 19:00:00,2026-06-21 19:00:39.156212,,39.156212543,VR2AR-69,549924,3
TEMP,2026-06-21 20:00:00,2026-06-21 20:00:39.194193,,39.194193918,VR2AR-69,549924,10.152,
DEPTH,2026-06-21 20:00:00,2026-06-21 20:00:39.194193,,39.194193918,VR2AR-69,549924,15
ATTITUDE,2026-06-21 20:00:00,2026-06-21 20:00:39.194193,,39.194193918,VR2AR-69,549924,2
TEMP,2026-06-21 21:00:00,2026-06-21 21:00:39.232175,,39.232175292,VR2AR-69,549924,9.949,
DEPTH,2026-06-21 21:00:00,2026-06-21 21:00:39.232175,,39.232175292,VR2AR-69,549924,15
ATTITUDE,2026-06-21 21:00:00,2026-06-21 21:00:39.232175,,39.232175292,VR2AR-69,549924,2
TEMP,2026-06-21 22:00:00,2026-06-21 22:00:39.270156,,39.270156668,VR2AR-69,549924,10.132,
DEPTH,2026-06-21 22:00:00,2026-06-21 22:00:39.270156,,39.270156668,VR2AR-69,549924,15
ATTITUDE,2026-06-21 22:00:00,2026-06-21 22:00:39.270156,,39.270156668,VR2AR-69,549924,2
TEMP,2026-06-21 23:00:00,2026-06-21 23:00:39.308138,,39.308138042,VR2AR-69,549924,10.091,
DEPTH,2026-06-21 23:00:00,2026-06-21 23:00:39.308138,,39.308138042,VR2AR-69,549924,15
ATTITUDE,2026-06-21 23:00:00,2026-06-21 23:00:39.308138,,39.308138042,VR2AR-69,549924,3
TEMP,2026-06-22 00:00:00,2026-06-22 00:00:39.346119,,39.346119417,VR2AR-69,549924,10.438,
DEPTH,2026-06-22 00:00:00,2026-06-22 00:00:39.346119,,39.346119417,VR2AR-69,549924,14
ATTITUDE,2026-06-22 00:00:00,2026-06-22 00:00:39.346119,,39.346119417,VR2AR-69,549924,2
TEMP,2026-06-22 01:00:00,2026-06-22 01:00:39.3841,,39.384100791,VR2AR-69,549924,10.56,
DEPTH,2026-06-22 01:00:00,2026-06-22 01:00:39.3841,,39.384100791,VR2AR-69,549924,13
ATTITUDE,2026-06-22 01:00:00,2026-06-22 01:00:39.3841,,39.384100791,VR2AR-69,549924,2
TEMP,2026-06-22 02:00:00,2026-06-22 02:00:39.422082,,39.422082167,VR2AR-69,549924,10.642,
DEPTH,2026-06-22 02:00:00,2026-06-22 02:00:39.422082,,39.422082167,VR2AR-69,549924,13
ATTITUDE,2026-06-22 02:00:00,2026-06-22 02:00:39.422082,,39.422082167,VR2AR-69,549924,2
TEMP,2026-06-22 03:00:00,2026-06-22 03:00:39.460063,,39.460063541,VR2AR-69,549924,10.806,
DEPTH,2026-06-22 03:00:00,2026-06-22 03:00:39.460063,,39.460063541,VR2AR-69,549924,12
ATTITUDE,2026-06-22 03:00:00,2026-06-22 03:00:39.460063,,39.460063541,VR2AR-69,549924,2
TEMP,2026-06-22 04:00:00,2026-06-22 04:00:39.498044,,39.498044916,VR2AR-69,549924,10.826,
DEPTH,2026-06-22 04:00:00,2026-06-22 04:00:39.498044,,39.498044916,VR2AR-69,549924,12
ATTITUDE,2026-06-22 04:00:00,2026-06-22 04:00:39.498044,,39.498044916,VR2AR-69,549924,2
TEMP,2026-06-22 05:00:00,2026-06-22 05:00:39.536026,,39.536026291,VR2AR-69,549924,10.785,
DEPTH,2026-06-22 05:00:00,2026-06-22 05:00:39.536026,,39.536026291,VR2AR-69,549924,13
ATTITUDE,2026-06-22 05:00:00,2026-06-22 05:00:39.536026,,39.536026291,VR2AR-69,549924,2
TEMP,2026-06-22 06:00:00,2026-06-22 06:00:39.574007,,39.574007666,VR2AR-69,549924,10.703,
DEPTH,2026-06-22 06:00:00,2026-06-22 06:00:39.574007,,39.574007666,VR2AR-69,549924,13
ATTITUDE,2026-06-22 06:00:00,2026-06-22 06:00:39.574007,,39.574007666,VR2AR-69,549924,2
TEMP,2026-06-22 07:00:00,2026-06-22 07:00:39.611989,,39.611989040,VR2AR-69,549924,10.642,
DEPTH,2026-06-22 07:00:00,2026-06-22 07:00:39.611989,,39.611989040,VR2AR-69,549924,14
ATTITUDE,2026-06-22 07:00:00,2026-06-22 07:00:39.611989,,39.611989040,VR2AR-69,549924,3
TEMP,2026-06-22 08:00:00,2026-06-22 08:00:39.64997,,39.649970415,VR2AR-69,549924,10.479,
DEPTH,2026-06-22 08:00:00,2026-06-22 08:00:39.64997,,39.649970415,VR2AR-69,549924,15
ATTITUDE,2026-06-22 08:00:00,2026-06-22 08:00:39.64997,,39.649970415,VR2AR-69,549924,3
TEMP,2026-06-22 09:00:00,2026-06-22 09:00:39.687951,,39.687951790,VR2AR-69,549924,10.356,
DEPTH,2026-06-22 09:00:00,2026-06-22 09:00:39.687951,,39.687951790,VR2AR-69,549924,15
ATTITUDE,2026-06-22 09:00:00,2026-06-22 09:00:39.687951,,39.687951790,VR2AR-69,549924,3
TEMP,2026-06-22 10:00:00,2026-06-22 10:00:39.725933,,39.725933165,VR2AR-69,549924,10.254,
DEPTH,2026-06-22 10:00:00,2026-06-22 10:00:39.725933,,39.725933165,VR2AR-69,549924,15
ATTITUDE,2026-06-22 10:00:00,2026-06-22 10:00:39.725933,,39.725933165,VR2AR-69,549924,2
TEMP,2026-06-22 11:00:00,2026-06-22 11:00:39.763914,,39.763914539,VR2AR-69,549924,10.315,
DEPTH,2026-06-22 11:00:00,2026-06-22 11:00:39.763914,,39.763914539,VR2AR-69,549924,15
ATTITUDE,2026-06-22 11:00:00,2026-06-22 11:00:39.763914,,39.763914539,VR2AR-69,549924,2
TEMP,2026-06-22 12:00:00,2026-06-22 12:00:39.801895,,39.801895914,VR2AR-69,549924,10.377,
DEPTH,2026-06-22 12:00:00,2026-06-22 12:00:39.801895,,39.801895914,VR2AR-69,549924,14
ATTITUDE,2026-06-22 12:00:00,2026-06-22 12:00:39.801895,,39.801895914,VR2AR-69,549924,3
TEMP,2026-06-22 13:00:00,2026-06-22 13:00:39.839877,,39.839877289,VR2AR-69,549924,10.581,
DEPTH,2026-06-22 13:00:00,2026-06-22 13:00:39.839877,,39.839877289,VR2AR-69,549924,13
ATTITUDE,2026-06-22 13:00:00,2026-06-22 13:00:39.839877,,39.839877289,VR2AR-69,549924,3
TEMP,2026-06-22 14:00:00,2026-06-22 14:00:39.877858,,39.877858664,VR2AR-69,549924,10.642,
DEPTH,2026-06-22 14:00:00,2026-06-22 14:00:39.877858,,39.877858664,VR2AR-69,549924,13
ATTITUDE,2026-06-22 14:00:00,2026-06-22 14:00:39.877858,,39.877858664,VR2AR-69,549924,1
TEMP,2026-06-22 15:00:00,2026-06-22 15:00:39.91584,,39.915840039,VR2AR-69,549924,10.683,
DEPTH,2026-06-22 15:00:00,2026-06-22 15:00:39.91584,,39.915840039,VR2AR-69,549924,12
ATTITUDE,2026-06-22 15:00:00,2026-06-22 15:00:39.91584,,39.915840039,VR2AR-69,549924,3
TEMP,2026-06-22 16:00:00,2026-06-22 16:00:39.953821,,39.953821413,VR2AR-69,549924,10.867,
DEPTH,2026-06-22 16:00:00,2026-06-22 16:00:39.953821,,39.953821413,VR2AR-69,549924,12
ATTITUDE,2026-06-22 16:00:00,2026-06-22 16:00:39.953821,,39.953821413,VR2AR-69,549924,2
TEMP,2026-06-22 17:00:00,2026-06-22 17:00:39.991802,,39.991802788,VR2AR-69,549924,10.888,
DEPTH,2026-06-22 17:00:00,2026-06-22 17:00:39.991802,,39.991802788,VR2AR-69,549924,12
ATTITUDE,2026-06-22 17:00:00,2026-06-22 17:00:39.991802,,39.991802788,VR2AR-69,549924,2
TEMP,2026-06-22 18:00:00,2026-06-22 18:00:40.029784,,40.029784163,VR2AR-69,549924,11.011,
DEPTH,2026-06-22 18:00:00,2026-06-22 18:00:40.029784,,40.029784163,VR2AR-69,549924,13
ATTITUDE,2026-06-22 18:00:00,2026-06-22 18:00:40.029784,,40.029784163,VR2AR-69,549924,1
TEMP,2026-06-22 19:00:00,2026-06-22 19:00:40.067765,,40.067765538,VR2AR-69,549924,10.908,
DEPTH,2026-06-22 19:00:00,2026-06-22 19:00:40.067765,,40.067765538,VR2AR-69,549924,14
ATTITUDE,2026-06-22 19:00:00,2026-06-22 19:00:40.067765,,40.067765538,VR2AR-69,549924,2
TEMP,2026-06-22 20:00:00,2026-06-22 20:00:40.105746,,40.105746912,VR2AR-69,549924,10.97,
DEPTH,2026-06-22 20:00:00,2026-06-22 20:00:40.105746,,40.105746912,VR2AR-69,549924,14
ATTITUDE,2026-06-22 20:00:00,2026-06-22 20:00:40.105746,,40.105746912,VR2AR-69,549924,1
TEMP,2026-06-22 21:00:00,2026-06-22 21:00:40.143728,,40.143728287,VR2AR-69,549924,10.785,
DEPTH,2026-06-22 21:00:00,2026-06-22 21:00:40.143728,,40.143728287,VR2AR-69,549924,15
ATTITUDE,2026-06-22 21:00:00,2026-06-22 21:00:40.143728,,40.143728287,VR2AR-69,549924,2
TEMP,2026-06-22 22:00:00,2026-06-22 22:00:40.181709,,40.181709662,VR2AR-69,549924,10.785,
DEPTH,2026-06-22 22:00:00,2026-06-22 22:00:40.181709,,40.181709662,VR2AR-69,549924,15
ATTITUDE,2026-06-22 22:00:00,2026-06-22 22:00:40.181709,,40.181709662,VR2AR-69,549924,3
TEMP,2026-06-22 23:00:00,2026-06-22 23:00:40.219691,,40.219691037,VR2AR-69,549924,10.847,
DEPTH,2026-06-22 23:00:00,2026-06-22 23:00:40.219691,,40.219691037,VR2AR-69,549924,15
ATTITUDE,2026-06-22 23:00:00,2026-06-22 23:00:40.219691,,40.219691037,VR2AR-69,549924,2
TEMP,2026-06-23 00:00:00,2026-06-23 00:00:40.257672,,40.257672411,VR2AR-69,549924,10.663,
DEPTH,2026-06-23 00:00:00,2026-06-23 00:00:40.257672,,40.257672411,VR2AR-69,549924,14
ATTITUDE,2026-06-23 00:00:00,2026-06-23 00:00:40.257672,,40.257672411,VR2AR-69,549924,3
TEMP,2026-06-23 01:00:00,2026-06-23 01:00:40.295653,,40.295653786,VR2AR-69,549924,10.929,
DEPTH,2026-06-23 01:00:00,2026-06-23 01:00:40.295653,,40.295653786,VR2AR-69,549924,14
ATTITUDE,2026-06-23 01:00:00,2026-06-23 01:00:40.295653,,40.295653786,VR2AR-69,549924,2
TEMP,2026-06-23 02:00:00,2026-06-23 02:00:40.333635,,40.333635161,VR2AR-69,549924,11.011,
DEPTH,2026-06-23 02:00:00,2026-06-23 02:00:40.333635,,40.333635161,VR2AR-69,549924,13
ATTITUDE,2026-06-23 02:00:00,2026-06-23 02:00:40.333635,,40.333635161,VR2AR-69,549924,2
TEMP,2026-06-23 03:00:00,2026-06-23 03:00:40.371616,,40.371616536,VR2AR-69,549924,11.072,
DEPTH,2026-06-23 03:00:00,2026-06-23 03:00:40.371616,,40.371616536,VR2AR-69,549924,13
ATTITUDE,2026-06-23 03:00:00,2026-06-23 03:00:40.371616,,40.371616536,VR2AR-69,549924,3
TEMP,2026-06-23 04:00:00,2026-06-23 04:00:40.409597,,40.409597910,VR2AR-69,549924,11.052,
DEPTH,2026-06-23 04:00:00,2026-06-23 04:00:40.409597,,40.409597910,VR2AR-69,549924,12
ATTITUDE,2026-06-23 04:00:00,2026-06-23 04:00:40.409597,,40.409597910,VR2AR-69,549924,2
TEMP,2026-06-23 05:00:00,2026-06-23 05:00:40.447579,,40.447579285,VR2AR-69,549924,11.175,
DEPTH,2026-06-23 05:00:00,2026-06-23 05:00:40.447579,,40.447579285,VR2AR-69,549924,12
ATTITUDE,2026-06-23 05:00:00,2026-06-23 05:00:40.447579,,40.447579285,VR2AR-69,549924,2
TEMP,2026-06-23 06:00:00,2026-06-23 06:00:40.48556,,40.485560660,VR2AR-69,549924,11.113,
DEPTH,2026-06-23 06:00:00,2026-06-23 06:00:40.48556,,40.485560660,VR2AR-69,549924,13
ATTITUDE,2026-06-23 06:00:00,2026-06-23 06:00:40.48556,,40.485560660,VR2AR-69,549924,2
TEMP,2026-06-23 07:00:00,2026-06-23 07:00:40.523542,,40.523542035,VR2AR-69,549924,11.134,
DEPTH,2026-06-23 07:00:00,2026-06-23 07:00:40.523542,,40.523542035,VR2AR-69,549924,13
ATTITUDE,2026-06-23 07:00:00,2026-06-23 07:00:40.523542,,40.523542035,VR2AR-69,549924,3
TEMP,2026-06-23 08:00:00,2026-06-23 08:00:40.561523,,40.561523410,VR2AR-69,549924,11.134,
DEPTH,2026-06-23 08:00:00,2026-06-23 08:00:40.561523,,40.561523410,VR2AR-69,549924,14
ATTITUDE,2026-06-23 08:00:00,2026-06-23 08:00:40.561523,,40.561523410,VR2AR-69,549924,2
TEMP,2026-06-23 09:00:00,2026-06-23 09:00:40.599504,,40.599504784,VR2AR-69,549924,10.97,
DEPTH,2026-06-23 09:00:00,2026-06-23 09:00:40.599504,,40.599504784,VR2AR-69,549924,14
ATTITUDE,2026-06-23 09:00:00,2026-06-23 09:00:40.599504,,40.599504784,VR2AR-69,549924,3
TEMP,2026-06-23 10:00:00,2026-06-23 10:00:40.637486,,40.637486159,VR2AR-69,549924,10.847,
DEPTH,2026-06-23 10:00:00,2026-06-23 10:00:40.637486,,40.637486159,VR2AR-69,549924,15
ATTITUDE,2026-06-23 10:00:00,2026-06-23 10:00:40.637486,,40.637486159,VR2AR-69,549924,2
TEMP,2026-06-23 11:00:00,2026-06-23 11:00:40.675467,,40.675467534,VR2AR-69,549924,10.908,
DEPTH,2026-06-23 11:00:00,2026-06-23 11:00:40.675467,,40.675467534,VR2AR-69,549924,15
ATTITUDE,2026-06-23 11:00:00,2026-06-23 11:00:40.675467,,40.675467534,VR2AR-69,549924,2
TEMP,2026-06-23 12:00:00,2026-06-23 12:00:40.713448,,40.713448909,VR2AR-69,549924,11.011,
DEPTH,2026-06-23 12:00:00,2026-06-23 12:00:40.713448,,40.713448909,VR2AR-69,549924,15
ATTITUDE,2026-06-23 12:00:00,2026-06-23 12:00:40.713448,,40.713448909,VR2AR-69,549924,1
TEMP,2026-06-23 13:00:00,2026-06-23 13:00:40.75143,,40.751430283,VR2AR-69,549924,11.052,
DEPTH,2026-06-23 13:00:00,2026-06-23 13:00:40.75143,,40.751430283,VR2AR-69,549924,14
ATTITUDE,2026-06-23 13:00:00,2026-06-23 13:00:40.75143,,40.751430283,VR2AR-69,549924,2
TEMP,2026-06-23 14:00:00,2026-06-23 14:00:40.789411,,40.789411658,VR2AR-69,549924,11.154,
DEPTH,2026-06-23 14:00:00,2026-06-23 14:00:40.789411,,40.789411658,VR2AR-69,549924,13
ATTITUDE,2026-06-23 14:00:00,2026-06-23 14:00:40.789411,,40.789411658,VR2AR-69,549924,3
TEMP,2026-06-23 15:00:00,2026-06-23 15:00:40.827393,,40.827393033,VR2AR-69,549924,11.257,
DEPTH,2026-06-23 15:00:00,2026-06-23 15:00:40.827393,,40.827393033,VR2AR-69,549924,13
ATTITUDE,2026-06-23 15:00:00,2026-06-23 15:00:40.827393,,40.827393033,VR2AR-69,549924,2
TEMP,2026-06-23 16:00:00,2026-06-23 16:00:40.865374,,40.865374408,VR2AR-69,549924,11.277,
DEPTH,2026-06-23 16:00:00,2026-06-23 16:00:40.865374,,40.865374408,VR2AR-69,549924,12
ATTITUDE,2026-06-23 16:00:00,2026-06-23 16:00:40.865374,,40.865374408,VR2AR-69,549924,2
TEMP,2026-06-23 17:00:00,2026-06-23 17:00:40.903355,,40.903355782,VR2AR-69,549924,11.4,
DEPTH,2026-06-23 17:00:00,2026-06-23 17:00:40.903355,,40.903355782,VR2AR-69,549924,12
ATTITUDE,2026-06-23 17:00:00,2026-06-23 17:00:40.903355,,40.903355782,VR2AR-69,549924,2
TEMP,2026-06-23 18:00:00,2026-06-23 18:00:40.941337,,40.941337157,VR2AR-69,549924,11.318,
DEPTH,2026-06-23 18:00:00,2026-06-23 18:00:40.941337,,40.941337157,VR2AR-69,549924,13
ATTITUDE,2026-06-23 18:00:00,2026-06-23 18:00:40.941337,,40.941337157,VR2AR-69,549924,2
TEMP,2026-06-23 19:00:00,2026-06-23 19:00:40.979318,,40.979318532,VR2AR-69,549924,11.318,
DEPTH,2026-06-23 19:00:00,2026-06-23 19:00:40.979318,,40.979318532,VR2AR-69,549924,13
ATTITUDE,2026-06-23 19:00:00,2026-06-23 19:00:40.979318,,40.979318532,VR2AR-69,549924,2
TEMP,2026-06-23 20:00:00,2026-06-23 20:00:41.017299,,41.017299907,VR2AR-69,549924,11.442,
DEPTH,2026-06-23 20:00:00,2026-06-23 20:00:41.017299,,41.017299907,VR2AR-69,549924,14
ATTITUDE,2026-06-23 20:00:00,2026-06-23 20:00:41.017299,,41.017299907,VR2AR-69,549924,3
TEMP,2026-06-23 21:00:00,2026-06-23 21:00:41.055281,,41.055281281,VR2AR-69,549924,11.277,
DEPTH,2026-06-23 21:00:00,2026-06-23 21:00:41.055281,,41.055281281,VR2AR-69,549924,14
ATTITUDE,2026-06-23 21:00:00,2026-06-23 21:00:41.055281,,41.055281281,VR2AR-69,549924,3
TEMP,2026-06-23 22:00:00,2026-06-23 22:00:41.093262,,41.093262656,VR2AR-69,549924,11.134,
DEPTH,2026-06-23 22:00:00,2026-06-23 22:00:41.093262,,41.093262656,VR2AR-69,549924,15
ATTITUDE,2026-06-23 22:00:00,2026-06-23 22:00:41.093262,,41.093262656,VR2AR-69,549924,2
TEMP,2026-06-23 23:00:00,2026-06-23 23:00:41.131244,,41.131244031,VR2AR-69,549924,11.236,
DEPTH,2026-06-23 23:00:00,2026-06-23 23:00:41.131244,,41.131244031,VR2AR-69,549924,15
ATTITUDE,2026-06-23 23:00:00,2026-06-23 23:00:41.131244,,41.131244031,VR2AR-69,549924,3
TEMP,2026-06-24 00:00:00,2026-06-24 00:00:41.169225,,41.169225406,VR2AR-69,549924,11.277,
DEPTH,2026-06-24 00:00:00,2026-06-24 00:00:41.169225,,41.169225406,VR2AR-69,549924,15
ATTITUDE,2026-06-24 00:00:00,2026-06-24 00:00:41.169225,,41.169225406,VR2AR-69,549924,2
TEMP,2026-06-24 01:00:00,2026-06-24 01:00:41.207206,,41.207206781,VR2AR-69,549924,11.236,
DEPTH,2026-06-24 01:00:00,2026-06-24 01:00:41.207206,,41.207206781,VR2AR-69,549924,14
ATTITUDE,2026-06-24 01:00:00,2026-06-24 01:00:41.207206,,41.207206781,VR2AR-69,549924,3
TEMP,2026-06-24 02:00:00,2026-06-24 02:00:41.245188,,41.245188155,VR2AR-69,549924,11.339,
DEPTH,2026-06-24 02:00:00,2026-06-24 02:00:41.245188,,41.245188155,VR2AR-69,549924,14
ATTITUDE,2026-06-24 02:00:00,2026-06-24 02:00:41.245188,,41.245188155,VR2AR-69,549924,2
TEMP,2026-06-24 03:00:00,2026-06-24 03:00:41.283169,,41.283169530,VR2AR-69,549924,11.421,
DEPTH,2026-06-24 03:00:00,2026-06-24 03:00:41.283169,,41.283169530,VR2AR-69,549924,13
ATTITUDE,2026-06-24 03:00:00,2026-06-24 03:00:41.283169,,41.283169530,VR2AR-69,549924,2
TEMP,2026-06-24 04:00:00,2026-06-24 04:00:41.32115,,41.321150905,VR2AR-69,549924,11.462,
DEPTH,2026-06-24 04:00:00,2026-06-24 04:00:41.32115,,41.321150905,VR2AR-69,549924,13
ATTITUDE,2026-06-24 04:00:00,2026-06-24 04:00:41.32115,,41.321150905,VR2AR-69,549924,2
TEMP,2026-06-24 05:00:00,2026-06-24 05:00:41.359132,,41.359132280,VR2AR-69,549924,11.442,
DEPTH,2026-06-24 05:00:00,2026-06-24 05:00:41.359132,,41.359132280,VR2AR-69,549924,12
ATTITUDE,2026-06-24 05:00:00,2026-06-24 05:00:41.359132,,41.359132280,VR2AR-69,549924,2
TEMP,2026-06-24 06:00:00,2026-06-24 06:00:41.397113,,41.397113654,VR2AR-69,549924,11.524,
DEPTH,2026-06-24 06:00:00,2026-06-24 06:00:41.397113,,41.397113654,VR2AR-69,549924,12
ATTITUDE,2026-06-24 06:00:00,2026-06-24 06:00:41.397113,,41.397113654,VR2AR-69,549924,2
TEMP,2026-06-24 07:00:00,2026-06-24 07:00:41.435095,,41.435095029,VR2AR-69,549924,11.483,
DEPTH,2026-06-24 07:00:00,2026-06-24 07:00:41.435095,,41.435095029,VR2AR-69,549924,13
ATTITUDE,2026-06-24 07:00:00,2026-06-24 07:00:41.435095,,41.435095029,VR2AR-69,549924,2
TEMP,2026-06-24 08:00:00,2026-06-24 08:00:41.473076,,41.473076404,VR2AR-69,549924,11.442,
DEPTH,2026-06-24 08:00:00,2026-06-24 08:00:41.473076,,41.473076404,VR2AR-69,549924,13
ATTITUDE,2026-06-24 08:00:00,2026-06-24 08:00:41.473076,,41.473076404,VR2AR-69,549924,3
TEMP,2026-06-24 09:00:00,2026-06-24 09:00:41.511057,,41.511057779,VR2AR-69,549924,11.318,
DEPTH,2026-06-24 09:00:00,2026-06-24 09:00:41.511057,,41.511057779,VR2AR-69,549924,14
ATTITUDE,2026-06-24 09:00:00,2026-06-24 09:00:41.511057,,41.511057779,VR2AR-69,549924,2
TEMP,2026-06-24 10:00:00,2026-06-24 10:00:41.549039,,41.549039153,VR2AR-69,549924,10.929,
DEPTH,2026-06-24 10:00:00,2026-06-24 10:00:41.549039,,41.549039153,VR2AR-69,549924,14
ATTITUDE,2026-06-24 10:00:00,2026-06-24 10:00:41.549039,,41.549039153,VR2AR-69,549924,2
TEMP,2026-06-24 11:00:00,2026-06-24 11:00:41.58702,,41.587020528,VR2AR-69,549924,10.908,
DEPTH,2026-06-24 11:00:00,2026-06-24 11:00:41.58702,,41.587020528,VR2AR-69,549924,15
ATTITUDE,2026-06-24 11:00:00,2026-06-24 11:00:41.58702,,41.587020528,VR2AR-69,549924,2
TEMP,2026-06-24 12:00:00,2026-06-24 12:00:41.625001,,41.625001903,VR2AR-69,549924,11.113,
DEPTH,2026-06-24 12:00:00,2026-06-24 12:00:41.625001,,41.625001903,VR2AR-69,549924,15
ATTITUDE,2026-06-24 12:00:00,2026-06-24 12:00:41.625001,,41.625001903,VR2AR-69,549924,3
TEMP,2026-06-24 13:00:00,2026-06-24 13:00:41.662983,,41.662983278,VR2AR-69,549924,10.99,
DEPTH,2026-06-24 13:00:00,2026-06-24 13:00:41.662983,,41.662983278,VR2AR-69,549924,14
ATTITUDE,2026-06-24 13:00:00,2026-06-24 13:00:41.662983,,41.662983278,VR2AR-69,549924,2
TEMP,2026-06-24 14:00:00,2026-06-24 14:00:41.700964,,41.700964652,VR2AR-69,549924,11.011,
DEPTH,2026-06-24 14:00:00,2026-06-24 14:00:41.700964,,41.700964652,VR2AR-69,549924,14
ATTITUDE,2026-06-24 14:00:00,2026-06-24 14:00:41.700964,,41.700964652,VR2AR-69,549924,2
TEMP,2026-06-24 15:00:00,2026-06-24 15:00:41.738946,,41.738946028,VR2AR-69,549924,11.339,
DEPTH,2026-06-24 15:00:00,2026-06-24 15:00:41.738946,,41.738946028,VR2AR-69,549924,13
ATTITUDE,2026-06-24 15:00:00,2026-06-24 15:00:41.738946,,41.738946028,VR2AR-69,549924,2
TEMP,2026-06-24 16:00:00,2026-06-24 16:00:41.776927,,41.776927402,VR2AR-69,549924,11.4,
DEPTH,2026-06-24 16:00:00,2026-06-24 16:00:41.776927,,41.776927402,VR2AR-69,549924,13
ATTITUDE,2026-06-24 16:00:00,2026-06-24 16:00:41.776927,,41.776927402,VR2AR-69,549924,3
TEMP,2026-06-24 17:00:00,2026-06-24 17:00:41.814908,,41.814908777,VR2AR-69,549924,11.503,
DEPTH,2026-06-24 17:00:00,2026-06-24 17:00:41.814908,,41.814908777,VR2AR-69,549924,12
ATTITUDE,2026-06-24 17:00:00,2026-06-24 17:00:41.814908,,41.814908777,VR2AR-69,549924,2
TEMP,2026-06-24 18:00:00,2026-06-24 18:00:41.85289,,41.852890152,VR2AR-69,549924,11.647,
DEPTH,2026-06-24 18:00:00,2026-06-24 18:00:41.85289,,41.852890152,VR2AR-69,549924,12
ATTITUDE,2026-06-24 18:00:00,2026-06-24 18:00:41.85289,,41.852890152,VR2AR-69,549924,2
TEMP,2026-06-24 19:00:00,2026-06-24 19:00:41.890871,,41.890871527,VR2AR-69,549924,11.709,
DEPTH,2026-06-24 19:00:00,2026-06-24 19:00:41.890871,,41.890871527,VR2AR-69,549924,13
ATTITUDE,2026-06-24 19:00:00,2026-06-24 19:00:41.890871,,41.890871527,VR2AR-69,549924,2
TEMP,2026-06-24 20:00:00,2026-06-24 20:00:41.928852,,41.928852901,VR2AR-69,549924,11.606,
DEPTH,2026-06-24 20:00:00,2026-06-24 20:00:41.928852,,41.928852901,VR2AR-69,549924,13
ATTITUDE,2026-06-24 20:00:00,2026-06-24 20:00:41.928852,,41.928852901,VR2AR-69,549924,3
TEMP,2026-06-24 21:00:00,2026-06-24 21:00:41.966834,,41.966834276,VR2AR-69,549924,11.483,
DEPTH,2026-06-24 21:00:00,2026-06-24 21:00:41.966834,,41.966834276,VR2AR-69,549924,14
ATTITUDE,2026-06-24 21:00:00,2026-06-24 21:00:41.966834,,41.966834276,VR2AR-69,549924,2
TEMP,2026-06-24 22:00:00,2026-06-24 22:00:42.004815,,42.004815651,VR2AR-69,549924,10.929,
DEPTH,2026-06-24 22:00:00,2026-06-24 22:00:42.004815,,42.004815651,VR2AR-69,549924,14
ATTITUDE,2026-06-24 22:00:00,2026-06-24 22:00:42.004815,,42.004815651,VR2AR-69,549924,1
TEMP,2026-06-24 23:00:00,2026-06-24 23:00:42.042797,,42.042797026,VR2AR-69,549924,10.949,
DEPTH,2026-06-24 23:00:00,2026-06-24 23:00:42.042797,,42.042797026,VR2AR-69,549924,15
ATTITUDE,2026-06-24 23:00:00,2026-06-24 23:00:42.042797,,42.042797026,VR2AR-69,549924,3
TEMP,2026-06-25 00:00:00,2026-06-25 00:00:42.080778,,42.080778400,VR2AR-69,549924,11.031,
DEPTH,2026-06-25 00:00:00,2026-06-25 00:00:42.080778,,42.080778400,VR2AR-69,549924,15
ATTITUDE,2026-06-25 00:00:00,2026-06-25 00:00:42.080778,,42.080778400,VR2AR-69,549924,1
TEMP,2026-06-25 01:00:00,2026-06-25 01:00:42.118759,,42.118759775,VR2AR-69,549924,10.888,
DEPTH,2026-06-25 01:00:00,2026-06-25 01:00:42.118759,,42.118759775,VR2AR-69,549924,15
ATTITUDE,2026-06-25 01:00:00,2026-06-25 01:00:42.118759,,42.118759775,VR2AR-69,549924,1
TEMP,2026-06-25 02:00:00,2026-06-25 02:00:42.156741,,42.156741150,VR2AR-69,549924,10.908,
DEPTH,2026-06-25 02:00:00,2026-06-25 02:00:42.156741,,42.156741150,VR2AR-69,549924,14
ATTITUDE,2026-06-25 02:00:00,2026-06-25 02:00:42.156741,,42.156741150,VR2AR-69,549924,3
TEMP,2026-06-25 03:00:00,2026-06-25 03:00:42.194722,,42.194722525,VR2AR-69,549924,11.175,
DEPTH,2026-06-25 03:00:00,2026-06-25 03:00:42.194722,,42.194722525,VR2AR-69,549924,14
ATTITUDE,2026-06-25 03:00:00,2026-06-25 03:00:42.194722,,42.194722525,VR2AR-69,549924,3
TEMP,2026-06-25 04:00:00,2026-06-25 04:00:42.232703,,42.232703899,VR2AR-69,549924,11.339,
DEPTH,2026-06-25 04:00:00,2026-06-25 04:00:42.232703,,42.232703899,VR2AR-69,549924,13
ATTITUDE,2026-06-25 04:00:00,2026-06-25 04:00:42.232703,,42.232703899,VR2AR-69,549924,3
TEMP,2026-06-25 05:00:00,2026-06-25 05:00:42.270685,,42.270685274,VR2AR-69,549924,11.442,
DEPTH,2026-06-25 05:00:00,2026-06-25 05:00:42.270685,,42.270685274,VR2AR-69,549924,13
ATTITUDE,2026-06-25 05:00:00,2026-06-25 05:00:42.270685,,42.270685274,VR2AR-69,549924,2
TEMP,2026-06-25 06:00:00,2026-06-25 06:00:42.308666,,42.308666649,VR2AR-69,549924,11.606,
DEPTH,2026-06-25 06:00:00,2026-06-25 06:00:42.308666,,42.308666649,VR2AR-69,549924,12
ATTITUDE,2026-06-25 06:00:00,2026-06-25 06:00:42.308666,,42.308666649,VR2AR-69,549924,2
TEMP,2026-06-25 07:00:00,2026-06-25 07:00:42.346648,,42.346648024,VR2AR-69,549924,11.812,
DEPTH,2026-06-25 07:00:00,2026-06-25 07:00:42.346648,,42.346648024,VR2AR-69,549924,12
ATTITUDE,2026-06-25 07:00:00,2026-06-25 07:00:42.346648,,42.346648024,VR2AR-69,549924,2
TEMP,2026-06-25 08:00:00,2026-06-25 08:00:42.384629,,42.384629399,VR2AR-69,549924,11.668,
DEPTH,2026-06-25 08:00:00,2026-06-25 08:00:42.384629,,42.384629399,VR2AR-69,549924,13
ATTITUDE,2026-06-25 08:00:00,2026-06-25 08:00:42.384629,,42.384629399,VR2AR-69,549924,2
TEMP,2026-06-25 09:00:00,2026-06-25 09:00:42.42261,,42.422610773,VR2AR-69,549924,11.503,
DEPTH,2026-06-25 09:00:00,2026-06-25 09:00:42.42261,,42.422610773,VR2AR-69,549924,13
ATTITUDE,2026-06-25 09:00:00,2026-06-25 09:00:42.42261,,42.422610773,VR2AR-69,549924,2
TEMP,2026-06-25 10:00:00,2026-06-25 10:00:42.460592,,42.460592148,VR2AR-69,549924,11.277,
DEPTH,2026-06-25 10:00:00,2026-06-25 10:00:42.460592,,42.460592148,VR2AR-69,549924,14
ATTITUDE,2026-06-25 10:00:00,2026-06-25 10:00:42.460592,,42.460592148,VR2AR-69,549924,2
TEMP,2026-06-25 11:00:00,2026-06-25 11:00:42.498573,,42.498573523,VR2AR-69,549924,10.213,
DEPTH,2026-06-25 11:00:00,2026-06-25 11:00:42.498573,,42.498573523,VR2AR-69,549924,14
ATTITUDE,2026-06-25 11:00:00,2026-06-25 11:00:42.498573,,42.498573523,VR2AR-69,549924,2
TEMP,2026-06-25 12:00:00,2026-06-25 12:00:42.536554,,42.536554898,VR2AR-69,549924,10.54,
DEPTH,2026-06-25 12:00:00,2026-06-25 12:00:42.536554,,42.536554898,VR2AR-69,549924,15
ATTITUDE,2026-06-25 12:00:00,2026-06-25 12:00:42.536554,,42.536554898,VR2AR-69,549924,3
TEMP,2026-06-25 13:00:00,2026-06-25 13:00:42.574536,,42.574536272,VR2AR-69,549924,10.724,
DEPTH,2026-06-25 13:00:00,2026-06-25 13:00:42.574536,,42.574536272,VR2AR-69,549924,15
ATTITUDE,2026-06-25 13:00:00,2026-06-25 13:00:42.574536,,42.574536272,VR2AR-69,549924,2
TEMP,2026-06-25 14:00:00,2026-06-25 14:00:42.612517,,42.612517647,VR2AR-69,549924,10.703,
DEPTH,2026-06-25 14:00:00,2026-06-25 14:00:42.612517,,42.612517647,VR2AR-69,549924,14
ATTITUDE,2026-06-25 14:00:00,2026-06-25 14:00:42.612517,,42.612517647,VR2AR-69,549924,2
TEMP,2026-06-25 15:00:00,2026-06-25 15:00:42.650499,,42.650499022,VR2AR-69,549924,10.99,
DEPTH,2026-06-25 15:00:00,2026-06-25 15:00:42.650499,,42.650499022,VR2AR-69,549924,14
ATTITUDE,2026-06-25 15:00:00,2026-06-25 15:00:42.650499,,42.650499022,VR2AR-69,549924,2
TEMP,2026-06-25 16:00:00,2026-06-25 16:00:42.68848,,42.688480397,VR2AR-69,549924,11.236,
DEPTH,2026-06-25 16:00:00,2026-06-25 16:00:42.68848,,42.688480397,VR2AR-69,549924,13
ATTITUDE,2026-06-25 16:00:00,2026-06-25 16:00:42.68848,,42.688480397,VR2AR-69,549924,2
TEMP,2026-06-25 17:00:00,2026-06-25 17:00:42.726461,,42.726461771,VR2AR-69,549924,11.462,
DEPTH,2026-06-25 17:00:00,2026-06-25 17:00:42.726461,,42.726461771,VR2AR-69,549924,13
ATTITUDE,2026-06-25 17:00:00,2026-06-25 17:00:42.726461,,42.726461771,VR2AR-69,549924,2
TEMP,2026-06-25 18:00:00,2026-06-25 18:00:42.764443,,42.764443146,VR2AR-69,549924,11.544,
DEPTH,2026-06-25 18:00:00,2026-06-25 18:00:42.764443,,42.764443146,VR2AR-69,549924,13
ATTITUDE,2026-06-25 18:00:00,2026-06-25 18:00:42.764443,,42.764443146,VR2AR-69,549924,2
TEMP,2026-06-25 19:00:00,2026-06-25 19:00:42.802424,,42.802424521,VR2AR-69,549924,11.606,
DEPTH,2026-06-25 19:00:00,2026-06-25 19:00:42.802424,,42.802424521,VR2AR-69,549924,13
ATTITUDE,2026-06-25 19:00:00,2026-06-25 19:00:42.802424,,42.802424521,VR2AR-69,549924,2
TEMP,2026-06-25 20:00:00,2026-06-25 20:00:42.840405,,42.840405896,VR2AR-69,549924,11.462,
DEPTH,2026-06-25 20:00:00,2026-06-25 20:00:42.840405,,42.840405896,VR2AR-69,549924,13
ATTITUDE,2026-06-25 20:00:00,2026-06-25 20:00:42.840405,,42.840405896,VR2AR-69,549924,2
TEMP,2026-06-25 21:00:00,2026-06-25 21:00:42.878387,,42.878387270,VR2AR-69,549924,11.462,
DEPTH,2026-06-25 21:00:00,2026-06-25 21:00:42.878387,,42.878387270,VR2AR-69,549924,13
ATTITUDE,2026-06-25 21:00:00,2026-06-25 21:00:42.878387,,42.878387270,VR2AR-69,549924,2
TEMP,2026-06-25 22:00:00,2026-06-25 22:00:42.916368,,42.916368645,VR2AR-69,549924,11.052,
DEPTH,2026-06-25 22:00:00,2026-06-25 22:00:42.916368,,42.916368645,VR2AR-69,549924,14
ATTITUDE,2026-06-25 22:00:00,2026-06-25 22:00:42.916368,,42.916368645,VR2AR-69,549924,2
TEMP,2026-06-25 23:00:00,2026-06-25 23:00:42.95435,,42.954350020,VR2AR-69,549924,10.479,
DEPTH,2026-06-25 23:00:00,2026-06-25 23:00:42.95435,,42.954350020,VR2AR-69,549924,15
ATTITUDE,2026-06-25 23:00:00,2026-06-25 23:00:42.95435,,42.954350020,VR2AR-69,549924,2
TEMP,2026-06-26 00:00:00,2026-06-26 00:00:42.992331,,42.992331395,VR2AR-69,549924,10.601,
DEPTH,2026-06-26 00:00:00,2026-06-26 00:00:42.992331,,42.992331395,VR2AR-69,549924,15
ATTITUDE,2026-06-26 00:00:00,2026-06-26 00:00:42.992331,,42.992331395,VR2AR-69,549924,2
TEMP,2026-06-26 01:00:00,2026-06-26 01:00:43.030312,,43.030312770,VR2AR-69,549924,10.765,
DEPTH,2026-06-26 01:00:00,2026-06-26 01:00:43.030312,,43.030312770,VR2AR-69,549924,15
ATTITUDE,2026-06-26 01:00:00,2026-06-26 01:00:43.030312,,43.030312770,VR2AR-69,549924,2
TEMP,2026-06-26 02:00:00,2026-06-26 02:00:43.068294,,43.068294144,VR2AR-69,549924,10.826,
DEPTH,2026-06-26 02:00:00,2026-06-26 02:00:43.068294,,43.068294144,VR2AR-69,549924,15
ATTITUDE,2026-06-26 02:00:00,2026-06-26 02:00:43.068294,,43.068294144,VR2AR-69,549924,2
TEMP,2026-06-26 03:00:00,2026-06-26 03:00:43.106275,,43.106275519,VR2AR-69,549924,11.031,
DEPTH,2026-06-26 03:00:00,2026-06-26 03:00:43.106275,,43.106275519,VR2AR-69,549924,14
ATTITUDE,2026-06-26 03:00:00,2026-06-26 03:00:43.106275,,43.106275519,VR2AR-69,549924,1
TEMP,2026-06-26 04:00:00,2026-06-26 04:00:43.144256,,43.144256894,VR2AR-69,549924,11.277,
DEPTH,2026-06-26 04:00:00,2026-06-26 04:00:43.144256,,43.144256894,VR2AR-69,549924,14
ATTITUDE,2026-06-26 04:00:00,2026-06-26 04:00:43.144256,,43.144256894,VR2AR-69,549924,2
TEMP,2026-06-26 05:00:00,2026-06-26 05:00:43.182238,,43.182238269,VR2AR-69,549924,11.38,
DEPTH,2026-06-26 05:00:00,2026-06-26 05:00:43.182238,,43.182238269,VR2AR-69,549924,13
ATTITUDE,2026-06-26 05:00:00,2026-06-26 05:00:43.182238,,43.182238269,VR2AR-69,549924,2
TEMP,2026-06-26 06:00:00,2026-06-26 06:00:43.220219,,43.220219643,VR2AR-69,549924,11.627,
DEPTH,2026-06-26 06:00:00,2026-06-26 06:00:43.220219,,43.220219643,VR2AR-69,549924,12
ATTITUDE,2026-06-26 06:00:00,2026-06-26 06:00:43.220219,,43.220219643,VR2AR-69,549924,1
TEMP,2026-06-26 07:00:00,2026-06-26 07:00:43.258201,,43.258201018,VR2AR-69,549924,11.792,
DEPTH,2026-06-26 07:00:00,2026-06-26 07:00:43.258201,,43.258201018,VR2AR-69,549924,12
ATTITUDE,2026-06-26 07:00:00,2026-06-26 07:00:43.258201,,43.258201018,VR2AR-69,549924,1
TEMP,2026-06-26 08:00:00,2026-06-26 08:00:43.296182,,43.296182393,VR2AR-69,549924,11.771,
DEPTH,2026-06-26 08:00:00,2026-06-26 08:00:43.296182,,43.296182393,VR2AR-69,549924,12
ATTITUDE,2026-06-26 08:00:00,2026-06-26 08:00:43.296182,,43.296182393,VR2AR-69,549924,2
TEMP,2026-06-26 09:00:00,2026-06-26 09:00:43.334163,,43.334163768,VR2AR-69,549924,11.689,
DEPTH,2026-06-26 09:00:00,2026-06-26 09:00:43.334163,,43.334163768,VR2AR-69,549924,13
ATTITUDE,2026-06-26 09:00:00,2026-06-26 09:00:43.334163,,43.334163768,VR2AR-69,549924,2
TEMP,2026-06-26 10:00:00,2026-06-26 10:00:43.372145,,43.372145142,VR2AR-69,549924,11.75,
DEPTH,2026-06-26 10:00:00,2026-06-26 10:00:43.372145,,43.372145142,VR2AR-69,549924,13
ATTITUDE,2026-06-26 10:00:00,2026-06-26 10:00:43.372145,,43.372145142,VR2AR-69,549924,2
TEMP,2026-06-26 11:00:00,2026-06-26 11:00:43.410126,,43.410126517,VR2AR-69,549924,10.929,
DEPTH,2026-06-26 11:00:00,2026-06-26 11:00:43.410126,,43.410126517,VR2AR-69,549924,14
ATTITUDE,2026-06-26 11:00:00,2026-06-26 11:00:43.410126,,43.410126517,VR2AR-69,549924,3
TEMP,2026-06-26 12:00:00,2026-06-26 12:00:43.448107,,43.448107892,VR2AR-69,549924,10.458,
DEPTH,2026-06-26 12:00:00,2026-06-26 12:00:43.448107,,43.448107892,VR2AR-69,549924,14
ATTITUDE,2026-06-26 12:00:00,2026-06-26 12:00:43.448107,,43.448107892,VR2AR-69,549924,2
TEMP,2026-06-26 13:00:00,2026-06-26 13:00:43.486089,,43.486089267,VR2AR-69,549924,10.806,
DEPTH,2026-06-26 13:00:00,2026-06-26 13:00:43.486089,,43.486089267,VR2AR-69,549924,15
ATTITUDE,2026-06-26 13:00:00,2026-06-26 13:00:43.486089,,43.486089267,VR2AR-69,549924,3
TEMP,2026-06-26 14:00:00,2026-06-26 14:00:43.52407,,43.524070641,VR2AR-69,549924,10.97,
DEPTH,2026-06-26 14:00:00,2026-06-26 14:00:43.52407,,43.524070641,VR2AR-69,549924,15
ATTITUDE,2026-06-26 14:00:00,2026-06-26 14:00:43.52407,,43.524070641,VR2AR-69,549924,3
TEMP,2026-06-26 15:00:00,2026-06-26 15:00:43.562052,,43.562052016,VR2AR-69,549924,10.908,
DEPTH,2026-06-26 15:00:00,2026-06-26 15:00:43.562052,,43.562052016,VR2AR-69,549924,14
ATTITUDE,2026-06-26 15:00:00,2026-06-26 15:00:43.562052,,43.562052016,VR2AR-69,549924,2
TEMP,2026-06-26 16:00:00,2026-06-26 16:00:43.600033,,43.600033391,VR2AR-69,549924,11.257,
DEPTH,2026-06-26 16:00:00,2026-06-26 16:00:43.600033,,43.600033391,VR2AR-69,549924,14
ATTITUDE,2026-06-26 16:00:00,2026-06-26 16:00:43.600033,,43.600033391,VR2AR-69,549924,3
TEMP,2026-06-26 17:00:00,2026-06-26 17:00:43.638014,,43.638014766,VR2AR-69,549924,11.483,
DEPTH,2026-06-26 17:00:00,2026-06-26 17:00:43.638014,,43.638014766,VR2AR-69,549924,13
ATTITUDE,2026-06-26 17:00:00,2026-06-26 17:00:43.638014,,43.638014766,VR2AR-69,549924,3
TEMP,2026-06-26 18:00:00,2026-06-26 18:00:43.675996,,43.675996141,VR2AR-69,549924,11.524,
DEPTH,2026-06-26 18:00:00,2026-06-26 18:00:43.675996,,43.675996141,VR2AR-69,549924,13
ATTITUDE,2026-06-26 18:00:00,2026-06-26 18:00:43.675996,,43.675996141,VR2AR-69,549924,3
TEMP,2026-06-26 19:00:00,2026-06-26 19:00:43.713977,,43.713977515,VR2AR-69,549924,11.565,
DEPTH,2026-06-26 19:00:00,2026-06-26 19:00:43.713977,,43.713977515,VR2AR-69,549924,13
ATTITUDE,2026-06-26 19:00:00,2026-06-26 19:00:43.713977,,43.713977515,VR2AR-69,549924,2
TEMP,2026-06-26 20:00:00,2026-06-26 20:00:43.751958,,43.751958890,VR2AR-69,549924,11.627,
DEPTH,2026-06-26 20:00:00,2026-06-26 20:00:43.751958,,43.751958890,VR2AR-69,549924,13
ATTITUDE,2026-06-26 20:00:00,2026-06-26 20:00:43.751958,,43.751958890,VR2AR-69,549924,2
TEMP,2026-06-26 21:00:00,2026-06-26 21:00:43.78994,,43.789940265,VR2AR-69,549924,11.544,
DEPTH,2026-06-26 21:00:00,2026-06-26 21:00:43.78994,,43.789940265,VR2AR-69,549924,13
ATTITUDE,2026-06-26 21:00:00,2026-06-26 21:00:43.78994,,43.789940265,VR2AR-69,549924,2
TEMP,2026-06-26 22:00:00,2026-06-26 22:00:43.827921,,43.827921640,VR2AR-69,549924,11.647,
DEPTH,2026-06-26 22:00:00,2026-06-26 22:00:43.827921,,43.827921640,VR2AR-69,549924,13
ATTITUDE,2026-06-26 22:00:00,2026-06-26 22:00:43.827921,,43.827921640,VR2AR-69,549924,2
TEMP,2026-06-26 23:00:00,2026-06-26 23:00:43.865903,,43.865903014,VR2AR-69,549924,11.524,
DEPTH,2026-06-26 23:00:00,2026-06-26 23:00:43.865903,,43.865903014,VR2AR-69,549924,14
ATTITUDE,2026-06-26 23:00:00,2026-06-26 23:00:43.865903,,43.865903014,VR2AR-69,549924,2
TEMP,2026-06-27 00:00:00,2026-06-27 00:00:43.903884,,43.903884389,VR2AR-69,549924,10.949,
DEPTH,2026-06-27 00:00:00,2026-06-27 00:00:43.903884,,43.903884389,VR2AR-69,549924,15
ATTITUDE,2026-06-27 00:00:00,2026-06-27 00:00:43.903884,,43.903884389,VR2AR-69,549924,2
TEMP,2026-06-27 01:00:00,2026-06-27 01:00:43.941865,,43.941865764,VR2AR-69,549924,10.99,
DEPTH,2026-06-27 01:00:00,2026-06-27 01:00:43.941865,,43.941865764,VR2AR-69,549924,15
ATTITUDE,2026-06-27 01:00:00,2026-06-27 01:00:43.941865,,43.941865764,VR2AR-69,549924,2
TEMP,2026-06-27 02:00:00,2026-06-27 02:00:43.979847,,43.979847139,VR2AR-69,549924,11.277,
DEPTH,2026-06-27 02:00:00,2026-06-27 02:00:43.979847,,43.979847139,VR2AR-69,549924,15
ATTITUDE,2026-06-27 02:00:00,2026-06-27 02:00:43.979847,,43.979847139,VR2AR-69,549924,2
TEMP,2026-06-27 03:00:00,2026-06-27 03:00:44.017828,,44.017828513,VR2AR-69,549924,11.359,
DEPTH,2026-06-27 03:00:00,2026-06-27 03:00:44.017828,,44.017828513,VR2AR-69,549924,15
ATTITUDE,2026-06-27 03:00:00,2026-06-27 03:00:44.017828,,44.017828513,VR2AR-69,549924,2
TEMP,2026-06-27 04:00:00,2026-06-27 04:00:44.055809,,44.055809888,VR2AR-69,549924,11.4,
DEPTH,2026-06-27 04:00:00,2026-06-27 04:00:44.055809,,44.055809888,VR2AR-69,549924,14
ATTITUDE,2026-06-27 04:00:00,2026-06-27 04:00:44.055809,,44.055809888,VR2AR-69,549924,2
TEMP,2026-06-27 05:00:00,2026-06-27 05:00:44.093791,,44.093791263,VR2AR-69,549924,11.524,
DEPTH,2026-06-27 05:00:00,2026-06-27 05:00:44.093791,,44.093791263,VR2AR-69,549924,13
ATTITUDE,2026-06-27 05:00:00,2026-06-27 05:00:44.093791,,44.093791263,VR2AR-69,549924,1
TEMP,2026-06-27 06:00:00,2026-06-27 06:00:44.131772,,44.131772638,VR2AR-69,549924,11.606,
DEPTH,2026-06-27 06:00:00,2026-06-27 06:00:44.131772,,44.131772638,VR2AR-69,549924,13
ATTITUDE,2026-06-27 06:00:00,2026-06-27 06:00:44.131772,,44.131772638,VR2AR-69,549924,2
TEMP,2026-06-27 07:00:00,2026-06-27 07:00:44.169754,,44.169754012,VR2AR-69,549924,11.689,
DEPTH,2026-06-27 07:00:00,2026-06-27 07:00:44.169754,,44.169754012,VR2AR-69,549924,12
ATTITUDE,2026-06-27 07:00:00,2026-06-27 07:00:44.169754,,44.169754012,VR2AR-69,549924,2
TEMP,2026-06-27 08:00:00,2026-06-27 08:00:44.207735,,44.207735388,VR2AR-69,549924,11.75,
DEPTH,2026-06-27 08:00:00,2026-06-27 08:00:44.207735,,44.207735388,VR2AR-69,549924,12
ATTITUDE,2026-06-27 08:00:00,2026-06-27 08:00:44.207735,,44.207735388,VR2AR-69,549924,2
TEMP,2026-06-27 09:00:00,2026-06-27 09:00:44.245716,,44.245716762,VR2AR-69,549924,11.833,
DEPTH,2026-06-27 09:00:00,2026-06-27 09:00:44.245716,,44.245716762,VR2AR-69,549924,12
ATTITUDE,2026-06-27 09:00:00,2026-06-27 09:00:44.245716,,44.245716762,VR2AR-69,549924,2
TEMP,2026-06-27 10:00:00,2026-06-27 10:00:44.283698,,44.283698137,VR2AR-69,549924,11.833,
DEPTH,2026-06-27 10:00:00,2026-06-27 10:00:44.283698,,44.283698137,VR2AR-69,549924,13
ATTITUDE,2026-06-27 10:00:00,2026-06-27 10:00:44.283698,,44.283698137,VR2AR-69,549924,2
TEMP,2026-06-27 11:00:00,2026-06-27 11:00:44.321679,,44.321679512,VR2AR-69,549924,11.771,
DEPTH,2026-06-27 11:00:00,2026-06-27 11:00:44.321679,,44.321679512,VR2AR-69,549924,13
ATTITUDE,2026-06-27 11:00:00,2026-06-27 11:00:44.321679,,44.321679512,VR2AR-69,549924,2
TEMP,2026-06-27 12:00:00,2026-06-27 12:00:44.35966,,44.359660887,VR2AR-69,549924,11.236,
DEPTH,2026-06-27 12:00:00,2026-06-27 12:00:44.35966,,44.359660887,VR2AR-69,549924,14
ATTITUDE,2026-06-27 12:00:00,2026-06-27 12:00:44.35966,,44.359660887,VR2AR-69,549924,2
TEMP,2026-06-27 13:00:00,2026-06-27 13:00:44.397642,,44.397642261,VR2AR-69,549924,10.867,
DEPTH,2026-06-27 13:00:00,2026-06-27 13:00:44.397642,,44.397642261,VR2AR-69,549924,14
ATTITUDE,2026-06-27 13:00:00,2026-06-27 13:00:44.397642,,44.397642261,VR2AR-69,549924,3
TEMP,2026-06-27 14:00:00,2026-06-27 14:00:44.435623,,44.435623636,VR2AR-69,549924,11.257,
DEPTH,2026-06-27 14:00:00,2026-06-27 14:00:44.435623,,44.435623636,VR2AR-69,549924,15
ATTITUDE,2026-06-27 14:00:00,2026-06-27 14:00:44.435623,,44.435623636,VR2AR-69,549924,2
TEMP,2026-06-27 15:00:00,2026-06-27 15:00:44.473605,,44.473605011,VR2AR-69,549924,11.318,
DEPTH,2026-06-27 15:00:00,2026-06-27 15:00:44.473605,,44.473605011,VR2AR-69,549924,15
ATTITUDE,2026-06-27 15:00:00,2026-06-27 15:00:44.473605,,44.473605011,VR2AR-69,549924,2
TEMP,2026-06-27 16:00:00,2026-06-27 16:00:44.511586,,44.511586385,VR2AR-69,549924,11.318,
DEPTH,2026-06-27 16:00:00,2026-06-27 16:00:44.511586,,44.511586385,VR2AR-69,549924,14
ATTITUDE,2026-06-27 16:00:00,2026-06-27 16:00:44.511586,,44.511586385,VR2AR-69,549924,2
TEMP,2026-06-27 17:00:00,2026-06-27 17:00:44.549567,,44.549567760,VR2AR-69,549924,11.544,
DEPTH,2026-06-27 17:00:00,2026-06-27 17:00:44.549567,,44.549567760,VR2AR-69,549924,14
ATTITUDE,2026-06-27 17:00:00,2026-06-27 17:00:44.549567,,44.549567760,VR2AR-69,549924,2
TEMP,2026-06-27 18:00:00,2026-06-27 18:00:44.587549,,44.587549136,VR2AR-69,549924,11.709,
DEPTH,2026-06-27 18:00:00,2026-06-27 18:00:44.587549,,44.587549136,VR2AR-69,549924,13
ATTITUDE,2026-06-27 18:00:00,2026-06-27 18:00:44.587549,,44.587549136,VR2AR-69,549924,2
TEMP,2026-06-27 19:00:00,2026-06-27 19:00:44.62553,,44.625530510,VR2AR-69,549924,11.73,
DEPTH,2026-06-27 19:00:00,2026-06-27 19:00:44.62553,,44.625530510,VR2AR-69,549924,13
ATTITUDE,2026-06-27 19:00:00,2026-06-27 19:00:44.62553,,44.625530510,VR2AR-69,549924,2
TEMP,2026-06-27 20:00:00,2026-06-27 20:00:44.663511,,44.663511885,VR2AR-69,549924,11.874,
DEPTH,2026-06-27 20:00:00,2026-06-27 20:00:44.663511,,44.663511885,VR2AR-69,549924,12
ATTITUDE,2026-06-27 20:00:00,2026-06-27 20:00:44.663511,,44.663511885,VR2AR-69,549924,2
TEMP,2026-06-27 21:00:00,2026-06-27 21:00:44.701493,,44.701493259,VR2AR-69,549924,11.915,
DEPTH,2026-06-27 21:00:00,2026-06-27 21:00:44.701493,,44.701493259,VR2AR-69,549924,13
ATTITUDE,2026-06-27 21:00:00,2026-06-27 21:00:44.701493,,44.701493259,VR2AR-69,549924,2
TEMP,2026-06-27 22:00:00,2026-06-27 22:00:44.739474,,44.739474634,VR2AR-69,549924,11.833,
DEPTH,2026-06-27 22:00:00,2026-06-27 22:00:44.739474,,44.739474634,VR2AR-69,549924,13
ATTITUDE,2026-06-27 22:00:00,2026-06-27 22:00:44.739474,,44.739474634,VR2AR-69,549924,2
TEMP,2026-06-27 23:00:00,2026-06-27 23:00:44.777456,,44.777456009,VR2AR-69,549924,11.874,
DEPTH,2026-06-27 23:00:00,2026-06-27 23:00:44.777456,,44.777456009,VR2AR-69,549924,14
ATTITUDE,2026-06-27 23:00:00,2026-06-27 23:00:44.777456,,44.777456009,VR2AR-69,549924,2
TEMP,2026-06-28 00:00:00,2026-06-28 00:00:44.815437,,44.815437383,VR2AR-69,549924,11.647,
DEPTH,2026-06-28 00:00:00,2026-06-28 00:00:44.815437,,44.815437383,VR2AR-69,549924,14
ATTITUDE,2026-06-28 00:00:00,2026-06-28 00:00:44.815437,,44.815437383,VR2AR-69,549924,2
TEMP,2026-06-28 01:00:00,2026-06-28 01:00:44.853418,,44.853418759,VR2AR-69,549924,11.359,
DEPTH,2026-06-28 01:00:00,2026-06-28 01:00:44.853418,,44.853418759,VR2AR-69,549924,15
ATTITUDE,2026-06-28 01:00:00,2026-06-28 01:00:44.853418,,44.853418759,VR2AR-69,549924,2
TEMP,2026-06-28 02:00:00,2026-06-28 02:00:44.8914,,44.891400134,VR2AR-69,549924,11.483,
DEPTH,2026-06-28 02:00:00,2026-06-28 02:00:44.8914,,44.891400134,VR2AR-69,549924,15
ATTITUDE,2026-06-28 02:00:00,2026-06-28 02:00:44.8914,,44.891400134,VR2AR-69,549924,2
TEMP,2026-06-28 03:00:00,2026-06-28 03:00:44.929381,,44.929381508,VR2AR-69,549924,11.874,
DEPTH,2026-06-28 03:00:00,2026-06-28 03:00:44.929381,,44.929381508,VR2AR-69,549924,15
ATTITUDE,2026-06-28 03:00:00,2026-06-28 03:00:44.929381,,44.929381508,VR2AR-69,549924,2
TEMP,2026-06-28 04:00:00,2026-06-28 04:00:44.967362,,44.967362883,VR2AR-69,549924,11.627,
DEPTH,2026-06-28 04:00:00,2026-06-28 04:00:44.967362,,44.967362883,VR2AR-69,549924,15
ATTITUDE,2026-06-28 04:00:00,2026-06-28 04:00:44.967362,,44.967362883,VR2AR-69,549924,2
TEMP,2026-06-28 05:00:00,2026-06-28 05:00:45.005344,,45.005344257,VR2AR-69,549924,11.833,
DEPTH,2026-06-28 05:00:00,2026-06-28 05:00:45.005344,,45.005344257,VR2AR-69,549924,14
ATTITUDE,2026-06-28 05:00:00,2026-06-28 05:00:45.005344,,45.005344257,VR2AR-69,549924,2
TEMP,2026-06-28 06:00:00,2026-06-28 06:00:45.043325,,45.043325632,VR2AR-69,549924,11.957,
DEPTH,2026-06-28 06:00:00,2026-06-28 06:00:45.043325,,45.043325632,VR2AR-69,549924,13
ATTITUDE,2026-06-28 06:00:00,2026-06-28 06:00:45.043325,,45.043325632,VR2AR-69,549924,2
TEMP,2026-06-28 07:00:00,2026-06-28 07:00:45.081307,,45.081307007,VR2AR-69,549924,11.957,
DEPTH,2026-06-28 07:00:00,2026-06-28 07:00:45.081307,,45.081307007,VR2AR-69,549924,13
ATTITUDE,2026-06-28 07:00:00,2026-06-28 07:00:45.081307,,45.081307007,VR2AR-69,549924,2
TEMP,2026-06-28 08:00:00,2026-06-28 08:00:45.119288,,45.119288382,VR2AR-69,549924,12.019,
DEPTH,2026-06-28 08:00:00,2026-06-28 08:00:45.119288,,45.119288382,VR2AR-69,549924,12
ATTITUDE,2026-06-28 08:00:00,2026-06-28 08:00:45.119288,,45.119288382,VR2AR-69,549924,2
TEMP,2026-06-28 09:00:00,2026-06-28 09:00:45.157269,,45.157269757,VR2AR-69,549924,12.122,
DEPTH,2026-06-28 09:00:00,2026-06-28 09:00:45.157269,,45.157269757,VR2AR-69,549924,12
ATTITUDE,2026-06-28 09:00:00,2026-06-28 09:00:45.157269,,45.157269757,VR2AR-69,549924,1
TEMP,2026-06-28 10:00:00,2026-06-28 10:00:45.195251,,45.195251132,VR2AR-69,549924,12.225,
DEPTH,2026-06-28 10:00:00,2026-06-28 10:00:45.195251,,45.195251132,VR2AR-69,549924,12
ATTITUDE,2026-06-28 10:00:00,2026-06-28 10:00:45.195251,,45.195251132,VR2AR-69,549924,2
TEMP,2026-06-28 11:00:00,2026-06-28 11:00:45.233232,,45.233232506,VR2AR-69,549924,12.122,
DEPTH,2026-06-28 11:00:00,2026-06-28 11:00:45.233232,,45.233232506,VR2AR-69,549924,13
ATTITUDE,2026-06-28 11:00:00,2026-06-28 11:00:45.233232,,45.233232506,VR2AR-69,549924,1
TEMP,2026-06-28 12:00:00,2026-06-28 12:00:45.271213,,45.271213881,VR2AR-69,549924,12.019,
DEPTH,2026-06-28 12:00:00,2026-06-28 12:00:45.271213,,45.271213881,VR2AR-69,549924,14
ATTITUDE,2026-06-28 12:00:00,2026-06-28 12:00:45.271213,,45.271213881,VR2AR-69,549924,1
TEMP,2026-06-28 13:00:00,2026-06-28 13:00:45.309195,,45.309195255,VR2AR-69,549924,11.442,
DEPTH,2026-06-28 13:00:00,2026-06-28 13:00:45.309195,,45.309195255,VR2AR-69,549924,14
ATTITUDE,2026-06-28 13:00:00,2026-06-28 13:00:45.309195,,45.309195255,VR2AR-69,549924,2
TEMP,2026-06-28 14:00:00,2026-06-28 14:00:45.347176,,45.347176630,VR2AR-69,549924,11.216,
DEPTH,2026-06-28 14:00:00,2026-06-28 14:00:45.347176,,45.347176630,VR2AR-69,549924,15
ATTITUDE,2026-06-28 14:00:00,2026-06-28 14:00:45.347176,,45.347176630,VR2AR-69,549924,2
TEMP,2026-06-28 15:00:00,2026-06-28 15:00:45.385158,,45.385158006,VR2AR-69,549924,11.709,
DEPTH,2026-06-28 15:00:00,2026-06-28 15:00:45.385158,,45.385158006,VR2AR-69,549924,15
ATTITUDE,2026-06-28 15:00:00,2026-06-28 15:00:45.385158,,45.385158006,VR2AR-69,549924,2
TEMP,2026-06-28 16:00:00,2026-06-28 16:00:45.423139,,45.423139380,VR2AR-69,549924,11.483,
DEPTH,2026-06-28 16:00:00,2026-06-28 16:00:45.423139,,45.423139380,VR2AR-69,549924,14
ATTITUDE,2026-06-28 16:00:00,2026-06-28 16:00:45.423139,,45.423139380,VR2AR-69,549924,3
TEMP,2026-06-28 17:00:00,2026-06-28 17:00:45.46112,,45.461120755,VR2AR-69,549924,11.483,
DEPTH,2026-06-28 17:00:00,2026-06-28 17:00:45.46112,,45.461120755,VR2AR-69,549924,14
ATTITUDE,2026-06-28 17:00:00,2026-06-28 17:00:45.46112,,45.461120755,VR2AR-69,549924,3
TEMP,2026-06-28 18:00:00,2026-06-28 18:00:45.499102,,45.499102129,VR2AR-69,549924,11.895,
DEPTH,2026-06-28 18:00:00,2026-06-28 18:00:45.499102,,45.499102129,VR2AR-69,549924,13
ATTITUDE,2026-06-28 18:00:00,2026-06-28 18:00:45.499102,,45.499102129,VR2AR-69,549924,2
TEMP,2026-06-28 19:00:00,2026-06-28 19:00:45.537083,,45.537083504,VR2AR-69,549924,11.998,
DEPTH,2026-06-28 19:00:00,2026-06-28 19:00:45.537083,,45.537083504,VR2AR-69,549924,13
ATTITUDE,2026-06-28 19:00:00,2026-06-28 19:00:45.537083,,45.537083504,VR2AR-69,549924,2
TEMP,2026-06-28 20:00:00,2026-06-28 20:00:45.575064,,45.575064879,VR2AR-69,549924,12.163,
DEPTH,2026-06-28 20:00:00,2026-06-28 20:00:45.575064,,45.575064879,VR2AR-69,549924,13
ATTITUDE,2026-06-28 20:00:00,2026-06-28 20:00:45.575064,,45.575064879,VR2AR-69,549924,2
TEMP,2026-06-28 21:00:00,2026-06-28 21:00:45.613046,,45.613046254,VR2AR-69,549924,12.329,
DEPTH,2026-06-28 21:00:00,2026-06-28 21:00:45.613046,,45.613046254,VR2AR-69,549924,13
ATTITUDE,2026-06-28 21:00:00,2026-06-28 21:00:45.613046,,45.613046254,VR2AR-69,549924,2
TEMP,2026-06-28 22:00:00,2026-06-28 22:00:45.651027,,45.651027629,VR2AR-69,549924,12.163,
DEPTH,2026-06-28 22:00:00,2026-06-28 22:00:45.651027,,45.651027629,VR2AR-69,549924,13
ATTITUDE,2026-06-28 22:00:00,2026-06-28 22:00:45.651027,,45.651027629,VR2AR-69,549924,2
TEMP,2026-06-28 23:00:00,2026-06-28 23:00:45.689009,,45.689009004,VR2AR-69,549924,12.122,
DEPTH,2026-06-28 23:00:00,2026-06-28 23:00:45.689009,,45.689009004,VR2AR-69,549924,13
ATTITUDE,2026-06-28 23:00:00,2026-06-28 23:00:45.689009,,45.689009004,VR2AR-69,549924,2
TEMP,2026-06-29 00:00:00,2026-06-29 00:00:45.72699,,45.726990378,VR2AR-69,549924,12.019,
DEPTH,2026-06-29 00:00:00,2026-06-29 00:00:45.72699,,45.726990378,VR2AR-69,549924,14
ATTITUDE,2026-06-29 00:00:00,2026-06-29 00:00:45.72699,,45.726990378,VR2AR-69,549924,2
TEMP,2026-06-29 01:00:00,2026-06-29 01:00:45.764971,,45.764971753,VR2AR-69,549924,11.442,
DEPTH,2026-06-29 01:00:00,2026-06-29 01:00:45.764971,,45.764971753,VR2AR-69,549924,15
ATTITUDE,2026-06-29 01:00:00,2026-06-29 01:00:45.764971,,45.764971753,VR2AR-69,549924,1
TEMP,2026-06-29 02:00:00,2026-06-29 02:00:45.802953,,45.802953127,VR2AR-69,549924,11.072,
DEPTH,2026-06-29 02:00:00,2026-06-29 02:00:45.802953,,45.802953127,VR2AR-69,549924,15
ATTITUDE,2026-06-29 02:00:00,2026-06-29 02:00:45.802953,,45.802953127,VR2AR-69,549924,2
TEMP,2026-06-29 03:00:00,2026-06-29 03:00:45.840934,,45.840934502,VR2AR-69,549924,11.4,
DEPTH,2026-06-29 03:00:00,2026-06-29 03:00:45.840934,,45.840934502,VR2AR-69,549924,15
ATTITUDE,2026-06-29 03:00:00,2026-06-29 03:00:45.840934,,45.840934502,VR2AR-69,549924,2
TEMP,2026-06-29 04:00:00,2026-06-29 04:00:45.878915,,45.878915878,VR2AR-69,549924,11.524,
DEPTH,2026-06-29 04:00:00,2026-06-29 04:00:45.878915,,45.878915878,VR2AR-69,549924,15
ATTITUDE,2026-06-29 04:00:00,2026-06-29 04:00:45.878915,,45.878915878,VR2AR-69,549924,2
TEMP,2026-06-29 05:00:00,2026-06-29 05:00:45.916897,,45.916897252,VR2AR-69,549924,11.709,
DEPTH,2026-06-29 05:00:00,2026-06-29 05:00:45.916897,,45.916897252,VR2AR-69,549924,14
ATTITUDE,2026-06-29 05:00:00,2026-06-29 05:00:45.916897,,45.916897252,VR2AR-69,549924,2
TEMP,2026-06-29 06:00:00,2026-06-29 06:00:45.954878,,45.954878627,VR2AR-69,549924,11.998,
DEPTH,2026-06-29 06:00:00,2026-06-29 06:00:45.954878,,45.954878627,VR2AR-69,549924,14
ATTITUDE,2026-06-29 06:00:00,2026-06-29 06:00:45.954878,,45.954878627,VR2AR-69,549924,3
TEMP,2026-06-29 07:00:00,2026-06-29 07:00:45.99286,,45.992860002,VR2AR-69,549924,12.163,
DEPTH,2026-06-29 07:00:00,2026-06-29 07:00:45.99286,,45.992860002,VR2AR-69,549924,13
ATTITUDE,2026-06-29 07:00:00,2026-06-29 07:00:45.99286,,45.992860002,VR2AR-69,549924,2
TEMP,2026-06-29 08:00:00,2026-06-29 08:00:46.030841,,46.030841376,VR2AR-69,549924,12.267,
DEPTH,2026-06-29 08:00:00,2026-06-29 08:00:46.030841,,46.030841376,VR2AR-69,549924,12
ATTITUDE,2026-06-29 08:00:00,2026-06-29 08:00:46.030841,,46.030841376,VR2AR-69,549924,2
TEMP,2026-06-29 09:00:00,2026-06-29 09:00:46.068822,,46.068822751,VR2AR-69,549924,12.246,
DEPTH,2026-06-29 09:00:00,2026-06-29 09:00:46.068822,,46.068822751,VR2AR-69,549924,12
ATTITUDE,2026-06-29 09:00:00,2026-06-29 09:00:46.068822,,46.068822751,VR2AR-69,549924,2
TEMP,2026-06-29 10:00:00,2026-06-29 10:00:46.106804,,46.106804125,VR2AR-69,549924,12.329,
DEPTH,2026-06-29 10:00:00,2026-06-29 10:00:46.106804,,46.106804125,VR2AR-69,549924,12
ATTITUDE,2026-06-29 10:00:00,2026-06-29 10:00:46.106804,,46.106804125,VR2AR-69,549924,2
TEMP,2026-06-29 11:00:00,2026-06-29 11:00:46.144785,,46.144785501,VR2AR-69,549924,12.288,
DEPTH,2026-06-29 11:00:00,2026-06-29 11:00:46.144785,,46.144785501,VR2AR-69,549924,13
ATTITUDE,2026-06-29 11:00:00,2026-06-29 11:00:46.144785,,46.144785501,VR2AR-69,549924,2
TEMP,2026-06-29 12:00:00,2026-06-29 12:00:46.182766,,46.182766876,VR2AR-69,549924,12.37,
DEPTH,2026-06-29 12:00:00,2026-06-29 12:00:46.182766,,46.182766876,VR2AR-69,549924,13
ATTITUDE,2026-06-29 12:00:00,2026-06-29 12:00:46.182766,,46.182766876,VR2AR-69,549924,2
TEMP,2026-06-29 13:00:00,2026-06-29 13:00:46.220748,,46.220748250,VR2AR-69,549924,12.019,
DEPTH,2026-06-29 13:00:00,2026-06-29 13:00:46.220748,,46.220748250,VR2AR-69,549924,14
ATTITUDE,2026-06-29 13:00:00,2026-06-29 13:00:46.220748,,46.220748250,VR2AR-69,549924,1
TEMP,2026-06-29 14:00:00,2026-06-29 14:00:46.258729,,46.258729625,VR2AR-69,549924,10.97,
DEPTH,2026-06-29 14:00:00,2026-06-29 14:00:46.258729,,46.258729625,VR2AR-69,549924,14
ATTITUDE,2026-06-29 14:00:00,2026-06-29 14:00:46.258729,,46.258729625,VR2AR-69,549924,2
TEMP,2026-06-29 15:00:00,2026-06-29 15:00:46.296711,,46.296711000,VR2AR-69,549924,10.949,
DEPTH,2026-06-29 15:00:00,2026-06-29 15:00:46.296711,,46.296711000,VR2AR-69,549924,15
ATTITUDE,2026-06-29 15:00:00,2026-06-29 15:00:46.296711,,46.296711000,VR2AR-69,549924,2
TEMP,2026-06-29 16:00:00,2026-06-29 16:00:46.334692,,46.334692374,VR2AR-69,549924,11.113,
DEPTH,2026-06-29 16:00:00,2026-06-29 16:00:46.334692,,46.334692374,VR2AR-69,549924,15
ATTITUDE,2026-06-29 16:00:00,2026-06-29 16:00:46.334692,,46.334692374,VR2AR-69,549924,2
TEMP,2026-06-29 17:00:00,2026-06-29 17:00:46.372673,,46.372673749,VR2AR-69,549924,11.195,
DEPTH,2026-06-29 17:00:00,2026-06-29 17:00:46.372673,,46.372673749,VR2AR-69,549924,14
ATTITUDE,2026-06-29 17:00:00,2026-06-29 17:00:46.372673,,46.372673749,VR2AR-69,549924,3
TEMP,2026-06-29 18:00:00,2026-06-29 18:00:46.410655,,46.410655124,VR2AR-69,549924,11.462,
DEPTH,2026-06-29 18:00:00,2026-06-29 18:00:46.410655,,46.410655124,VR2AR-69,549924,14
ATTITUDE,2026-06-29 18:00:00,2026-06-29 18:00:46.410655,,46.410655124,VR2AR-69,549924,2
TEMP,2026-06-29 19:00:00,2026-06-29 19:00:46.448636,,46.448636499,VR2AR-69,549924,11.895,
DEPTH,2026-06-29 19:00:00,2026-06-29 19:00:46.448636,,46.448636499,VR2AR-69,549924,13
ATTITUDE,2026-06-29 19:00:00,2026-06-29 19:00:46.448636,,46.448636499,VR2AR-69,549924,2
TEMP,2026-06-29 20:00:00,2026-06-29 20:00:46.486617,,46.486617874,VR2AR-69,549924,12.101,
DEPTH,2026-06-29 20:00:00,2026-06-29 20:00:46.486617,,46.486617874,VR2AR-69,549924,13
ATTITUDE,2026-06-29 20:00:00,2026-06-29 20:00:46.486617,,46.486617874,VR2AR-69,549924,2
TEMP,2026-06-29 21:00:00,2026-06-29 21:00:46.524599,,46.524599248,VR2AR-69,549924,12.246,
DEPTH,2026-06-29 21:00:00,2026-06-29 21:00:46.524599,,46.524599248,VR2AR-69,549924,12
ATTITUDE,2026-06-29 21:00:00,2026-06-29 21:00:46.524599,,46.524599248,VR2AR-69,549924,1
TEMP,2026-06-29 22:00:00,2026-06-29 22:00:46.56258,,46.562580623,VR2AR-69,549924,12.06,
DEPTH,2026-06-29 22:00:00,2026-06-29 22:00:46.56258,,46.562580623,VR2AR-69,549924,13
ATTITUDE,2026-06-29 22:00:00,2026-06-29 22:00:46.56258,,46.562580623,VR2AR-69,549924,2
TEMP,2026-06-29 23:00:00,2026-06-29 23:00:46.600561,,46.600561998,VR2AR-69,549924,12.122,
DEPTH,2026-06-29 23:00:00,2026-06-29 23:00:46.600561,,46.600561998,VR2AR-69,549924,13
ATTITUDE,2026-06-29 23:00:00,2026-06-29 23:00:46.600561,,46.600561998,VR2AR-69,549924,1
TEMP,2026-06-30 00:00:00,2026-06-30 00:00:46.638543,,46.638543372,VR2AR-69,549924,12.122,
DEPTH,2026-06-30 00:00:00,2026-06-30 00:00:46.638543,,46.638543372,VR2AR-69,549924,13
ATTITUDE,2026-06-30 00:00:00,2026-06-30 00:00:46.638543,,46.638543372,VR2AR-69,549924,2
TEMP,2026-06-30 01:00:00,2026-06-30 01:00:46.676524,,46.676524748,VR2AR-69,549924,11.977,
DEPTH,2026-06-30 01:00:00,2026-06-30 01:00:46.676524,,46.676524748,VR2AR-69,549924,14
ATTITUDE,2026-06-30 01:00:00,2026-06-30 01:00:46.676524,,46.676524748,VR2AR-69,549924,3
TEMP,2026-06-30 02:00:00,2026-06-30 02:00:46.714506,,46.714506122,VR2AR-69,549924,11.483,
DEPTH,2026-06-30 02:00:00,2026-06-30 02:00:46.714506,,46.714506122,VR2AR-69,549924,15
ATTITUDE,2026-06-30 02:00:00,2026-06-30 02:00:46.714506,,46.714506122,VR2AR-69,549924,1
TEMP,2026-06-30 03:00:00,2026-06-30 03:00:46.752487,,46.752487497,VR2AR-69,549924,11.134,
DEPTH,2026-06-30 03:00:00,2026-06-30 03:00:46.752487,,46.752487497,VR2AR-69,549924,15
ATTITUDE,2026-06-30 03:00:00,2026-06-30 03:00:46.752487,,46.752487497,VR2AR-69,549924,2
TEMP,2026-06-30 04:00:00,2026-06-30 04:00:46.790468,,46.790468872,VR2AR-69,549924,11.38,
DEPTH,2026-06-30 04:00:00,2026-06-30 04:00:46.790468,,46.790468872,VR2AR-69,549924,15
ATTITUDE,2026-06-30 04:00:00,2026-06-30 04:00:46.790468,,46.790468872,VR2AR-69,549924,2
TEMP,2026-06-30 05:00:00,2026-06-30 05:00:46.82845,,46.828450246,VR2AR-69,549924,11.442,
DEPTH,2026-06-30 05:00:00,2026-06-30 05:00:46.82845,,46.828450246,VR2AR-69,549924,15
ATTITUDE,2026-06-30 05:00:00,2026-06-30 05:00:46.82845,,46.828450246,VR2AR-69,549924,2
TEMP,2026-06-30 06:00:00,2026-06-30 06:00:46.866431,,46.866431621,VR2AR-69,549924,11.73,
DEPTH,2026-06-30 06:00:00,2026-06-30 06:00:46.866431,,46.866431621,VR2AR-69,549924,14
ATTITUDE,2026-06-30 06:00:00,2026-06-30 06:00:46.866431,,46.866431621,VR2AR-69,549924,2
TEMP,2026-06-30 07:00:00,2026-06-30 07:00:46.904412,,46.904412996,VR2AR-69,549924,11.915,
DEPTH,2026-06-30 07:00:00,2026-06-30 07:00:46.904412,,46.904412996,VR2AR-69,549924,14
ATTITUDE,2026-06-30 07:00:00,2026-06-30 07:00:46.904412,,46.904412996,VR2AR-69,549924,2
TEMP,2026-06-30 08:00:00,2026-06-30 08:00:46.942394,,46.942394371,VR2AR-69,549924,12.019,
DEPTH,2026-06-30 08:00:00,2026-06-30 08:00:46.942394,,46.942394371,VR2AR-69,549924,13
ATTITUDE,2026-06-30 08:00:00,2026-06-30 08:00:46.942394,,46.942394371,VR2AR-69,549924,2
TEMP,2026-06-30 09:00:00,2026-06-30 09:00:46.980375,,46.980375746,VR2AR-69,549924,12.122,
DEPTH,2026-06-30 09:00:00,2026-06-30 09:00:46.980375,,46.980375746,VR2AR-69,549924,12
ATTITUDE,2026-06-30 09:00:00,2026-06-30 09:00:46.980375,,46.980375746,VR2AR-69,549924,2
TEMP,2026-06-30 10:00:00,2026-06-30 10:00:47.018357,,47.018357120,VR2AR-69,549924,12.37,
DEPTH,2026-06-30 10:00:00,2026-06-30 10:00:47.018357,,47.018357120,VR2AR-69,549924,12
ATTITUDE,2026-06-30 10:00:00,2026-06-30 10:00:47.018357,,47.018357120,VR2AR-69,549924,1
TEMP,2026-06-30 11:00:00,2026-06-30 11:00:47.056338,,47.056338495,VR2AR-69,549924,12.412,
DEPTH,2026-06-30 11:00:00,2026-06-30 11:00:47.056338,,47.056338495,VR2AR-69,549924,12
ATTITUDE,2026-06-30 11:00:00,2026-06-30 11:00:47.056338,,47.056338495,VR2AR-69,549924,2
TEMP,2026-06-30 12:00:00,2026-06-30 12:00:47.094319,,47.094319870,VR2AR-69,549924,12.267,
DEPTH,2026-06-30 12:00:00,2026-06-30 12:00:47.094319,,47.094319870,VR2AR-69,549924,13
ATTITUDE,2026-06-30 12:00:00,2026-06-30 12:00:47.094319,,47.094319870,VR2AR-69,549924,2
TEMP,2026-06-30 13:00:00,2026-06-30 13:00:47.132301,,47.132301244,VR2AR-69,549924,12.081,
DEPTH,2026-06-30 13:00:00,2026-06-30 13:00:47.132301,,47.132301244,VR2AR-69,549924,13
ATTITUDE,2026-06-30 13:00:00,2026-06-30 13:00:47.132301,,47.132301244,VR2AR-69,549924,2
TEMP,2026-06-30 14:00:00,2026-06-30 14:00:47.170282,,47.170282620,VR2AR-69,549924,11.195,
DEPTH,2026-06-30 14:00:00,2026-06-30 14:00:47.170282,,47.170282620,VR2AR-69,549924,14
ATTITUDE,2026-06-30 14:00:00,2026-06-30 14:00:47.170282,,47.170282620,VR2AR-69,549924,2
TEMP,2026-06-30 15:00:00,2026-06-30 15:00:47.208263,,47.208263995,VR2AR-69,549924,10.867,
DEPTH,2026-06-30 15:00:00,2026-06-30 15:00:47.208263,,47.208263995,VR2AR-69,549924,15
ATTITUDE,2026-06-30 15:00:00,2026-06-30 15:00:47.208263,,47.208263995,VR2AR-69,549924,2
TEMP,2026-06-30 16:00:00,2026-06-30 16:00:47.246245,,47.246245369,VR2AR-69,549924,11.318,
DEPTH,2026-06-30 16:00:00,2026-06-30 16:00:47.246245,,47.246245369,VR2AR-69,549924,15
ATTITUDE,2026-06-30 16:00:00,2026-06-30 16:00:47.246245,,47.246245369,VR2AR-69,549924,3
TEMP,2026-06-30 17:00:00,2026-06-30 17:00:47.284226,,47.284226744,VR2AR-69,549924,11.257,
DEPTH,2026-06-30 17:00:00,2026-06-30 17:00:47.284226,,47.284226744,VR2AR-69,549924,15
ATTITUDE,2026-06-30 17:00:00,2026-06-30 17:00:47.284226,,47.284226744,VR2AR-69,549924,2
TEMP,2026-06-30 18:00:00,2026-06-30 18:00:47.322208,,47.322208118,VR2AR-69,549924,11.175,
DEPTH,2026-06-30 18:00:00,2026-06-30 18:00:47.322208,,47.322208118,VR2AR-69,549924,14
ATTITUDE,2026-06-30 18:00:00,2026-06-30 18:00:47.322208,,47.322208118,VR2AR-69,549924,2
TEMP,2026-06-30 19:00:00,2026-06-30 19:00:47.360189,,47.360189493,VR2AR-69,549924,11.586,
DEPTH,2026-06-30 19:00:00,2026-06-30 19:00:47.360189,,47.360189493,VR2AR-69,549924,14
ATTITUDE,2026-06-30 19:00:00,2026-06-30 19:00:47.360189,,47.360189493,VR2AR-69,549924,2
TEMP,2026-06-30 20:00:00,2026-06-30 20:00:47.39817,,47.398170868,VR2AR-69,549924,11.771,
DEPTH,2026-06-30 20:00:00,2026-06-30 20:00:47.39817,,47.398170868,VR2AR-69,549924,13
ATTITUDE,2026-06-30 20:00:00,2026-06-30 20:00:47.39817,,47.398170868,VR2AR-69,549924,2
TEMP,2026-06-30 21:00:00,2026-06-30 21:00:47.436152,,47.436152243,VR2AR-69,549924,11.915,
DEPTH,2026-06-30 21:00:00,2026-06-30 21:00:47.436152,,47.436152243,VR2AR-69,549924,13
ATTITUDE,2026-06-30 21:00:00,2026-06-30 21:00:47.436152,,47.436152243,VR2AR-69,549924,2
TEMP,2026-06-30 22:00:00,2026-06-30 22:00:47.474133,,47.474133618,VR2AR-69,549924,11.957,
DEPTH,2026-06-30 22:00:00,2026-06-30 22:00:47.474133,,47.474133618,VR2AR-69,549924,13
ATTITUDE,2026-06-30 22:00:00,2026-06-30 22:00:47.474133,,47.474133618,VR2AR-69,549924,2
TEMP,2026-06-30 23:00:00,2026-06-30 23:00:47.512114,,47.512114992,VR2AR-69,549924,12.329,
DEPTH,2026-06-30 23:00:00,2026-06-30 23:00:47.512114,,47.512114992,VR2AR-69,549924,13
ATTITUDE,2026-06-30 23:00:00,2026-06-30 23:00:47.512114,,47.512114992,VR2AR-69,549924,1
TEMP,2026-07-01 00:00:00,2026-07-01 00:00:47.550096,,47.550096367,VR2AR-69,549924,12.205,
DEPTH,2026-07-01 00:00:00,2026-07-01 00:00:47.550096,,47.550096367,VR2AR-69,549924,13
ATTITUDE,2026-07-01 00:00:00,2026-07-01 00:00:47.550096,,47.550096367,VR2AR-69,549924,2
TEMP,2026-07-01 01:00:00,2026-07-01 01:00:47.588077,,47.588077742,VR2AR-69,549924,12.143,
DEPTH,2026-07-01 01:00:00,2026-07-01 01:00:47.588077,,47.588077742,VR2AR-69,549924,14
ATTITUDE,2026-07-01 01:00:00,2026-07-01 01:00:47.588077,,47.588077742,VR2AR-69,549924,2
TEMP,2026-07-01 02:00:00,2026-07-01 02:00:47.626059,,47.626059116,VR2AR-69,549924,11.998,
DEPTH,2026-07-01 02:00:00,2026-07-01 02:00:47.626059,,47.626059116,VR2AR-69,549924,14
ATTITUDE,2026-07-01 02:00:00,2026-07-01 02:00:47.626059,,47.626059116,VR2AR-69,549924,2
TEMP,2026-07-01 03:00:00,2026-07-01 03:00:47.66404,,47.664040491,VR2AR-69,549924,11.359,
DEPTH,2026-07-01 03:00:00,2026-07-01 03:00:47.66404,,47.664040491,VR2AR-69,549924,15
ATTITUDE,2026-07-01 03:00:00,2026-07-01 03:00:47.66404,,47.664040491,VR2AR-69,549924,3
TEMP,2026-07-01 04:00:00,2026-07-01 04:00:47.702021,,47.702021867,VR2AR-69,549924,11.318,
DEPTH,2026-07-01 04:00:00,2026-07-01 04:00:47.702021,,47.702021867,VR2AR-69,549924,15
ATTITUDE,2026-07-01 04:00:00,2026-07-01 04:00:47.702021,,47.702021867,VR2AR-69,549924,1
TEMP,2026-07-01 05:00:00,2026-07-01 05:00:47.740003,,47.740003241,VR2AR-69,549924,11.38,
DEPTH,2026-07-01 05:00:00,2026-07-01 05:00:47.740003,,47.740003241,VR2AR-69,549924,15
ATTITUDE,2026-07-01 05:00:00,2026-07-01 05:00:47.740003,,47.740003241,VR2AR-69,549924,2
TEMP,2026-07-01 06:00:00,2026-07-01 06:00:47.777984,,47.777984616,VR2AR-69,549924,11.298,
DEPTH,2026-07-01 06:00:00,2026-07-01 06:00:47.777984,,47.777984616,VR2AR-69,549924,15
ATTITUDE,2026-07-01 06:00:00,2026-07-01 06:00:47.777984,,47.777984616,VR2AR-69,549924,3
TEMP,2026-07-01 07:00:00,2026-07-01 07:00:47.815965,,47.815965990,VR2AR-69,549924,11.874,
DEPTH,2026-07-01 07:00:00,2026-07-01 07:00:47.815965,,47.815965990,VR2AR-69,549924,14
ATTITUDE,2026-07-01 07:00:00,2026-07-01 07:00:47.815965,,47.815965990,VR2AR-69,549924,3
TEMP,2026-07-01 08:00:00,2026-07-01 08:00:47.853947,,47.853947365,VR2AR-69,549924,12.163,
DEPTH,2026-07-01 08:00:00,2026-07-01 08:00:47.853947,,47.853947365,VR2AR-69,549924,13
ATTITUDE,2026-07-01 08:00:00,2026-07-01 08:00:47.853947,,47.853947365,VR2AR-69,549924,3
TEMP,2026-07-01 09:00:00,2026-07-01 09:00:47.891928,,47.891928740,VR2AR-69,549924,12.184,
DEPTH,2026-07-01 09:00:00,2026-07-01 09:00:47.891928,,47.891928740,VR2AR-69,549924,13
ATTITUDE,2026-07-01 09:00:00,2026-07-01 09:00:47.891928,,47.891928740,VR2AR-69,549924,2
TEMP,2026-07-01 10:00:00,2026-07-01 10:00:47.92991,,47.929910114,VR2AR-69,549924,12.288,
DEPTH,2026-07-01 10:00:00,2026-07-01 10:00:47.92991,,47.929910114,VR2AR-69,549924,12
ATTITUDE,2026-07-01 10:00:00,2026-07-01 10:00:47.92991,,47.929910114,VR2AR-69,549924,1
TEMP,2026-07-01 11:00:00,2026-07-01 11:00:47.967891,,47.967891490,VR2AR-69,549924,12.329,
DEPTH,2026-07-01 11:00:00,2026-07-01 11:00:47.967891,,47.967891490,VR2AR-69,549924,12
ATTITUDE,2026-07-01 11:00:00,2026-07-01 11:00:47.967891,,47.967891490,VR2AR-69,549924,1
TEMP,2026-07-01 12:00:00,2026-07-01 12:00:48.005872,,48.005872865,VR2AR-69,549924,12.267,
DEPTH,2026-07-01 12:00:00,2026-07-01 12:00:48.005872,,48.005872865,VR2AR-69,549924,12
ATTITUDE,2026-07-01 12:00:00,2026-07-01 12:00:48.005872,,48.005872865,VR2AR-69,549924,2
TEMP,2026-07-01 13:00:00,2026-07-01 13:00:48.043854,,48.043854239,VR2AR-69,549924,12.246,
DEPTH,2026-07-01 13:00:00,2026-07-01 13:00:48.043854,,48.043854239,VR2AR-69,549924,13
ATTITUDE,2026-07-01 13:00:00,2026-07-01 13:00:48.043854,,48.043854239,VR2AR-69,549924,2
TEMP,2026-07-01 14:00:00,2026-07-01 14:00:48.081835,,48.081835614,VR2AR-69,549924,11.73,
DEPTH,2026-07-01 14:00:00,2026-07-01 14:00:48.081835,,48.081835614,VR2AR-69,549924,14
ATTITUDE,2026-07-01 14:00:00,2026-07-01 14:00:48.081835,,48.081835614,VR2AR-69,549924,2
TEMP,2026-07-01 15:00:00,2026-07-01 15:00:48.119816,,48.119816988,VR2AR-69,549924,11.072,
DEPTH,2026-07-01 15:00:00,2026-07-01 15:00:48.119816,,48.119816988,VR2AR-69,549924,14
ATTITUDE,2026-07-01 15:00:00,2026-07-01 15:00:48.119816,,48.119816988,VR2AR-69,549924,1
TEMP,2026-07-01 16:00:00,2026-07-01 16:00:48.157798,,48.157798363,VR2AR-69,549924,11.236,
DEPTH,2026-07-01 16:00:00,2026-07-01 16:00:48.157798,,48.157798363,VR2AR-69,549924,15
ATTITUDE,2026-07-01 16:00:00,2026-07-01 16:00:48.157798,,48.157798363,VR2AR-69,549924,0
TEMP,2026-07-01 17:00:00,2026-07-01 17:00:48.195779,,48.195779738,VR2AR-69,549924,11.298,
DEPTH,2026-07-01 17:00:00,2026-07-01 17:00:48.195779,,48.195779738,VR2AR-69,549924,15
ATTITUDE,2026-07-01 17:00:00,2026-07-01 17:00:48.195779,,48.195779738,VR2AR-69,549924,2
TEMP,2026-07-01 18:00:00,2026-07-01 18:00:48.233761,,48.233761113,VR2AR-69,549924,11.298,
DEPTH,2026-07-01 18:00:00,2026-07-01 18:00:48.233761,,48.233761113,VR2AR-69,549924,15
ATTITUDE,2026-07-01 18:00:00,2026-07-01 18:00:48.233761,,48.233761113,VR2AR-69,549924,2
TEMP,2026-07-01 19:00:00,2026-07-01 19:00:48.271742,,48.271742488,VR2AR-69,549924,11.38,
DEPTH,2026-07-01 19:00:00,2026-07-01 19:00:48.271742,,48.271742488,VR2AR-69,549924,14
ATTITUDE,2026-07-01 19:00:00,2026-07-01 19:00:48.271742,,48.271742488,VR2AR-69,549924,2
TEMP,2026-07-01 20:00:00,2026-07-01 20:00:48.309723,,48.309723863,VR2AR-69,549924,11.915,
DEPTH,2026-07-01 20:00:00,2026-07-01 20:00:48.309723,,48.309723863,VR2AR-69,549924,13
ATTITUDE,2026-07-01 20:00:00,2026-07-01 20:00:48.309723,,48.309723863,VR2AR-69,549924,2
TEMP,2026-07-01 21:00:00,2026-07-01 21:00:48.347705,,48.347705237,VR2AR-69,549924,12.039,
DEPTH,2026-07-01 21:00:00,2026-07-01 21:00:48.347705,,48.347705237,VR2AR-69,549924,13
ATTITUDE,2026-07-01 21:00:00,2026-07-01 21:00:48.347705,,48.347705237,VR2AR-69,549924,2
TEMP,2026-07-01 22:00:00,2026-07-01 22:00:48.385686,,48.385686612,VR2AR-69,549924,12.205,
DEPTH,2026-07-01 22:00:00,2026-07-01 22:00:48.385686,,48.385686612,VR2AR-69,549924,13
ATTITUDE,2026-07-01 22:00:00,2026-07-01 22:00:48.385686,,48.385686612,VR2AR-69,549924,2
TEMP,2026-07-01 23:00:00,2026-07-01 23:00:48.423667,,48.423667986,VR2AR-69,549924,12.37,
DEPTH,2026-07-01 23:00:00,2026-07-01 23:00:48.423667,,48.423667986,VR2AR-69,549924,13
ATTITUDE,2026-07-01 23:00:00,2026-07-01 23:00:48.423667,,48.423667986,VR2AR-69,549924,2
TEMP,2026-07-02 00:00:00,2026-07-02 00:00:48.461649,,48.461649361,VR2AR-69,549924,12.288,
DEPTH,2026-07-02 00:00:00,2026-07-02 00:00:48.461649,,48.461649361,VR2AR-69,549924,13
ATTITUDE,2026-07-02 00:00:00,2026-07-02 00:00:48.461649,,48.461649361,VR2AR-69,549924,2
TEMP,2026-07-02 01:00:00,2026-07-02 01:00:48.49963,,48.499630737,VR2AR-69,549924,12.329,
DEPTH,2026-07-02 01:00:00,2026-07-02 01:00:48.49963,,48.499630737,VR2AR-69,549924,13
ATTITUDE,2026-07-02 01:00:00,2026-07-02 01:00:48.49963,,48.499630737,VR2AR-69,549924,2
TEMP,2026-07-02 02:00:00,2026-07-02 02:00:48.537612,,48.537612111,VR2AR-69,549924,12.163,
DEPTH,2026-07-02 02:00:00,2026-07-02 02:00:48.537612,,48.537612111,VR2AR-69,549924,14
ATTITUDE,2026-07-02 02:00:00,2026-07-02 02:00:48.537612,,48.537612111,VR2AR-69,549924,1
TEMP,2026-07-02 03:00:00,2026-07-02 03:00:48.575593,,48.575593486,VR2AR-69,549924,11.339,
DEPTH,2026-07-02 03:00:00,2026-07-02 03:00:48.575593,,48.575593486,VR2AR-69,549924,15
ATTITUDE,2026-07-02 03:00:00,2026-07-02 03:00:48.575593,,48.575593486,VR2AR-69,549924,2
TEMP,2026-07-02 04:00:00,2026-07-02 04:00:48.613574,,48.613574861,VR2AR-69,549924,11.236,
DEPTH,2026-07-02 04:00:00,2026-07-02 04:00:48.613574,,48.613574861,VR2AR-69,549924,15
ATTITUDE,2026-07-02 04:00:00,2026-07-02 04:00:48.613574,,48.613574861,VR2AR-69,549924,2
TEMP,2026-07-02 05:00:00,2026-07-02 05:00:48.651556,,48.651556235,VR2AR-69,549924,11.298,
DEPTH,2026-07-02 05:00:00,2026-07-02 05:00:48.651556,,48.651556235,VR2AR-69,549924,15
ATTITUDE,2026-07-02 05:00:00,2026-07-02 05:00:48.651556,,48.651556235,VR2AR-69,549924,3
TEMP,2026-07-02 06:00:00,2026-07-02 06:00:48.689537,,48.689537610,VR2AR-69,549924,11.462,
DEPTH,2026-07-02 06:00:00,2026-07-02 06:00:48.689537,,48.689537610,VR2AR-69,549924,15
ATTITUDE,2026-07-02 06:00:00,2026-07-02 06:00:48.689537,,48.689537610,VR2AR-69,549924,1
TEMP,2026-07-02 07:00:00,2026-07-02 07:00:48.727518,,48.727518985,VR2AR-69,549924,11.73,
DEPTH,2026-07-02 07:00:00,2026-07-02 07:00:48.727518,,48.727518985,VR2AR-69,549924,14
ATTITUDE,2026-07-02 07:00:00,2026-07-02 07:00:48.727518,,48.727518985,VR2AR-69,549924,2
TEMP,2026-07-02 08:00:00,2026-07-02 08:00:48.7655,,48.765500360,VR2AR-69,549924,12.039,
DEPTH,2026-07-02 08:00:00,2026-07-02 08:00:48.7655,,48.765500360,VR2AR-69,549924,14
ATTITUDE,2026-07-02 08:00:00,2026-07-02 08:00:48.7655,,48.765500360,VR2AR-69,549924,2
TEMP,2026-07-02 09:00:00,2026-07-02 09:00:48.803481,,48.803481735,VR2AR-69,549924,12.143,
DEPTH,2026-07-02 09:00:00,2026-07-02 09:00:48.803481,,48.803481735,VR2AR-69,549924,13
ATTITUDE,2026-07-02 09:00:00,2026-07-02 09:00:48.803481,,48.803481735,VR2AR-69,549924,2
TEMP,2026-07-02 10:00:00,2026-07-02 10:00:48.841463,,48.841463109,VR2AR-69,549924,12.246,
DEPTH,2026-07-02 10:00:00,2026-07-02 10:00:48.841463,,48.841463109,VR2AR-69,549924,12
ATTITUDE,2026-07-02 10:00:00,2026-07-02 10:00:48.841463,,48.841463109,VR2AR-69,549924,2
TEMP,2026-07-02 11:00:00,2026-07-02 11:00:48.879444,,48.879444484,VR2AR-69,549924,12.37,
DEPTH,2026-07-02 11:00:00,2026-07-02 11:00:48.879444,,48.879444484,VR2AR-69,549924,12
ATTITUDE,2026-07-02 11:00:00,2026-07-02 11:00:48.879444,,48.879444484,VR2AR-69,549924,2
TEMP,2026-07-02 12:00:00,2026-07-02 12:00:48.917425,,48.917425859,VR2AR-69,549924,12.557,
DEPTH,2026-07-02 12:00:00,2026-07-02 12:00:48.917425,,48.917425859,VR2AR-69,549924,12
ATTITUDE,2026-07-02 12:00:00,2026-07-02 12:00:48.917425,,48.917425859,VR2AR-69,549924,2
TEMP,2026-07-02 13:00:00,2026-07-02 13:00:48.955407,,48.955407233,VR2AR-69,549924,12.453,
DEPTH,2026-07-02 13:00:00,2026-07-02 13:00:48.955407,,48.955407233,VR2AR-69,549924,13
ATTITUDE,2026-07-02 13:00:00,2026-07-02 13:00:48.955407,,48.955407233,VR2AR-69,549924,1
TEMP,2026-07-02 14:00:00,2026-07-02 14:00:48.993388,,48.993388609,VR2AR-69,549924,12.308,
DEPTH,2026-07-02 14:00:00,2026-07-02 14:00:48.993388,,48.993388609,VR2AR-69,549924,13
ATTITUDE,2026-07-02 14:00:00,2026-07-02 14:00:48.993388,,48.993388609,VR2AR-69,549924,2
TEMP,2026-07-02 15:00:00,2026-07-02 15:00:49.031369,,49.031369983,VR2AR-69,549924,11.647,
DEPTH,2026-07-02 15:00:00,2026-07-02 15:00:49.031369,,49.031369983,VR2AR-69,549924,14
ATTITUDE,2026-07-02 15:00:00,2026-07-02 15:00:49.031369,,49.031369983,VR2AR-69,549924,3
TEMP,2026-07-02 16:00:00,2026-07-02 16:00:49.069351,,49.069351358,VR2AR-69,549924,10.908,
DEPTH,2026-07-02 16:00:00,2026-07-02 16:00:49.069351,,49.069351358,VR2AR-69,549924,14
ATTITUDE,2026-07-02 16:00:00,2026-07-02 16:00:49.069351,,49.069351358,VR2AR-69,549924,2
TEMP,2026-07-02 17:00:00,2026-07-02 17:00:49.107332,,49.107332733,VR2AR-69,549924,11.4,
DEPTH,2026-07-02 17:00:00,2026-07-02 17:00:49.107332,,49.107332733,VR2AR-69,549924,15
ATTITUDE,2026-07-02 17:00:00,2026-07-02 17:00:49.107332,,49.107332733,VR2AR-69,549924,2
TEMP,2026-07-02 18:00:00,2026-07-02 18:00:49.145314,,49.145314107,VR2AR-69,549924,11.421,
DEPTH,2026-07-02 18:00:00,2026-07-02 18:00:49.145314,,49.145314107,VR2AR-69,549924,15
ATTITUDE,2026-07-02 18:00:00,2026-07-02 18:00:49.145314,,49.145314107,VR2AR-69,549924,2
TEMP,2026-07-02 19:00:00,2026-07-02 19:00:49.183295,,49.183295482,VR2AR-69,549924,11.359,
DEPTH,2026-07-02 19:00:00,2026-07-02 19:00:49.183295,,49.183295482,VR2AR-69,549924,14
ATTITUDE,2026-07-02 19:00:00,2026-07-02 19:00:49.183295,,49.183295482,VR2AR-69,549924,3
TEMP,2026-07-02 20:00:00,2026-07-02 20:00:49.221276,,49.221276857,VR2AR-69,549924,11.73,
DEPTH,2026-07-02 20:00:00,2026-07-02 20:00:49.221276,,49.221276857,VR2AR-69,549924,14
ATTITUDE,2026-07-02 20:00:00,2026-07-02 20:00:49.221276,,49.221276857,VR2AR-69,549924,3
TEMP,2026-07-02 21:00:00,2026-07-02 21:00:49.259258,,49.259258232,VR2AR-69,549924,12.019,
DEPTH,2026-07-02 21:00:00,2026-07-02 21:00:49.259258,,49.259258232,VR2AR-69,549924,13
ATTITUDE,2026-07-02 21:00:00,2026-07-02 21:00:49.259258,,49.259258232,VR2AR-69,549924,2
TEMP,2026-07-02 22:00:00,2026-07-02 22:00:49.297239,,49.297239607,VR2AR-69,549924,12.288,
DEPTH,2026-07-02 22:00:00,2026-07-02 22:00:49.297239,,49.297239607,VR2AR-69,549924,13
ATTITUDE,2026-07-02 22:00:00,2026-07-02 22:00:49.297239,,49.297239607,VR2AR-69,549924,2
TEMP,2026-07-02 23:00:00,2026-07-02 23:00:49.33522,,49.335220981,VR2AR-69,549924,12.599,
DEPTH,2026-07-02 23:00:00,2026-07-02 23:00:49.33522,,49.335220981,VR2AR-69,549924,12
ATTITUDE,2026-07-02 23:00:00,2026-07-02 23:00:49.33522,,49.335220981,VR2AR-69,549924,2
TEMP,2026-07-03 00:00:00,2026-07-03 00:00:49.373202,,49.373202356,VR2AR-69,549924,12.536,
DEPTH,2026-07-03 00:00:00,2026-07-03 00:00:49.373202,,49.373202356,VR2AR-69,549924,12
ATTITUDE,2026-07-03 00:00:00,2026-07-03 00:00:49.373202,,49.373202356,VR2AR-69,549924,2
TEMP,2026-07-03 01:00:00,2026-07-03 01:00:49.411183,,49.411183731,VR2AR-69,549924,12.516,
DEPTH,2026-07-03 01:00:00,2026-07-03 01:00:49.411183,,49.411183731,VR2AR-69,549924,13
ATTITUDE,2026-07-03 01:00:00,2026-07-03 01:00:49.411183,,49.411183731,VR2AR-69,549924,1
TEMP,2026-07-03 02:00:00,2026-07-03 02:00:49.449165,,49.449165105,VR2AR-69,549924,12.06,
DEPTH,2026-07-03 02:00:00,2026-07-03 02:00:49.449165,,49.449165105,VR2AR-69,549924,13
ATTITUDE,2026-07-03 02:00:00,2026-07-03 02:00:49.449165,,49.449165105,VR2AR-69,549924,2
TEMP,2026-07-03 03:00:00,2026-07-03 03:00:49.487146,,49.487146480,VR2AR-69,549924,12.122,
DEPTH,2026-07-03 03:00:00,2026-07-03 03:00:49.487146,,49.487146480,VR2AR-69,549924,14
ATTITUDE,2026-07-03 03:00:00,2026-07-03 03:00:49.487146,,49.487146480,VR2AR-69,549924,1
TEMP,2026-07-03 04:00:00,2026-07-03 04:00:49.525127,,49.525127856,VR2AR-69,549924,11.318,
DEPTH,2026-07-03 04:00:00,2026-07-03 04:00:49.525127,,49.525127856,VR2AR-69,549924,15
ATTITUDE,2026-07-03 04:00:00,2026-07-03 04:00:49.525127,,49.525127856,VR2AR-69,549924,2
TEMP,2026-07-03 05:00:00,2026-07-03 05:00:49.563109,,49.563109230,VR2AR-69,549924,11.277,
DEPTH,2026-07-03 05:00:00,2026-07-03 05:00:49.563109,,49.563109230,VR2AR-69,549924,15
ATTITUDE,2026-07-03 05:00:00,2026-07-03 05:00:49.563109,,49.563109230,VR2AR-69,549924,3
TEMP,2026-07-03 06:00:00,2026-07-03 06:00:49.60109,,49.601090605,VR2AR-69,549924,11.462,
DEPTH,2026-07-03 06:00:00,2026-07-03 06:00:49.60109,,49.601090605,VR2AR-69,549924,15
ATTITUDE,2026-07-03 06:00:00,2026-07-03 06:00:49.60109,,49.601090605,VR2AR-69,549924,3
TEMP,2026-07-03 07:00:00,2026-07-03 07:00:49.639071,,49.639071979,VR2AR-69,549924,11.503,
DEPTH,2026-07-03 07:00:00,2026-07-03 07:00:49.639071,,49.639071979,VR2AR-69,549924,15
ATTITUDE,2026-07-03 07:00:00,2026-07-03 07:00:49.639071,,49.639071979,VR2AR-69,549924,3
TEMP,2026-07-03 08:00:00,2026-07-03 08:00:49.677053,,49.677053354,VR2AR-69,549924,11.915,
DEPTH,2026-07-03 08:00:00,2026-07-03 08:00:49.677053,,49.677053354,VR2AR-69,549924,14
ATTITUDE,2026-07-03 08:00:00,2026-07-03 08:00:49.677053,,49.677053354,VR2AR-69,549924,3
TEMP,2026-07-03 09:00:00,2026-07-03 09:00:49.715034,,49.715034729,VR2AR-69,549924,12.06,
DEPTH,2026-07-03 09:00:00,2026-07-03 09:00:49.715034,,49.715034729,VR2AR-69,549924,13
ATTITUDE,2026-07-03 09:00:00,2026-07-03 09:00:49.715034,,49.715034729,VR2AR-69,549924,3
TEMP,2026-07-03 10:00:00,2026-07-03 10:00:49.753016,,49.753016103,VR2AR-69,549924,12.288,
DEPTH,2026-07-03 10:00:00,2026-07-03 10:00:49.753016,,49.753016103,VR2AR-69,549924,13
ATTITUDE,2026-07-03 10:00:00,2026-07-03 10:00:49.753016,,49.753016103,VR2AR-69,549924,2
TEMP,2026-07-03 11:00:00,2026-07-03 11:00:49.790997,,49.790997479,VR2AR-69,549924,12.391,
DEPTH,2026-07-03 11:00:00,2026-07-03 11:00:49.790997,,49.790997479,VR2AR-69,549924,12
ATTITUDE,2026-07-03 11:00:00,2026-07-03 11:00:49.790997,,49.790997479,VR2AR-69,549924,2
TEMP,2026-07-03 12:00:00,2026-07-03 12:00:49.828978,,49.828978853,VR2AR-69,549924,12.557,
DEPTH,2026-07-03 12:00:00,2026-07-03 12:00:49.828978,,49.828978853,VR2AR-69,549924,12
ATTITUDE,2026-07-03 12:00:00,2026-07-03 12:00:49.828978,,49.828978853,VR2AR-69,549924,2
TEMP,2026-07-03 13:00:00,2026-07-03 13:00:49.86696,,49.866960228,VR2AR-69,549924,12.578,
DEPTH,2026-07-03 13:00:00,2026-07-03 13:00:49.86696,,49.866960228,VR2AR-69,549924,12
ATTITUDE,2026-07-03 13:00:00,2026-07-03 13:00:49.86696,,49.866960228,VR2AR-69,549924,2
TEMP,2026-07-03 14:00:00,2026-07-03 14:00:49.904941,,49.904941603,VR2AR-69,549924,12.412,
DEPTH,2026-07-03 14:00:00,2026-07-03 14:00:49.904941,,49.904941603,VR2AR-69,549924,13
ATTITUDE,2026-07-03 14:00:00,2026-07-03 14:00:49.904941,,49.904941603,VR2AR-69,549924,2
TEMP,2026-07-03 15:00:00,2026-07-03 15:00:49.942922,,49.942922977,VR2AR-69,549924,11.771,
DEPTH,2026-07-03 15:00:00,2026-07-03 15:00:49.942922,,49.942922977,VR2AR-69,549924,13
ATTITUDE,2026-07-03 15:00:00,2026-07-03 15:00:49.942922,,49.942922977,VR2AR-69,549924,2
TEMP,2026-07-03 16:00:00,2026-07-03 16:00:49.980904,,49.980904352,VR2AR-69,549924,11.031,
DEPTH,2026-07-03 16:00:00,2026-07-03 16:00:49.980904,,49.980904352,VR2AR-69,549924,14
ATTITUDE,2026-07-03 16:00:00,2026-07-03 16:00:49.980904,,49.980904352,VR2AR-69,549924,3
TEMP,2026-07-03 17:00:00,2026-07-03 17:00:50.018885,,50.018885727,VR2AR-69,549924,10.724,
DEPTH,2026-07-03 17:00:00,2026-07-03 17:00:50.018885,,50.018885727,VR2AR-69,549924,15
ATTITUDE,2026-07-03 17:00:00,2026-07-03 17:00:50.018885,,50.018885727,VR2AR-69,549924,3
TEMP,2026-07-03 18:00:00,2026-07-03 18:00:50.056867,,50.056867102,VR2AR-69,549924,11.052,
DEPTH,2026-07-03 18:00:00,2026-07-03 18:00:50.056867,,50.056867102,VR2AR-69,549924,15
ATTITUDE,2026-07-03 18:00:00,2026-07-03 18:00:50.056867,,50.056867102,VR2AR-69,549924,3
TEMP,2026-07-03 19:00:00,2026-07-03 19:00:50.094848,,50.094848477,VR2AR-69,549924,11.216,
DEPTH,2026-07-03 19:00:00,2026-07-03 19:00:50.094848,,50.094848477,VR2AR-69,549924,15
ATTITUDE,2026-07-03 19:00:00,2026-07-03 19:00:50.094848,,50.094848477,VR2AR-69,549924,4
TEMP,2026-07-03 20:00:00,2026-07-03 20:00:50.132829,,50.132829851,VR2AR-69,549924,11.257,
DEPTH,2026-07-03 20:00:00,2026-07-03 20:00:50.132829,,50.132829851,VR2AR-69,549924,14
ATTITUDE,2026-07-03 20:00:00,2026-07-03 20:00:50.132829,,50.132829851,VR2AR-69,549924,4
TEMP,2026-07-03 21:00:00,2026-07-03 21:00:50.170811,,50.170811226,VR2AR-69,549924,11.689,
DEPTH,2026-07-03 21:00:00,2026-07-03 21:00:50.170811,,50.170811226,VR2AR-69,549924,14
ATTITUDE,2026-07-03 21:00:00,2026-07-03 21:00:50.170811,,50.170811226,VR2AR-69,549924,3
TEMP,2026-07-03 22:00:00,2026-07-03 22:00:50.208792,,50.208792601,VR2AR-69,549924,12.039,
DEPTH,2026-07-03 22:00:00,2026-07-03 22:00:50.208792,,50.208792601,VR2AR-69,549924,13
ATTITUDE,2026-07-03 22:00:00,2026-07-03 22:00:50.208792,,50.208792601,VR2AR-69,549924,2
TEMP,2026-07-03 23:00:00,2026-07-03 23:00:50.246773,,50.246773975,VR2AR-69,549924,12.288,
DEPTH,2026-07-03 23:00:00,2026-07-03 23:00:50.246773,,50.246773975,VR2AR-69,549924,13
ATTITUDE,2026-07-03 23:00:00,2026-07-03 23:00:50.246773,,50.246773975,VR2AR-69,549924,2
TEMP,2026-07-04 00:00:00,2026-07-04 00:00:50.284755,,50.284755351,VR2AR-69,549924,12.474,
DEPTH,2026-07-04 00:00:00,2026-07-04 00:00:50.284755,,50.284755351,VR2AR-69,549924,12
ATTITUDE,2026-07-04 00:00:00,2026-07-04 00:00:50.284755,,50.284755351,VR2AR-69,549924,1
TEMP,2026-07-04 01:00:00,2026-07-04 01:00:50.322736,,50.322736726,VR2AR-69,549924,12.433,
DEPTH,2026-07-04 01:00:00,2026-07-04 01:00:50.322736,,50.322736726,VR2AR-69,549924,13
ATTITUDE,2026-07-04 01:00:00,2026-07-04 01:00:50.322736,,50.322736726,VR2AR-69,549924,2
TEMP,2026-07-04 02:00:00,2026-07-04 02:00:50.360718,,50.360718100,VR2AR-69,549924,12.225,
DEPTH,2026-07-04 02:00:00,2026-07-04 02:00:50.360718,,50.360718100,VR2AR-69,549924,13
ATTITUDE,2026-07-04 02:00:00,2026-07-04 02:00:50.360718,,50.360718100,VR2AR-69,549924,2
TEMP,2026-07-04 03:00:00,2026-07-04 03:00:50.398699,,50.398699475,VR2AR-69,549924,12.081,
DEPTH,2026-07-04 03:00:00,2026-07-04 03:00:50.398699,,50.398699475,VR2AR-69,549924,14
ATTITUDE,2026-07-04 03:00:00,2026-07-04 03:00:50.398699,,50.398699475,VR2AR-69,549924,1
TEMP,2026-07-04 04:00:00,2026-07-04 04:00:50.43668,,50.436680849,VR2AR-69,549924,11.442,
DEPTH,2026-07-04 04:00:00,2026-07-04 04:00:50.43668,,50.436680849,VR2AR-69,549924,14
ATTITUDE,2026-07-04 04:00:00,2026-07-04 04:00:50.43668,,50.436680849,VR2AR-69,549924,2
TEMP,2026-07-04 05:00:00,2026-07-04 05:00:50.474662,,50.474662224,VR2AR-69,549924,10.867,
DEPTH,2026-07-04 05:00:00,2026-07-04 05:00:50.474662,,50.474662224,VR2AR-69,549924,15
ATTITUDE,2026-07-04 05:00:00,2026-07-04 05:00:50.474662,,50.474662224,VR2AR-69,549924,2
TEMP,2026-07-04 06:00:00,2026-07-04 06:00:50.512643,,50.512643599,VR2AR-69,549924,10.888,
DEPTH,2026-07-04 06:00:00,2026-07-04 06:00:50.512643,,50.512643599,VR2AR-69,549924,15
ATTITUDE,2026-07-04 06:00:00,2026-07-04 06:00:50.512643,,50.512643599,VR2AR-69,549924,3
TEMP,2026-07-04 07:00:00,2026-07-04 07:00:50.550624,,50.550624974,VR2AR-69,549924,11.236,
DEPTH,2026-07-04 07:00:00,2026-07-04 07:00:50.550624,,50.550624974,VR2AR-69,549924,15
ATTITUDE,2026-07-04 07:00:00,2026-07-04 07:00:50.550624,,50.550624974,VR2AR-69,549924,2
TEMP,2026-07-04 08:00:00,2026-07-04 08:00:50.588606,,50.588606349,VR2AR-69,549924,11.421,
DEPTH,2026-07-04 08:00:00,2026-07-04 08:00:50.588606,,50.588606349,VR2AR-69,549924,15
ATTITUDE,2026-07-04 08:00:00,2026-07-04 08:00:50.588606,,50.588606349,VR2AR-69,549924,2
TEMP,2026-07-04 09:00:00,2026-07-04 09:00:50.626587,,50.626587724,VR2AR-69,549924,11.936,
DEPTH,2026-07-04 09:00:00,2026-07-04 09:00:50.626587,,50.626587724,VR2AR-69,549924,14
ATTITUDE,2026-07-04 09:00:00,2026-07-04 09:00:50.626587,,50.626587724,VR2AR-69,549924,1
TEMP,2026-07-04 10:00:00,2026-07-04 10:00:50.664569,,50.664569098,VR2AR-69,549924,12.163,
DEPTH,2026-07-04 10:00:00,2026-07-04 10:00:50.664569,,50.664569098,VR2AR-69,549924,13
ATTITUDE,2026-07-04 10:00:00,2026-07-04 10:00:50.664569,,50.664569098,VR2AR-69,549924,1
TEMP,2026-07-04 11:00:00,2026-07-04 11:00:50.70255,,50.702550473,VR2AR-69,549924,12.308,
DEPTH,2026-07-04 11:00:00,2026-07-04 11:00:50.70255,,50.702550473,VR2AR-69,549924,13
ATTITUDE,2026-07-04 11:00:00,2026-07-04 11:00:50.70255,,50.702550473,VR2AR-69,549924,2
TEMP,2026-07-04 12:00:00,2026-07-04 12:00:50.740531,,50.740531847,VR2AR-69,549924,12.412,
DEPTH,2026-07-04 12:00:00,2026-07-04 12:00:50.740531,,50.740531847,VR2AR-69,549924,12
ATTITUDE,2026-07-04 12:00:00,2026-07-04 12:00:50.740531,,50.740531847,VR2AR-69,549924,2
TEMP,2026-07-04 13:00:00,2026-07-04 13:00:50.778513,,50.778513222,VR2AR-69,549924,12.516,
DEPTH,2026-07-04 13:00:00,2026-07-04 13:00:50.778513,,50.778513222,VR2AR-69,549924,12
ATTITUDE,2026-07-04 13:00:00,2026-07-04 13:00:50.778513,,50.778513222,VR2AR-69,549924,2
TEMP,2026-07-04 14:00:00,2026-07-04 14:00:50.816494,,50.816494598,VR2AR-69,549924,12.143,
DEPTH,2026-07-04 14:00:00,2026-07-04 14:00:50.816494,,50.816494598,VR2AR-69,549924,12
ATTITUDE,2026-07-04 14:00:00,2026-07-04 14:00:50.816494,,50.816494598,VR2AR-69,549924,2
TEMP,2026-07-04 15:00:00,2026-07-04 15:00:50.854475,,50.854475972,VR2AR-69,549924,12.205,
DEPTH,2026-07-04 15:00:00,2026-07-04 15:00:50.854475,,50.854475972,VR2AR-69,549924,13
ATTITUDE,2026-07-04 15:00:00,2026-07-04 15:00:50.854475,,50.854475972,VR2AR-69,549924,2
TEMP,2026-07-04 16:00:00,2026-07-04 16:00:50.892457,,50.892457347,VR2AR-69,549924,11.38,
DEPTH,2026-07-04 16:00:00,2026-07-04 16:00:50.892457,,50.892457347,VR2AR-69,549924,14
ATTITUDE,2026-07-04 16:00:00,2026-07-04 16:00:50.892457,,50.892457347,VR2AR-69,549924,2
TEMP,2026-07-04 17:00:00,2026-07-04 17:00:50.930438,,50.930438722,VR2AR-69,549924,10.908,
DEPTH,2026-07-04 17:00:00,2026-07-04 17:00:50.930438,,50.930438722,VR2AR-69,549924,14
ATTITUDE,2026-07-04 17:00:00,2026-07-04 17:00:50.930438,,50.930438722,VR2AR-69,549924,3
TEMP,2026-07-04 18:00:00,2026-07-04 18:00:50.96842,,50.968420096,VR2AR-69,549924,11.072,
DEPTH,2026-07-04 18:00:00,2026-07-04 18:00:50.96842,,50.968420096,VR2AR-69,549924,15
ATTITUDE,2026-07-04 18:00:00,2026-07-04 18:00:50.96842,,50.968420096,VR2AR-69,549924,4
TEMP,2026-07-04 19:00:00,2026-07-04 19:00:51.006401,,51.006401471,VR2AR-69,549924,11.236,
DEPTH,2026-07-04 19:00:00,2026-07-04 19:00:51.006401,,51.006401471,VR2AR-69,549924,15
ATTITUDE,2026-07-04 19:00:00,2026-07-04 19:00:51.006401,,51.006401471,VR2AR-69,549924,2
TEMP,2026-07-04 20:00:00,2026-07-04 20:00:51.044382,,51.044382845,VR2AR-69,549924,11.318,
DEPTH,2026-07-04 20:00:00,2026-07-04 20:00:51.044382,,51.044382845,VR2AR-69,549924,15
ATTITUDE,2026-07-04 20:00:00,2026-07-04 20:00:51.044382,,51.044382845,VR2AR-69,549924,3
TEMP,2026-07-04 21:00:00,2026-07-04 21:00:51.082364,,51.082364221,VR2AR-69,549924,11.503,
DEPTH,2026-07-04 21:00:00,2026-07-04 21:00:51.082364,,51.082364221,VR2AR-69,549924,14
ATTITUDE,2026-07-04 21:00:00,2026-07-04 21:00:51.082364,,51.082364221,VR2AR-69,549924,4
TEMP,2026-07-04 22:00:00,2026-07-04 22:00:51.120345,,51.120345596,VR2AR-69,549924,11.998,
DEPTH,2026-07-04 22:00:00,2026-07-04 22:00:51.120345,,51.120345596,VR2AR-69,549924,13
ATTITUDE,2026-07-04 22:00:00,2026-07-04 22:00:51.120345,,51.120345596,VR2AR-69,549924,3
TEMP,2026-07-04 23:00:00,2026-07-04 23:00:51.158326,,51.158326970,VR2AR-69,549924,12.35,
DEPTH,2026-07-04 23:00:00,2026-07-04 23:00:51.158326,,51.158326970,VR2AR-69,549924,13
ATTITUDE,2026-07-04 23:00:00,2026-07-04 23:00:51.158326,,51.158326970,VR2AR-69,549924,2
TEMP,2026-07-05 00:00:00,2026-07-05 00:00:51.196308,,51.196308345,VR2AR-69,549924,12.682,
DEPTH,2026-07-05 00:00:00,2026-07-05 00:00:51.196308,,51.196308345,VR2AR-69,549924,13
ATTITUDE,2026-07-05 00:00:00,2026-07-05 00:00:51.196308,,51.196308345,VR2AR-69,549924,1
TEMP,2026-07-05 01:00:00,2026-07-05 01:00:51.234289,,51.234289720,VR2AR-69,549924,12.952,
DEPTH,2026-07-05 01:00:00,2026-07-05 01:00:51.234289,,51.234289720,VR2AR-69,549924,12
ATTITUDE,2026-07-05 01:00:00,2026-07-05 01:00:51.234289,,51.234289720,VR2AR-69,549924,2
TEMP,2026-07-05 02:00:00,2026-07-05 02:00:51.272271,,51.272271094,VR2AR-69,549924,12.786,
DEPTH,2026-07-05 02:00:00,2026-07-05 02:00:51.272271,,51.272271094,VR2AR-69,549924,13
ATTITUDE,2026-07-05 02:00:00,2026-07-05 02:00:51.272271,,51.272271094,VR2AR-69,549924,2
TEMP,2026-07-05 03:00:00,2026-07-05 03:00:51.310252,,51.310252469,VR2AR-69,549924,12.474,
DEPTH,2026-07-05 03:00:00,2026-07-05 03:00:51.310252,,51.310252469,VR2AR-69,549924,13
ATTITUDE,2026-07-05 03:00:00,2026-07-05 03:00:51.310252,,51.310252469,VR2AR-69,549924,2
TEMP,2026-07-05 04:00:00,2026-07-05 04:00:51.348233,,51.348233844,VR2AR-69,549924,11.647,
DEPTH,2026-07-05 04:00:00,2026-07-05 04:00:51.348233,,51.348233844,VR2AR-69,549924,14
ATTITUDE,2026-07-05 04:00:00,2026-07-05 04:00:51.348233,,51.348233844,VR2AR-69,549924,2
TEMP,2026-07-05 05:00:00,2026-07-05 05:00:51.386215,,51.386215219,VR2AR-69,549924,11.668,
DEPTH,2026-07-05 05:00:00,2026-07-05 05:00:51.386215,,51.386215219,VR2AR-69,549924,14
ATTITUDE,2026-07-05 05:00:00,2026-07-05 05:00:51.386215,,51.386215219,VR2AR-69,549924,2
TEMP,2026-07-05 06:00:00,2026-07-05 06:00:51.424196,,51.424196594,VR2AR-69,549924,11.052,
DEPTH,2026-07-05 06:00:00,2026-07-05 06:00:51.424196,,51.424196594,VR2AR-69,549924,15
ATTITUDE,2026-07-05 06:00:00,2026-07-05 06:00:51.424196,,51.424196594,VR2AR-69,549924,2
TEMP,2026-07-05 07:00:00,2026-07-05 07:00:51.462177,,51.462177968,VR2AR-69,549924,11.4,
DEPTH,2026-07-05 07:00:00,2026-07-05 07:00:51.462177,,51.462177968,VR2AR-69,549924,15
ATTITUDE,2026-07-05 07:00:00,2026-07-05 07:00:51.462177,,51.462177968,VR2AR-69,549924,2
TEMP,2026-07-05 08:00:00,2026-07-05 08:00:51.500159,,51.500159343,VR2AR-69,549924,11.503,
DEPTH,2026-07-05 08:00:00,2026-07-05 08:00:51.500159,,51.500159343,VR2AR-69,549924,15
ATTITUDE,2026-07-05 08:00:00,2026-07-05 08:00:51.500159,,51.500159343,VR2AR-69,549924,3
TEMP,2026-07-05 09:00:00,2026-07-05 09:00:51.53814,,51.538140718,VR2AR-69,549924,11.647,
DEPTH,2026-07-05 09:00:00,2026-07-05 09:00:51.53814,,51.538140718,VR2AR-69,549924,14
ATTITUDE,2026-07-05 09:00:00,2026-07-05 09:00:51.53814,,51.538140718,VR2AR-69,549924,3
TEMP,2026-07-05 10:00:00,2026-07-05 10:00:51.576122,,51.576122093,VR2AR-69,549924,11.998,
DEPTH,2026-07-05 10:00:00,2026-07-05 10:00:51.576122,,51.576122093,VR2AR-69,549924,14
ATTITUDE,2026-07-05 10:00:00,2026-07-05 10:00:51.576122,,51.576122093,VR2AR-69,549924,3
TEMP,2026-07-05 11:00:00,2026-07-05 11:00:51.614103,,51.614103468,VR2AR-69,549924,12.081,
DEPTH,2026-07-05 11:00:00,2026-07-05 11:00:51.614103,,51.614103468,VR2AR-69,549924,13
ATTITUDE,2026-07-05 11:00:00,2026-07-05 11:00:51.614103,,51.614103468,VR2AR-69,549924,2
TEMP,2026-07-05 12:00:00,2026-07-05 12:00:51.652084,,51.652084842,VR2AR-69,549924,12.163,
DEPTH,2026-07-05 12:00:00,2026-07-05 12:00:51.652084,,51.652084842,VR2AR-69,549924,12
ATTITUDE,2026-07-05 12:00:00,2026-07-05 12:00:51.652084,,51.652084842,VR2AR-69,549924,2
TEMP,2026-07-05 13:00:00,2026-07-05 13:00:51.690066,,51.690066217,VR2AR-69,549924,12.329,
DEPTH,2026-07-05 13:00:00,2026-07-05 13:00:51.690066,,51.690066217,VR2AR-69,549924,12
ATTITUDE,2026-07-05 13:00:00,2026-07-05 13:00:51.690066,,51.690066217,VR2AR-69,549924,2
TEMP,2026-07-05 14:00:00,2026-07-05 14:00:51.728047,,51.728047592,VR2AR-69,549924,12.433,
DEPTH,2026-07-05 14:00:00,2026-07-05 14:00:51.728047,,51.728047592,VR2AR-69,549924,12
ATTITUDE,2026-07-05 14:00:00,2026-07-05 14:00:51.728047,,51.728047592,VR2AR-69,549924,2
TEMP,2026-07-05 15:00:00,2026-07-05 15:00:51.766028,,51.766028966,VR2AR-69,549924,12.143,
DEPTH,2026-07-05 15:00:00,2026-07-05 15:00:51.766028,,51.766028966,VR2AR-69,549924,13
ATTITUDE,2026-07-05 15:00:00,2026-07-05 15:00:51.766028,,51.766028966,VR2AR-69,549924,2
TEMP,2026-07-05 16:00:00,2026-07-05 16:00:51.80401,,51.804010341,VR2AR-69,549924,11.771,
DEPTH,2026-07-05 16:00:00,2026-07-05 16:00:51.80401,,51.804010341,VR2AR-69,549924,13
ATTITUDE,2026-07-05 16:00:00,2026-07-05 16:00:51.80401,,51.804010341,VR2AR-69,549924,2
TEMP,2026-07-05 17:00:00,2026-07-05 17:00:51.841991,,51.841991716,VR2AR-69,549924,11.462,
DEPTH,2026-07-05 17:00:00,2026-07-05 17:00:51.841991,,51.841991716,VR2AR-69,549924,14
ATTITUDE,2026-07-05 17:00:00,2026-07-05 17:00:51.841991,,51.841991716,VR2AR-69,549924,2
TEMP,2026-07-05 18:00:00,2026-07-05 18:00:51.879973,,51.879973091,VR2AR-69,549924,11.298,
DEPTH,2026-07-05 18:00:00,2026-07-05 18:00:51.879973,,51.879973091,VR2AR-69,549924,15
ATTITUDE,2026-07-05 18:00:00,2026-07-05 18:00:51.879973,,51.879973091,VR2AR-69,549924,2
TEMP,2026-07-05 19:00:00,2026-07-05 19:00:51.917954,,51.917954466,VR2AR-69,549924,11.359,
DEPTH,2026-07-05 19:00:00,2026-07-05 19:00:51.917954,,51.917954466,VR2AR-69,549924,15
ATTITUDE,2026-07-05 19:00:00,2026-07-05 19:00:51.917954,,51.917954466,VR2AR-69,549924,2
TEMP,2026-07-05 20:00:00,2026-07-05 20:00:51.955935,,51.955935840,VR2AR-69,549924,12.039,
DEPTH,2026-07-05 20:00:00,2026-07-05 20:00:51.955935,,51.955935840,VR2AR-69,549924,15
ATTITUDE,2026-07-05 20:00:00,2026-07-05 20:00:51.955935,,51.955935840,VR2AR-69,549924,3
TEMP,2026-07-05 21:00:00,2026-07-05 21:00:51.993917,,51.993917215,VR2AR-69,549924,11.709,
DEPTH,2026-07-05 21:00:00,2026-07-05 21:00:51.993917,,51.993917215,VR2AR-69,549924,15
ATTITUDE,2026-07-05 21:00:00,2026-07-05 21:00:51.993917,,51.993917215,VR2AR-69,549924,2
TEMP,2026-07-05 22:00:00,2026-07-05 22:00:52.031898,,52.031898590,VR2AR-69,549924,11.915,
DEPTH,2026-07-05 22:00:00,2026-07-05 22:00:52.031898,,52.031898590,VR2AR-69,549924,14
ATTITUDE,2026-07-05 22:00:00,2026-07-05 22:00:52.031898,,52.031898590,VR2AR-69,549924,2
TEMP,2026-07-05 23:00:00,2026-07-05 23:00:52.069879,,52.069879964,VR2AR-69,549924,12.122,
DEPTH,2026-07-05 23:00:00,2026-07-05 23:00:52.069879,,52.069879964,VR2AR-69,549924,13
ATTITUDE,2026-07-05 23:00:00,2026-07-05 23:00:52.069879,,52.069879964,VR2AR-69,549924,2
TEMP,2026-07-06 00:00:00,2026-07-06 00:00:52.107861,,52.107861340,VR2AR-69,549924,12.329,
DEPTH,2026-07-06 00:00:00,2026-07-06 00:00:52.107861,,52.107861340,VR2AR-69,549924,13
ATTITUDE,2026-07-06 00:00:00,2026-07-06 00:00:52.107861,,52.107861340,VR2AR-69,549924,2
TEMP,2026-07-06 01:00:00,2026-07-06 01:00:52.145842,,52.145842714,VR2AR-69,549924,12.474,
DEPTH,2026-07-06 01:00:00,2026-07-06 01:00:52.145842,,52.145842714,VR2AR-69,549924,12
ATTITUDE,2026-07-06 01:00:00,2026-07-06 01:00:52.145842,,52.145842714,VR2AR-69,549924,2
TEMP,2026-07-06 02:00:00,2026-07-06 02:00:52.183824,,52.183824089,VR2AR-69,549924,12.536,
DEPTH,2026-07-06 02:00:00,2026-07-06 02:00:52.183824,,52.183824089,VR2AR-69,549924,12
ATTITUDE,2026-07-06 02:00:00,2026-07-06 02:00:52.183824,,52.183824089,VR2AR-69,549924,2
TEMP,2026-07-06 03:00:00,2026-07-06 03:00:52.221805,,52.221805464,VR2AR-69,549924,12.35,
DEPTH,2026-07-06 03:00:00,2026-07-06 03:00:52.221805,,52.221805464,VR2AR-69,549924,13
ATTITUDE,2026-07-06 03:00:00,2026-07-06 03:00:52.221805,,52.221805464,VR2AR-69,549924,1
TEMP,2026-07-06 04:00:00,2026-07-06 04:00:52.259786,,52.259786838,VR2AR-69,549924,12.37,
DEPTH,2026-07-06 04:00:00,2026-07-06 04:00:52.259786,,52.259786838,VR2AR-69,549924,13
ATTITUDE,2026-07-06 04:00:00,2026-07-06 04:00:52.259786,,52.259786838,VR2AR-69,549924,2
TEMP,2026-07-06 05:00:00,2026-07-06 05:00:52.297768,,52.297768213,VR2AR-69,549924,12.163,
DEPTH,2026-07-06 05:00:00,2026-07-06 05:00:52.297768,,52.297768213,VR2AR-69,549924,14
ATTITUDE,2026-07-06 05:00:00,2026-07-06 05:00:52.297768,,52.297768213,VR2AR-69,549924,1
TEMP,2026-07-06 06:00:00,2026-07-06 06:00:52.335749,,52.335749588,VR2AR-69,549924,11.874,
DEPTH,2026-07-06 06:00:00,2026-07-06 06:00:52.335749,,52.335749588,VR2AR-69,549924,15
ATTITUDE,2026-07-06 06:00:00,2026-07-06 06:00:52.335749,,52.335749588,VR2AR-69,549924,2
TEMP,2026-07-06 07:00:00,2026-07-06 07:00:52.37373,,52.373730963,VR2AR-69,549924,11.977,
DEPTH,2026-07-06 07:00:00,2026-07-06 07:00:52.37373,,52.373730963,VR2AR-69,549924,15
ATTITUDE,2026-07-06 07:00:00,2026-07-06 07:00:52.37373,,52.373730963,VR2AR-69,549924,2
TEMP,2026-07-06 08:00:00,2026-07-06 08:00:52.411712,,52.411712338,VR2AR-69,549924,12.039,
DEPTH,2026-07-06 08:00:00,2026-07-06 08:00:52.411712,,52.411712338,VR2AR-69,549924,15
ATTITUDE,2026-07-06 08:00:00,2026-07-06 08:00:52.411712,,52.411712338,VR2AR-69,549924,2
TEMP,2026-07-06 09:00:00,2026-07-06 09:00:52.449693,,52.449693712,VR2AR-69,549924,12.122,
DEPTH,2026-07-06 09:00:00,2026-07-06 09:00:52.449693,,52.449693712,VR2AR-69,549924,15
ATTITUDE,2026-07-06 09:00:00,2026-07-06 09:00:52.449693,,52.449693712,VR2AR-69,549924,2
TEMP,2026-07-06 10:00:00,2026-07-06 10:00:52.487675,,52.487675087,VR2AR-69,549924,12.081,
DEPTH,2026-07-06 10:00:00,2026-07-06 10:00:52.487675,,52.487675087,VR2AR-69,549924,14
ATTITUDE,2026-07-06 10:00:00,2026-07-06 10:00:52.487675,,52.487675087,VR2AR-69,549924,2
TEMP,2026-07-06 11:00:00,2026-07-06 11:00:52.525656,,52.525656462,VR2AR-69,549924,12.329,
DEPTH,2026-07-06 11:00:00,2026-07-06 11:00:52.525656,,52.525656462,VR2AR-69,549924,13
ATTITUDE,2026-07-06 11:00:00,2026-07-06 11:00:52.525656,,52.525656462,VR2AR-69,549924,2
TEMP,2026-07-06 12:00:00,2026-07-06 12:00:52.563637,,52.563637836,VR2AR-69,549924,12.495,
DEPTH,2026-07-06 12:00:00,2026-07-06 12:00:52.563637,,52.563637836,VR2AR-69,549924,13
ATTITUDE,2026-07-06 12:00:00,2026-07-06 12:00:52.563637,,52.563637836,VR2AR-69,549924,2
TEMP,2026-07-06 13:00:00,2026-07-06 13:00:52.601619,,52.601619211,VR2AR-69,549924,12.578,
DEPTH,2026-07-06 13:00:00,2026-07-06 13:00:52.601619,,52.601619211,VR2AR-69,549924,12
ATTITUDE,2026-07-06 13:00:00,2026-07-06 13:00:52.601619,,52.601619211,VR2AR-69,549924,2
TEMP,2026-07-06 14:00:00,2026-07-06 14:00:52.6396,,52.639600587,VR2AR-69,549924,12.848,
DEPTH,2026-07-06 14:00:00,2026-07-06 14:00:52.6396,,52.639600587,VR2AR-69,549924,12
ATTITUDE,2026-07-06 14:00:00,2026-07-06 14:00:52.6396,,52.639600587,VR2AR-69,549924,1
TEMP,2026-07-06 15:00:00,2026-07-06 15:00:52.677581,,52.677581961,VR2AR-69,549924,12.599,
DEPTH,2026-07-06 15:00:00,2026-07-06 15:00:52.677581,,52.677581961,VR2AR-69,549924,12
ATTITUDE,2026-07-06 15:00:00,2026-07-06 15:00:52.677581,,52.677581961,VR2AR-69,549924,2
TEMP,2026-07-06 16:00:00,2026-07-06 16:00:52.715563,,52.715563336,VR2AR-69,549924,12.536,
DEPTH,2026-07-06 16:00:00,2026-07-06 16:00:52.715563,,52.715563336,VR2AR-69,549924,13
ATTITUDE,2026-07-06 16:00:00,2026-07-06 16:00:52.715563,,52.715563336,VR2AR-69,549924,2
TEMP,2026-07-06 17:00:00,2026-07-06 17:00:52.753544,,52.753544710,VR2AR-69,549924,12.35,
DEPTH,2026-07-06 17:00:00,2026-07-06 17:00:52.753544,,52.753544710,VR2AR-69,549924,14
ATTITUDE,2026-07-06 17:00:00,2026-07-06 17:00:52.753544,,52.753544710,VR2AR-69,549924,2
TEMP,2026-07-06 18:00:00,2026-07-06 18:00:52.791526,,52.791526085,VR2AR-69,549924,12.039,
DEPTH,2026-07-06 18:00:00,2026-07-06 18:00:52.791526,,52.791526085,VR2AR-69,549924,14
ATTITUDE,2026-07-06 18:00:00,2026-07-06 18:00:52.791526,,52.791526085,VR2AR-69,549924,2
TEMP,2026-07-06 19:00:00,2026-07-06 19:00:52.829507,,52.829507460,VR2AR-69,549924,11.647,
DEPTH,2026-07-06 19:00:00,2026-07-06 19:00:52.829507,,52.829507460,VR2AR-69,549924,15
ATTITUDE,2026-07-06 19:00:00,2026-07-06 19:00:52.829507,,52.829507460,VR2AR-69,549924,2
TEMP,2026-07-06 20:00:00,2026-07-06 20:00:52.867488,,52.867488835,VR2AR-69,549924,12.474,
DEPTH,2026-07-06 20:00:00,2026-07-06 20:00:52.867488,,52.867488835,VR2AR-69,549924,15
ATTITUDE,2026-07-06 20:00:00,2026-07-06 20:00:52.867488,,52.867488835,VR2AR-69,549924,2
TEMP,2026-07-06 21:00:00,2026-07-06 21:00:52.90547,,52.905470210,VR2AR-69,549924,12.578,
DEPTH,2026-07-06 21:00:00,2026-07-06 21:00:52.90547,,52.905470210,VR2AR-69,549924,15
ATTITUDE,2026-07-06 21:00:00,2026-07-06 21:00:52.90547,,52.905470210,VR2AR-69,549924,1
TEMP,2026-07-06 22:00:00,2026-07-06 22:00:52.943451,,52.943451585,VR2AR-69,549924,12.267,
DEPTH,2026-07-06 22:00:00,2026-07-06 22:00:52.943451,,52.943451585,VR2AR-69,549924,14
ATTITUDE,2026-07-06 22:00:00,2026-07-06 22:00:52.943451,,52.943451585,VR2AR-69,549924,3
TEMP,2026-07-06 23:00:00,2026-07-06 23:00:52.981432,,52.981432959,VR2AR-69,549924,12.516,
DEPTH,2026-07-06 23:00:00,2026-07-06 23:00:52.981432,,52.981432959,VR2AR-69,549924,14
ATTITUDE,2026-07-06 23:00:00,2026-07-06 23:00:52.981432,,52.981432959,VR2AR-69,549924,3
TEMP,2026-07-07 00:00:00,2026-07-07 00:00:53.019414,,53.019414334,VR2AR-69,549924,12.786,
DEPTH,2026-07-07 00:00:00,2026-07-07 00:00:53.019414,,53.019414334,VR2AR-69,549924,13
ATTITUDE,2026-07-07 00:00:00,2026-07-07 00:00:53.019414,,53.019414334,VR2AR-69,549924,2
TEMP,2026-07-07 01:00:00,2026-07-07 01:00:53.057395,,53.057395708,VR2AR-69,549924,12.848,
DEPTH,2026-07-07 01:00:00,2026-07-07 01:00:53.057395,,53.057395708,VR2AR-69,549924,13
ATTITUDE,2026-07-07 01:00:00,2026-07-07 01:00:53.057395,,53.057395708,VR2AR-69,549924,2
TEMP,2026-07-07 02:00:00,2026-07-07 02:00:53.095377,,53.095377083,VR2AR-69,549924,12.973,
DEPTH,2026-07-07 02:00:00,2026-07-07 02:00:53.095377,,53.095377083,VR2AR-69,549924,12
ATTITUDE,2026-07-07 02:00:00,2026-07-07 02:00:53.095377,,53.095377083,VR2AR-69,549924,2
TEMP,2026-07-07 03:00:00,2026-07-07 03:00:53.133358,,53.133358458,VR2AR-69,549924,12.973,
DEPTH,2026-07-07 03:00:00,2026-07-07 03:00:53.133358,,53.133358458,VR2AR-69,549924,12
ATTITUDE,2026-07-07 03:00:00,2026-07-07 03:00:53.133358,,53.133358458,VR2AR-69,549924,2
TEMP,2026-07-07 04:00:00,2026-07-07 04:00:53.171339,,53.171339833,VR2AR-69,549924,12.931,
DEPTH,2026-07-07 04:00:00,2026-07-07 04:00:53.171339,,53.171339833,VR2AR-69,549924,13
ATTITUDE,2026-07-07 04:00:00,2026-07-07 04:00:53.171339,,53.171339833,VR2AR-69,549924,2
TEMP,2026-07-07 05:00:00,2026-07-07 05:00:53.209321,,53.209321208,VR2AR-69,549924,12.994,
DEPTH,2026-07-07 05:00:00,2026-07-07 05:00:53.209321,,53.209321208,VR2AR-69,549924,13
ATTITUDE,2026-07-07 05:00:00,2026-07-07 05:00:53.209321,,53.209321208,VR2AR-69,549924,2
TEMP,2026-07-07 06:00:00,2026-07-07 06:00:53.247302,,53.247302583,VR2AR-69,549924,12.682,
DEPTH,2026-07-07 06:00:00,2026-07-07 06:00:53.247302,,53.247302583,VR2AR-69,549924,14
ATTITUDE,2026-07-07 06:00:00,2026-07-07 06:00:53.247302,,53.247302583,VR2AR-69,549924,2
TEMP,2026-07-07 07:00:00,2026-07-07 07:00:53.285283,,53.285283957,VR2AR-69,549924,12.37,
DEPTH,2026-07-07 07:00:00,2026-07-07 07:00:53.285283,,53.285283957,VR2AR-69,549924,15
ATTITUDE,2026-07-07 07:00:00,2026-07-07 07:00:53.285283,,53.285283957,VR2AR-69,549924,2
TEMP,2026-07-07 08:00:00,2026-07-07 08:00:53.323265,,53.323265332,VR2AR-69,549924,12.495,
DEPTH,2026-07-07 08:00:00,2026-07-07 08:00:53.323265,,53.323265332,VR2AR-69,549924,15
ATTITUDE,2026-07-07 08:00:00,2026-07-07 08:00:53.323265,,53.323265332,VR2AR-69,549924,2
TEMP,2026-07-07 09:00:00,2026-07-07 09:00:53.361246,,53.361246706,VR2AR-69,549924,12.744,
DEPTH,2026-07-07 09:00:00,2026-07-07 09:00:53.361246,,53.361246706,VR2AR-69,549924,15
ATTITUDE,2026-07-07 09:00:00,2026-07-07 09:00:53.361246,,53.361246706,VR2AR-69,549924,2
TEMP,2026-07-07 10:00:00,2026-07-07 10:00:53.399228,,53.399228082,VR2AR-69,549924,12.391,
DEPTH,2026-07-07 10:00:00,2026-07-07 10:00:53.399228,,53.399228082,VR2AR-69,549924,15
ATTITUDE,2026-07-07 10:00:00,2026-07-07 10:00:53.399228,,53.399228082,VR2AR-69,549924,2
TEMP,2026-07-07 11:00:00,2026-07-07 11:00:53.437209,,53.437209457,VR2AR-69,549924,12.536,
DEPTH,2026-07-07 11:00:00,2026-07-07 11:00:53.437209,,53.437209457,VR2AR-69,549924,14
ATTITUDE,2026-07-07 11:00:00,2026-07-07 11:00:53.437209,,53.437209457,VR2AR-69,549924,2
TEMP,2026-07-07 12:00:00,2026-07-07 12:00:53.47519,,53.475190831,VR2AR-69,549924,12.931,
DEPTH,2026-07-07 12:00:00,2026-07-07 12:00:53.47519,,53.475190831,VR2AR-69,549924,13
ATTITUDE,2026-07-07 12:00:00,2026-07-07 12:00:53.47519,,53.475190831,VR2AR-69,549924,2
TEMP,2026-07-07 13:00:00,2026-07-07 13:00:53.513172,,53.513172206,VR2AR-69,549924,13.015,
DEPTH,2026-07-07 13:00:00,2026-07-07 13:00:53.513172,,53.513172206,VR2AR-69,549924,13
ATTITUDE,2026-07-07 13:00:00,2026-07-07 13:00:53.513172,,53.513172206,VR2AR-69,549924,2
TEMP,2026-07-07 14:00:00,2026-07-07 14:00:53.551153,,53.551153581,VR2AR-69,549924,13.119,
DEPTH,2026-07-07 14:00:00,2026-07-07 14:00:53.551153,,53.551153581,VR2AR-69,549924,12
ATTITUDE,2026-07-07 14:00:00,2026-07-07 14:00:53.551153,,53.551153581,VR2AR-69,549924,2
TEMP,2026-07-07 15:00:00,2026-07-07 15:00:53.589134,,53.589134955,VR2AR-69,549924,13.182,
DEPTH,2026-07-07 15:00:00,2026-07-07 15:00:53.589134,,53.589134955,VR2AR-69,549924,12
ATTITUDE,2026-07-07 15:00:00,2026-07-07 15:00:53.589134,,53.589134955,VR2AR-69,549924,2
TEMP,2026-07-07 16:00:00,2026-07-07 16:00:53.627116,,53.627116330,VR2AR-69,549924,12.91,
DEPTH,2026-07-07 16:00:00,2026-07-07 16:00:53.627116,,53.627116330,VR2AR-69,549924,13
ATTITUDE,2026-07-07 16:00:00,2026-07-07 16:00:53.627116,,53.627116330,VR2AR-69,549924,1
TEMP,2026-07-07 17:00:00,2026-07-07 17:00:53.665097,,53.665097705,VR2AR-69,549924,13.015,
DEPTH,2026-07-07 17:00:00,2026-07-07 17:00:53.665097,,53.665097705,VR2AR-69,549924,13
ATTITUDE,2026-07-07 17:00:00,2026-07-07 17:00:53.665097,,53.665097705,VR2AR-69,549924,1
TEMP,2026-07-07 18:00:00,2026-07-07 18:00:53.703079,,53.703079080,VR2AR-69,549924,12.827,
DEPTH,2026-07-07 18:00:00,2026-07-07 18:00:53.703079,,53.703079080,VR2AR-69,549924,14
ATTITUDE,2026-07-07 18:00:00,2026-07-07 18:00:53.703079,,53.703079080,VR2AR-69,549924,1
TEMP,2026-07-07 19:00:00,2026-07-07 19:00:53.74106,,53.741060455,VR2AR-69,549924,12.267,
DEPTH,2026-07-07 19:00:00,2026-07-07 19:00:53.74106,,53.741060455,VR2AR-69,549924,15
ATTITUDE,2026-07-07 19:00:00,2026-07-07 19:00:53.74106,,53.741060455,VR2AR-69,549924,2
TEMP,2026-07-07 20:00:00,2026-07-07 20:00:53.779041,,53.779041829,VR2AR-69,549924,12.931,
DEPTH,2026-07-07 20:00:00,2026-07-07 20:00:53.779041,,53.779041829,VR2AR-69,549924,15
ATTITUDE,2026-07-07 20:00:00,2026-07-07 20:00:53.779041,,53.779041829,VR2AR-69,549924,2
TEMP,2026-07-07 21:00:00,2026-07-07 21:00:53.817023,,53.817023204,VR2AR-69,549924,13.14,
DEPTH,2026-07-07 21:00:00,2026-07-07 21:00:53.817023,,53.817023204,VR2AR-69,549924,15
ATTITUDE,2026-07-07 21:00:00,2026-07-07 21:00:53.817023,,53.817023204,VR2AR-69,549924,2
TEMP,2026-07-07 22:00:00,2026-07-07 22:00:53.855004,,53.855004579,VR2AR-69,549924,12.474,
DEPTH,2026-07-07 22:00:00,2026-07-07 22:00:53.855004,,53.855004579,VR2AR-69,549924,15
ATTITUDE,2026-07-07 22:00:00,2026-07-07 22:00:53.855004,,53.855004579,VR2AR-69,549924,1
TEMP,2026-07-07 23:00:00,2026-07-07 23:00:53.892985,,53.892985953,VR2AR-69,549924,12.765,
DEPTH,2026-07-07 23:00:00,2026-07-07 23:00:53.892985,,53.892985953,VR2AR-69,549924,15
ATTITUDE,2026-07-07 23:00:00,2026-07-07 23:00:53.892985,,53.892985953,VR2AR-69,549924,2
TEMP,2026-07-08 00:00:00,2026-07-08 00:00:53.930967,,53.930967329,VR2AR-69,549924,12.869,
DEPTH,2026-07-08 00:00:00,2026-07-08 00:00:53.930967,,53.930967329,VR2AR-69,549924,14
ATTITUDE,2026-07-08 00:00:00,2026-07-08 00:00:53.930967,,53.930967329,VR2AR-69,549924,1
TEMP,2026-07-08 01:00:00,2026-07-08 01:00:53.968948,,53.968948703,VR2AR-69,549924,13.14,
DEPTH,2026-07-08 01:00:00,2026-07-08 01:00:53.968948,,53.968948703,VR2AR-69,549924,13
ATTITUDE,2026-07-08 01:00:00,2026-07-08 01:00:53.968948,,53.968948703,VR2AR-69,549924,2
TEMP,2026-07-08 02:00:00,2026-07-08 02:00:54.00693,,54.006930078,VR2AR-69,549924,13.265,
DEPTH,2026-07-08 02:00:00,2026-07-08 02:00:54.00693,,54.006930078,VR2AR-69,549924,13
ATTITUDE,2026-07-08 02:00:00,2026-07-08 02:00:54.00693,,54.006930078,VR2AR-69,549924,1
TEMP,2026-07-08 03:00:00,2026-07-08 03:00:54.044911,,54.044911453,VR2AR-69,549924,13.328,
DEPTH,2026-07-08 03:00:00,2026-07-08 03:00:54.044911,,54.044911453,VR2AR-69,549924,13
ATTITUDE,2026-07-08 03:00:00,2026-07-08 03:00:54.044911,,54.044911453,VR2AR-69,549924,2
TEMP,2026-07-08 04:00:00,2026-07-08 04:00:54.082892,,54.082892827,VR2AR-69,549924,13.495,
DEPTH,2026-07-08 04:00:00,2026-07-08 04:00:54.082892,,54.082892827,VR2AR-69,549924,13
ATTITUDE,2026-07-08 04:00:00,2026-07-08 04:00:54.082892,,54.082892827,VR2AR-69,549924,2
TEMP,2026-07-08 05:00:00,2026-07-08 05:00:54.120874,,54.120874202,VR2AR-69,549924,13.349,
DEPTH,2026-07-08 05:00:00,2026-07-08 05:00:54.120874,,54.120874202,VR2AR-69,549924,13
ATTITUDE,2026-07-08 05:00:00,2026-07-08 05:00:54.120874,,54.120874202,VR2AR-69,549924,2
TEMP,2026-07-08 06:00:00,2026-07-08 06:00:54.158855,,54.158855576,VR2AR-69,549924,13.495,
DEPTH,2026-07-08 06:00:00,2026-07-08 06:00:54.158855,,54.158855576,VR2AR-69,549924,14
ATTITUDE,2026-07-08 06:00:00,2026-07-08 06:00:54.158855,,54.158855576,VR2AR-69,549924,1
TEMP,2026-07-08 07:00:00,2026-07-08 07:00:54.196836,,54.196836952,VR2AR-69,549924,13.015,
DEPTH,2026-07-08 07:00:00,2026-07-08 07:00:54.196836,,54.196836952,VR2AR-69,549924,14
ATTITUDE,2026-07-08 07:00:00,2026-07-08 07:00:54.196836,,54.196836952,VR2AR-69,549924,1
TEMP,2026-07-08 08:00:00,2026-07-08 08:00:54.234818,,54.234818327,VR2AR-69,549924,12.516,
DEPTH,2026-07-08 08:00:00,2026-07-08 08:00:54.234818,,54.234818327,VR2AR-69,549924,15
ATTITUDE,2026-07-08 08:00:00,2026-07-08 08:00:54.234818,,54.234818327,VR2AR-69,549924,2
TEMP,2026-07-08 09:00:00,2026-07-08 09:00:54.272799,,54.272799701,VR2AR-69,549924,12.682,
DEPTH,2026-07-08 09:00:00,2026-07-08 09:00:54.272799,,54.272799701,VR2AR-69,549924,15
ATTITUDE,2026-07-08 09:00:00,2026-07-08 09:00:54.272799,,54.272799701,VR2AR-69,549924,1
TEMP,2026-07-08 10:00:00,2026-07-08 10:00:54.310781,,54.310781076,VR2AR-69,549924,12.723,
DEPTH,2026-07-08 10:00:00,2026-07-08 10:00:54.310781,,54.310781076,VR2AR-69,549924,15
ATTITUDE,2026-07-08 10:00:00,2026-07-08 10:00:54.310781,,54.310781076,VR2AR-69,549924,2
TEMP,2026-07-08 11:00:00,2026-07-08 11:00:54.348762,,54.348762451,VR2AR-69,549924,12.682,
DEPTH,2026-07-08 11:00:00,2026-07-08 11:00:54.348762,,54.348762451,VR2AR-69,549924,15
ATTITUDE,2026-07-08 11:00:00,2026-07-08 11:00:54.348762,,54.348762451,VR2AR-69,549924,3
TEMP,2026-07-08 12:00:00,2026-07-08 12:00:54.386743,,54.386743825,VR2AR-69,549924,12.91,
DEPTH,2026-07-08 12:00:00,2026-07-08 12:00:54.386743,,54.386743825,VR2AR-69,549924,14
ATTITUDE,2026-07-08 12:00:00,2026-07-08 12:00:54.386743,,54.386743825,VR2AR-69,549924,2
TEMP,2026-07-08 13:00:00,2026-07-08 13:00:54.424725,,54.424725200,VR2AR-69,549924,13.077,
DEPTH,2026-07-08 13:00:00,2026-07-08 13:00:54.424725,,54.424725200,VR2AR-69,549924,13
ATTITUDE,2026-07-08 13:00:00,2026-07-08 13:00:54.424725,,54.424725200,VR2AR-69,549924,2
TEMP,2026-07-08 14:00:00,2026-07-08 14:00:54.462706,,54.462706575,VR2AR-69,549924,13.182,
DEPTH,2026-07-08 14:00:00,2026-07-08 14:00:54.462706,,54.462706575,VR2AR-69,549924,13
ATTITUDE,2026-07-08 14:00:00,2026-07-08 14:00:54.462706,,54.462706575,VR2AR-69,549924,2
TEMP,2026-07-08 15:00:00,2026-07-08 15:00:54.500687,,54.500687950,VR2AR-69,549924,13.349,
DEPTH,2026-07-08 15:00:00,2026-07-08 15:00:54.500687,,54.500687950,VR2AR-69,549924,13
ATTITUDE,2026-07-08 15:00:00,2026-07-08 15:00:54.500687,,54.500687950,VR2AR-69,549924,1
TEMP,2026-07-08 16:00:00,2026-07-08 16:00:54.538669,,54.538669325,VR2AR-69,549924,13.474,
DEPTH,2026-07-08 16:00:00,2026-07-08 16:00:54.538669,,54.538669325,VR2AR-69,549924,13
ATTITUDE,2026-07-08 16:00:00,2026-07-08 16:00:54.538669,,54.538669325,VR2AR-69,549924,2
TEMP,2026-07-08 17:00:00,2026-07-08 17:00:54.57665,,54.576650699,VR2AR-69,549924,13.182,
DEPTH,2026-07-08 17:00:00,2026-07-08 17:00:54.57665,,54.576650699,VR2AR-69,549924,13
ATTITUDE,2026-07-08 17:00:00,2026-07-08 17:00:54.57665,,54.576650699,VR2AR-69,549924,2
TEMP,2026-07-08 18:00:00,2026-07-08 18:00:54.614632,,54.614632074,VR2AR-69,549924,13.265,
DEPTH,2026-07-08 18:00:00,2026-07-08 18:00:54.614632,,54.614632074,VR2AR-69,549924,14
ATTITUDE,2026-07-08 18:00:00,2026-07-08 18:00:54.614632,,54.614632074,VR2AR-69,549924,1
TEMP,2026-07-08 19:00:00,2026-07-08 19:00:54.652613,,54.652613449,VR2AR-69,549924,12.516,
DEPTH,2026-07-08 19:00:00,2026-07-08 19:00:54.652613,,54.652613449,VR2AR-69,549924,14
ATTITUDE,2026-07-08 19:00:00,2026-07-08 19:00:54.652613,,54.652613449,VR2AR-69,549924,2
TEMP,2026-07-08 20:00:00,2026-07-08 20:00:54.690594,,54.690594824,VR2AR-69,549924,12.536,
DEPTH,2026-07-08 20:00:00,2026-07-08 20:00:54.690594,,54.690594824,VR2AR-69,549924,15
ATTITUDE,2026-07-08 20:00:00,2026-07-08 20:00:54.690594,,54.690594824,VR2AR-69,549924,2
TEMP,2026-07-08 21:00:00,2026-07-08 21:00:54.728576,,54.728576199,VR2AR-69,549924,12.827,
DEPTH,2026-07-08 21:00:00,2026-07-08 21:00:54.728576,,54.728576199,VR2AR-69,549924,15
ATTITUDE,2026-07-08 21:00:00,2026-07-08 21:00:54.728576,,54.728576199,VR2AR-69,549924,2
TEMP,2026-07-08 22:00:00,2026-07-08 22:00:54.766557,,54.766557573,VR2AR-69,549924,13.035,
DEPTH,2026-07-08 22:00:00,2026-07-08 22:00:54.766557,,54.766557573,VR2AR-69,549924,15
ATTITUDE,2026-07-08 22:00:00,2026-07-08 22:00:54.766557,,54.766557573,VR2AR-69,549924,1
TEMP,2026-07-08 23:00:00,2026-07-08 23:00:54.804538,,54.804538948,VR2AR-69,549924,12.35,
DEPTH,2026-07-08 23:00:00,2026-07-08 23:00:54.804538,,54.804538948,VR2AR-69,549924,15
ATTITUDE,2026-07-08 23:00:00,2026-07-08 23:00:54.804538,,54.804538948,VR2AR-69,549924,2
TEMP,2026-07-09 00:00:00,2026-07-09 00:00:54.84252,,54.842520323,VR2AR-69,549924,12.723,
DEPTH,2026-07-09 00:00:00,2026-07-09 00:00:54.84252,,54.842520323,VR2AR-69,549924,15
ATTITUDE,2026-07-09 00:00:00,2026-07-09 00:00:54.84252,,54.842520323,VR2AR-69,549924,2
TEMP,2026-07-09 01:00:00,2026-07-09 01:00:54.880501,,54.880501697,VR2AR-69,549924,13.015,
DEPTH,2026-07-09 01:00:00,2026-07-09 01:00:54.880501,,54.880501697,VR2AR-69,549924,14
ATTITUDE,2026-07-09 01:00:00,2026-07-09 01:00:54.880501,,54.880501697,VR2AR-69,549924,2
TEMP,2026-07-09 02:00:00,2026-07-09 02:00:54.918483,,54.918483072,VR2AR-69,549924,13.474,
DEPTH,2026-07-09 02:00:00,2026-07-09 02:00:54.918483,,54.918483072,VR2AR-69,549924,13
ATTITUDE,2026-07-09 02:00:00,2026-07-09 02:00:54.918483,,54.918483072,VR2AR-69,549924,1
TEMP,2026-07-09 03:00:00,2026-07-09 03:00:54.956464,,54.956464448,VR2AR-69,549924,13.663,
DEPTH,2026-07-09 03:00:00,2026-07-09 03:00:54.956464,,54.956464448,VR2AR-69,549924,13
ATTITUDE,2026-07-09 03:00:00,2026-07-09 03:00:54.956464,,54.956464448,VR2AR-69,549924,1
TEMP,2026-07-09 04:00:00,2026-07-09 04:00:54.994445,,54.994445822,VR2AR-69,549924,13.516,
DEPTH,2026-07-09 04:00:00,2026-07-09 04:00:54.994445,,54.994445822,VR2AR-69,549924,13
ATTITUDE,2026-07-09 04:00:00,2026-07-09 04:00:54.994445,,54.994445822,VR2AR-69,549924,1
TEMP,2026-07-09 05:00:00,2026-07-09 05:00:55.032427,,55.032427197,VR2AR-69,549924,13.705,
DEPTH,2026-07-09 05:00:00,2026-07-09 05:00:55.032427,,55.032427197,VR2AR-69,549924,13
ATTITUDE,2026-07-09 05:00:00,2026-07-09 05:00:55.032427,,55.032427197,VR2AR-69,549924,1
TEMP,2026-07-09 06:00:00,2026-07-09 06:00:55.070408,,55.070408571,VR2AR-69,549924,13.558,
DEPTH,2026-07-09 06:00:00,2026-07-09 06:00:55.070408,,55.070408571,VR2AR-69,549924,13
ATTITUDE,2026-07-09 06:00:00,2026-07-09 06:00:55.070408,,55.070408571,VR2AR-69,549924,1
TEMP,2026-07-09 07:00:00,2026-07-09 07:00:55.108389,,55.108389946,VR2AR-69,549924,13.182,
DEPTH,2026-07-09 07:00:00,2026-07-09 07:00:55.108389,,55.108389946,VR2AR-69,549924,14
ATTITUDE,2026-07-09 07:00:00,2026-07-09 07:00:55.108389,,55.108389946,VR2AR-69,549924,1
TEMP,2026-07-09 08:00:00,2026-07-09 08:00:55.146371,,55.146371321,VR2AR-69,549924,12.329,
DEPTH,2026-07-09 08:00:00,2026-07-09 08:00:55.146371,,55.146371321,VR2AR-69,549924,14
ATTITUDE,2026-07-09 08:00:00,2026-07-09 08:00:55.146371,,55.146371321,VR2AR-69,549924,2
TEMP,2026-07-09 09:00:00,2026-07-09 09:00:55.184352,,55.184352695,VR2AR-69,549924,12.122,
DEPTH,2026-07-09 09:00:00,2026-07-09 09:00:55.184352,,55.184352695,VR2AR-69,549924,15
ATTITUDE,2026-07-09 09:00:00,2026-07-09 09:00:55.184352,,55.184352695,VR2AR-69,549924,2
TEMP,2026-07-09 10:00:00,2026-07-09 10:00:55.222334,,55.222334071,VR2AR-69,549924,12.495,
DEPTH,2026-07-09 10:00:00,2026-07-09 10:00:55.222334,,55.222334071,VR2AR-69,549924,15
ATTITUDE,2026-07-09 10:00:00,2026-07-09 10:00:55.222334,,55.222334071,VR2AR-69,549924,2
TEMP,2026-07-09 11:00:00,2026-07-09 11:00:55.260315,,55.260315446,VR2AR-69,549924,12.599,
DEPTH,2026-07-09 11:00:00,2026-07-09 11:00:55.260315,,55.260315446,VR2AR-69,549924,15
ATTITUDE,2026-07-09 11:00:00,2026-07-09 11:00:55.260315,,55.260315446,VR2AR-69,549924,2
TEMP,2026-07-09 12:00:00,2026-07-09 12:00:55.298296,,55.298296820,VR2AR-69,549924,12.536,
DEPTH,2026-07-09 12:00:00,2026-07-09 12:00:55.298296,,55.298296820,VR2AR-69,549924,15
ATTITUDE,2026-07-09 12:00:00,2026-07-09 12:00:55.298296,,55.298296820,VR2AR-69,549924,2
TEMP,2026-07-09 13:00:00,2026-07-09 13:00:55.336278,,55.336278195,VR2AR-69,549924,12.806,
DEPTH,2026-07-09 13:00:00,2026-07-09 13:00:55.336278,,55.336278195,VR2AR-69,549924,14
ATTITUDE,2026-07-09 13:00:00,2026-07-09 13:00:55.336278,,55.336278195,VR2AR-69,549924,1
TEMP,2026-07-09 14:00:00,2026-07-09 14:00:55.374259,,55.374259569,VR2AR-69,549924,13.098,
DEPTH,2026-07-09 14:00:00,2026-07-09 14:00:55.374259,,55.374259569,VR2AR-69,549924,13
ATTITUDE,2026-07-09 14:00:00,2026-07-09 14:00:55.374259,,55.374259569,VR2AR-69,549924,2
TEMP,2026-07-09 15:00:00,2026-07-09 15:00:55.41224,,55.412240944,VR2AR-69,549924,13.307,
DEPTH,2026-07-09 15:00:00,2026-07-09 15:00:55.41224,,55.412240944,VR2AR-69,549924,13
ATTITUDE,2026-07-09 15:00:00,2026-07-09 15:00:55.41224,,55.412240944,VR2AR-69,549924,1
TEMP,2026-07-09 16:00:00,2026-07-09 16:00:55.450222,,55.450222319,VR2AR-69,549924,13.516,
DEPTH,2026-07-09 16:00:00,2026-07-09 16:00:55.450222,,55.450222319,VR2AR-69,549924,13
ATTITUDE,2026-07-09 16:00:00,2026-07-09 16:00:55.450222,,55.450222319,VR2AR-69,549924,2
TEMP,2026-07-09 17:00:00,2026-07-09 17:00:55.488203,,55.488203694,VR2AR-69,549924,13.537,
DEPTH,2026-07-09 17:00:00,2026-07-09 17:00:55.488203,,55.488203694,VR2AR-69,549924,13
ATTITUDE,2026-07-09 17:00:00,2026-07-09 17:00:55.488203,,55.488203694,VR2AR-69,549924,2
TEMP,2026-07-09 18:00:00,2026-07-09 18:00:55.526185,,55.526185069,VR2AR-69,549924,13.37,
DEPTH,2026-07-09 18:00:00,2026-07-09 18:00:55.526185,,55.526185069,VR2AR-69,549924,13
ATTITUDE,2026-07-09 18:00:00,2026-07-09 18:00:55.526185,,55.526185069,VR2AR-69,549924,2
TEMP,2026-07-09 19:00:00,2026-07-09 19:00:55.564166,,55.564166444,VR2AR-69,549924,13.411,
DEPTH,2026-07-09 19:00:00,2026-07-09 19:00:55.564166,,55.564166444,VR2AR-69,549924,14
ATTITUDE,2026-07-09 19:00:00,2026-07-09 19:00:55.564166,,55.564166444,VR2AR-69,549924,1
TEMP,2026-07-09 20:00:00,2026-07-09 20:00:55.602147,,55.602147818,VR2AR-69,549924,12.661,
DEPTH,2026-07-09 20:00:00,2026-07-09 20:00:55.602147,,55.602147818,VR2AR-69,549924,14
ATTITUDE,2026-07-09 20:00:00,2026-07-09 20:00:55.602147,,55.602147818,VR2AR-69,549924,1
TEMP,2026-07-09 21:00:00,2026-07-09 21:00:55.640129,,55.640129193,VR2AR-69,549924,12.06,
DEPTH,2026-07-09 21:00:00,2026-07-09 21:00:55.640129,,55.640129193,VR2AR-69,549924,15
ATTITUDE,2026-07-09 21:00:00,2026-07-09 21:00:55.640129,,55.640129193,VR2AR-69,549924,2
TEMP,2026-07-09 22:00:00,2026-07-09 22:00:55.67811,,55.678110567,VR2AR-69,549924,12.412,
DEPTH,2026-07-09 22:00:00,2026-07-09 22:00:55.67811,,55.678110567,VR2AR-69,549924,15
ATTITUDE,2026-07-09 22:00:00,2026-07-09 22:00:55.67811,,55.678110567,VR2AR-69,549924,2
TEMP,2026-07-09 23:00:00,2026-07-09 23:00:55.716091,,55.716091942,VR2AR-69,549924,12.474,
DEPTH,2026-07-09 23:00:00,2026-07-09 23:00:55.716091,,55.716091942,VR2AR-69,549924,15
ATTITUDE,2026-07-09 23:00:00,2026-07-09 23:00:55.716091,,55.716091942,VR2AR-69,549924,1
TEMP,2026-07-10 00:00:00,2026-07-10 00:00:55.754073,,55.754073318,VR2AR-69,549924,12.786,
DEPTH,2026-07-10 00:00:00,2026-07-10 00:00:55.754073,,55.754073318,VR2AR-69,549924,15
ATTITUDE,2026-07-10 00:00:00,2026-07-10 00:00:55.754073,,55.754073318,VR2AR-69,549924,2
TEMP,2026-07-10 01:00:00,2026-07-10 01:00:55.792054,,55.792054692,VR2AR-69,549924,12.994,
DEPTH,2026-07-10 01:00:00,2026-07-10 01:00:55.792054,,55.792054692,VR2AR-69,549924,14
ATTITUDE,2026-07-10 01:00:00,2026-07-10 01:00:55.792054,,55.792054692,VR2AR-69,549924,2
TEMP,2026-07-10 02:00:00,2026-07-10 02:00:55.830036,,55.830036067,VR2AR-69,549924,13.37,
DEPTH,2026-07-10 02:00:00,2026-07-10 02:00:55.830036,,55.830036067,VR2AR-69,549924,14
ATTITUDE,2026-07-10 02:00:00,2026-07-10 02:00:55.830036,,55.830036067,VR2AR-69,549924,1
TEMP,2026-07-10 03:00:00,2026-07-10 03:00:55.868017,,55.868017442,VR2AR-69,549924,13.705,
DEPTH,2026-07-10 03:00:00,2026-07-10 03:00:55.868017,,55.868017442,VR2AR-69,549924,13
ATTITUDE,2026-07-10 03:00:00,2026-07-10 03:00:55.868017,,55.868017442,VR2AR-69,549924,1
TEMP,2026-07-10 04:00:00,2026-07-10 04:00:55.905998,,55.905998816,VR2AR-69,549924,13.663,
DEPTH,2026-07-10 04:00:00,2026-07-10 04:00:55.905998,,55.905998816,VR2AR-69,549924,13
ATTITUDE,2026-07-10 04:00:00,2026-07-10 04:00:55.905998,,55.905998816,VR2AR-69,549924,1
TEMP,2026-07-10 05:00:00,2026-07-10 05:00:55.94398,,55.943980191,VR2AR-69,549924,13.873,
DEPTH,2026-07-10 05:00:00,2026-07-10 05:00:55.94398,,55.943980191,VR2AR-69,549924,12
ATTITUDE,2026-07-10 05:00:00,2026-07-10 05:00:55.94398,,55.943980191,VR2AR-69,549924,2
TEMP,2026-07-10 06:00:00,2026-07-10 06:00:55.981961,,55.981961566,VR2AR-69,549924,14.104,
DEPTH,2026-07-10 06:00:00,2026-07-10 06:00:55.981961,,55.981961566,VR2AR-69,549924,13
ATTITUDE,2026-07-10 06:00:00,2026-07-10 06:00:55.981961,,55.981961566,VR2AR-69,549924,1
TEMP,2026-07-10 07:00:00,2026-07-10 07:00:56.019942,,56.019942941,VR2AR-69,549924,14.062,
DEPTH,2026-07-10 07:00:00,2026-07-10 07:00:56.019942,,56.019942941,VR2AR-69,549924,13
ATTITUDE,2026-07-10 07:00:00,2026-07-10 07:00:56.019942,,56.019942941,VR2AR-69,549924,1
TEMP,2026-07-10 08:00:00,2026-07-10 08:00:56.057924,,56.057924316,VR2AR-69,549924,13.161,
DEPTH,2026-07-10 08:00:00,2026-07-10 08:00:56.057924,,56.057924316,VR2AR-69,549924,14
ATTITUDE,2026-07-10 08:00:00,2026-07-10 08:00:56.057924,,56.057924316,VR2AR-69,549924,1
TEMP,2026-07-10 09:00:00,2026-07-10 09:00:56.095905,,56.095905690,VR2AR-69,549924,11.874,
DEPTH,2026-07-10 09:00:00,2026-07-10 09:00:56.095905,,56.095905690,VR2AR-69,549924,14
ATTITUDE,2026-07-10 09:00:00,2026-07-10 09:00:56.095905,,56.095905690,VR2AR-69,549924,2
TEMP,2026-07-10 10:00:00,2026-07-10 10:00:56.133887,,56.133887065,VR2AR-69,549924,11.792,
DEPTH,2026-07-10 10:00:00,2026-07-10 10:00:56.133887,,56.133887065,VR2AR-69,549924,15
ATTITUDE,2026-07-10 10:00:00,2026-07-10 10:00:56.133887,,56.133887065,VR2AR-69,549924,1
TEMP,2026-07-10 11:00:00,2026-07-10 11:00:56.171868,,56.171868439,VR2AR-69,549924,12.06,
DEPTH,2026-07-10 11:00:00,2026-07-10 11:00:56.171868,,56.171868439,VR2AR-69,549924,15
ATTITUDE,2026-07-10 11:00:00,2026-07-10 11:00:56.171868,,56.171868439,VR2AR-69,549924,2
TEMP,2026-07-10 12:00:00,2026-07-10 12:00:56.209849,,56.209849814,VR2AR-69,549924,12.267,
DEPTH,2026-07-10 12:00:00,2026-07-10 12:00:56.209849,,56.209849814,VR2AR-69,549924,15
ATTITUDE,2026-07-10 12:00:00,2026-07-10 12:00:56.209849,,56.209849814,VR2AR-69,549924,2
TEMP,2026-07-10 13:00:00,2026-07-10 13:00:56.247831,,56.247831190,VR2AR-69,549924,12.267,
DEPTH,2026-07-10 13:00:00,2026-07-10 13:00:56.247831,,56.247831190,VR2AR-69,549924,15
ATTITUDE,2026-07-10 13:00:00,2026-07-10 13:00:56.247831,,56.247831190,VR2AR-69,549924,1
TEMP,2026-07-10 14:00:00,2026-07-10 14:00:56.285812,,56.285812564,VR2AR-69,549924,12.723,
DEPTH,2026-07-10 14:00:00,2026-07-10 14:00:56.285812,,56.285812564,VR2AR-69,549924,14
ATTITUDE,2026-07-10 14:00:00,2026-07-10 14:00:56.285812,,56.285812564,VR2AR-69,549924,1
TEMP,2026-07-10 15:00:00,2026-07-10 15:00:56.323793,,56.323793939,VR2AR-69,549924,13.056,
DEPTH,2026-07-10 15:00:00,2026-07-10 15:00:56.323793,,56.323793939,VR2AR-69,549924,13
ATTITUDE,2026-07-10 15:00:00,2026-07-10 15:00:56.323793,,56.323793939,VR2AR-69,549924,1
TEMP,2026-07-10 16:00:00,2026-07-10 16:00:56.361775,,56.361775314,VR2AR-69,549924,13.265,
DEPTH,2026-07-10 16:00:00,2026-07-10 16:00:56.361775,,56.361775314,VR2AR-69,549924,13
ATTITUDE,2026-07-10 16:00:00,2026-07-10 16:00:56.361775,,56.361775314,VR2AR-69,549924,1
TEMP,2026-07-10 17:00:00,2026-07-10 17:00:56.399756,,56.399756688,VR2AR-69,549924,13.453,
DEPTH,2026-07-10 17:00:00,2026-07-10 17:00:56.399756,,56.399756688,VR2AR-69,549924,13
ATTITUDE,2026-07-10 17:00:00,2026-07-10 17:00:56.399756,,56.399756688,VR2AR-69,549924,0
TEMP,2026-07-10 18:00:00,2026-07-10 18:00:56.437738,,56.437738063,VR2AR-69,549924,13.81,
DEPTH,2026-07-10 18:00:00,2026-07-10 18:00:56.437738,,56.437738063,VR2AR-69,549924,13
ATTITUDE,2026-07-10 18:00:00,2026-07-10 18:00:56.437738,,56.437738063,VR2AR-69,549924,0
TEMP,2026-07-10 19:00:00,2026-07-10 19:00:56.475719,,56.475719437,VR2AR-69,549924,12.702,
DEPTH,2026-07-10 19:00:00,2026-07-10 19:00:56.475719,,56.475719437,VR2AR-69,549924,13
ATTITUDE,2026-07-10 19:00:00,2026-07-10 19:00:56.475719,,56.475719437,VR2AR-69,549924,1
TEMP,2026-07-10 20:00:00,2026-07-10 20:00:56.5137,,56.513700813,VR2AR-69,549924,12.931,
DEPTH,2026-07-10 20:00:00,2026-07-10 20:00:56.5137,,56.513700813,VR2AR-69,549924,14
ATTITUDE,2026-07-10 20:00:00,2026-07-10 20:00:56.5137,,56.513700813,VR2AR-69,549924,1
TEMP,2026-07-10 21:00:00,2026-07-10 21:00:56.551682,,56.551682188,VR2AR-69,549924,12.101,
DEPTH,2026-07-10 21:00:00,2026-07-10 21:00:56.551682,,56.551682188,VR2AR-69,549924,14
ATTITUDE,2026-07-10 21:00:00,2026-07-10 21:00:56.551682,,56.551682188,VR2AR-69,549924,1
TEMP,2026-07-10 22:00:00,2026-07-10 22:00:56.589663,,56.589663562,VR2AR-69,549924,11.915,
DEPTH,2026-07-10 22:00:00,2026-07-10 22:00:56.589663,,56.589663562,VR2AR-69,549924,15
ATTITUDE,2026-07-10 22:00:00,2026-07-10 22:00:56.589663,,56.589663562,VR2AR-69,549924,1
TEMP,2026-07-10 23:00:00,2026-07-10 23:00:56.627644,,56.627644937,VR2AR-69,549924,11.853,
DEPTH,2026-07-10 23:00:00,2026-07-10 23:00:56.627644,,56.627644937,VR2AR-69,549924,15
ATTITUDE,2026-07-10 23:00:00,2026-07-10 23:00:56.627644,,56.627644937,VR2AR-69,549924,2
TEMP,2026-07-11 00:00:00,2026-07-11 00:00:56.665626,,56.665626312,VR2AR-69,549924,12.205,
DEPTH,2026-07-11 00:00:00,2026-07-11 00:00:56.665626,,56.665626312,VR2AR-69,549924,16
ATTITUDE,2026-07-11 00:00:00,2026-07-11 00:00:56.665626,,56.665626312,VR2AR-69,549924,2
TEMP,2026-07-11 01:00:00,2026-07-11 01:00:56.703607,,56.703607686,VR2AR-69,549924,12.205,
DEPTH,2026-07-11 01:00:00,2026-07-11 01:00:56.703607,,56.703607686,VR2AR-69,549924,15
ATTITUDE,2026-07-11 01:00:00,2026-07-11 01:00:56.703607,,56.703607686,VR2AR-69,549924,0
TEMP,2026-07-11 02:00:00,2026-07-11 02:00:56.741589,,56.741589061,VR2AR-69,549924,12.288,
DEPTH,2026-07-11 02:00:00,2026-07-11 02:00:56.741589,,56.741589061,VR2AR-69,549924,15
ATTITUDE,2026-07-11 02:00:00,2026-07-11 02:00:56.741589,,56.741589061,VR2AR-69,549924,1
TEMP,2026-07-11 03:00:00,2026-07-11 03:00:56.77957,,56.779570436,VR2AR-69,549924,12.516,
DEPTH,2026-07-11 03:00:00,2026-07-11 03:00:56.77957,,56.779570436,VR2AR-69,549924,14
ATTITUDE,2026-07-11 03:00:00,2026-07-11 03:00:56.77957,,56.779570436,VR2AR-69,549924,1
TEMP,2026-07-11 04:00:00,2026-07-11 04:00:56.817551,,56.817551811,VR2AR-69,549924,12.869,
DEPTH,2026-07-11 04:00:00,2026-07-11 04:00:56.817551,,56.817551811,VR2AR-69,549924,13
ATTITUDE,2026-07-11 04:00:00,2026-07-11 04:00:56.817551,,56.817551811,VR2AR-69,549924,1
TEMP,2026-07-11 05:00:00,2026-07-11 05:00:56.855533,,56.855533186,VR2AR-69,549924,13.015,
DEPTH,2026-07-11 05:00:00,2026-07-11 05:00:56.855533,,56.855533186,VR2AR-69,549924,13
ATTITUDE,2026-07-11 05:00:00,2026-07-11 05:00:56.855533,,56.855533186,VR2AR-69,549924,2
TEMP,2026-07-11 06:00:00,2026-07-11 06:00:56.893514,,56.893514560,VR2AR-69,549924,13.391,
DEPTH,2026-07-11 06:00:00,2026-07-11 06:00:56.893514,,56.893514560,VR2AR-69,549924,12
ATTITUDE,2026-07-11 06:00:00,2026-07-11 06:00:56.893514,,56.893514560,VR2AR-69,549924,2
TEMP,2026-07-11 07:00:00,2026-07-11 07:00:56.931495,,56.931495935,VR2AR-69,549924,13.391,
DEPTH,2026-07-11 07:00:00,2026-07-11 07:00:56.931495,,56.931495935,VR2AR-69,549924,12
ATTITUDE,2026-07-11 07:00:00,2026-07-11 07:00:56.931495,,56.931495935,VR2AR-69,549924,1
TEMP,2026-07-11 08:00:00,2026-07-11 08:00:56.969477,,56.969477310,VR2AR-69,549924,13.182,
DEPTH,2026-07-11 08:00:00,2026-07-11 08:00:56.969477,,56.969477310,VR2AR-69,549924,13
ATTITUDE,2026-07-11 08:00:00,2026-07-11 08:00:56.969477,,56.969477310,VR2AR-69,549924,1
TEMP,2026-07-11 09:00:00,2026-07-11 09:00:57.007458,,57.007458684,VR2AR-69,549924,12.578,
DEPTH,2026-07-11 09:00:00,2026-07-11 09:00:57.007458,,57.007458684,VR2AR-69,549924,14
ATTITUDE,2026-07-11 09:00:00,2026-07-11 09:00:57.007458,,57.007458684,VR2AR-69,549924,1
TEMP,2026-07-11 10:00:00,2026-07-11 10:00:57.04544,,57.045440060,VR2AR-69,549924,11.853,
DEPTH,2026-07-11 10:00:00,2026-07-11 10:00:57.04544,,57.045440060,VR2AR-69,549924,14
ATTITUDE,2026-07-11 10:00:00,2026-07-11 10:00:57.04544,,57.045440060,VR2AR-69,549924,1
TEMP,2026-07-11 11:00:00,2026-07-11 11:00:57.083421,,57.083421434,VR2AR-69,549924,11.421,
DEPTH,2026-07-11 11:00:00,2026-07-11 11:00:57.083421,,57.083421434,VR2AR-69,549924,15
ATTITUDE,2026-07-11 11:00:00,2026-07-11 11:00:57.083421,,57.083421434,VR2AR-69,549924,1
TEMP,2026-07-11 12:00:00,2026-07-11 12:00:57.121402,,57.121402809,VR2AR-69,549924,11.915,
DEPTH,2026-07-11 12:00:00,2026-07-11 12:00:57.121402,,57.121402809,VR2AR-69,549924,15
ATTITUDE,2026-07-11 12:00:00,2026-07-11 12:00:57.121402,,57.121402809,VR2AR-69,549924,2
TEMP,2026-07-11 13:00:00,2026-07-11 13:00:57.159384,,57.159384184,VR2AR-69,549924,11.998,
DEPTH,2026-07-11 13:00:00,2026-07-11 13:00:57.159384,,57.159384184,VR2AR-69,549924,15
ATTITUDE,2026-07-11 13:00:00,2026-07-11 13:00:57.159384,,57.159384184,VR2AR-69,549924,2
TEMP,2026-07-11 14:00:00,2026-07-11 14:00:57.197365,,57.197365558,VR2AR-69,549924,11.998,
DEPTH,2026-07-11 14:00:00,2026-07-11 14:00:57.197365,,57.197365558,VR2AR-69,549924,15
ATTITUDE,2026-07-11 14:00:00,2026-07-11 14:00:57.197365,,57.197365558,VR2AR-69,549924,2
TEMP,2026-07-11 15:00:00,2026-07-11 15:00:57.235346,,57.235346933,VR2AR-69,549924,12.35,
DEPTH,2026-07-11 15:00:00,2026-07-11 15:00:57.235346,,57.235346933,VR2AR-69,549924,14
ATTITUDE,2026-07-11 15:00:00,2026-07-11 15:00:57.235346,,57.235346933,VR2AR-69,549924,1
TEMP,2026-07-11 16:00:00,2026-07-11 16:00:57.273328,,57.273328308,VR2AR-69,549924,12.619,
DEPTH,2026-07-11 16:00:00,2026-07-11 16:00:57.273328,,57.273328308,VR2AR-69,549924,13
ATTITUDE,2026-07-11 16:00:00,2026-07-11 16:00:57.273328,,57.273328308,VR2AR-69,549924,1
TEMP,2026-07-11 17:00:00,2026-07-11 17:00:57.311309,,57.311309683,VR2AR-69,549924,12.786,
DEPTH,2026-07-11 17:00:00,2026-07-11 17:00:57.311309,,57.311309683,VR2AR-69,549924,13
ATTITUDE,2026-07-11 17:00:00,2026-07-11 17:00:57.311309,,57.311309683,VR2AR-69,549924,1
TEMP,2026-07-11 18:00:00,2026-07-11 18:00:57.349291,,57.349291058,VR2AR-69,549924,12.994,
DEPTH,2026-07-11 18:00:00,2026-07-11 18:00:57.349291,,57.349291058,VR2AR-69,549924,13
ATTITUDE,2026-07-11 18:00:00,2026-07-11 18:00:57.349291,,57.349291058,VR2AR-69,549924,1
TEMP,2026-07-11 19:00:00,2026-07-11 19:00:57.387272,,57.387272432,VR2AR-69,549924,12.994,
DEPTH,2026-07-11 19:00:00,2026-07-11 19:00:57.387272,,57.387272432,VR2AR-69,549924,13
ATTITUDE,2026-07-11 19:00:00,2026-07-11 19:00:57.387272,,57.387272432,VR2AR-69,549924,1
TEMP,2026-07-11 20:00:00,2026-07-11 20:00:57.425253,,57.425253807,VR2AR-69,549924,12.765,
DEPTH,2026-07-11 20:00:00,2026-07-11 20:00:57.425253,,57.425253807,VR2AR-69,549924,13
ATTITUDE,2026-07-11 20:00:00,2026-07-11 20:00:57.425253,,57.425253807,VR2AR-69,549924,0
TEMP,2026-07-11 21:00:00,2026-07-11 21:00:57.463235,,57.463235182,VR2AR-69,549924,12.744,
DEPTH,2026-07-11 21:00:00,2026-07-11 21:00:57.463235,,57.463235182,VR2AR-69,549924,14
ATTITUDE,2026-07-11 21:00:00,2026-07-11 21:00:57.463235,,57.463235182,VR2AR-69,549924,2
TEMP,2026-07-11 22:00:00,2026-07-11 22:00:57.501216,,57.501216556,VR2AR-69,549924,12.495,
DEPTH,2026-07-11 22:00:00,2026-07-11 22:00:57.501216,,57.501216556,VR2AR-69,549924,15
ATTITUDE,2026-07-11 22:00:00,2026-07-11 22:00:57.501216,,57.501216556,VR2AR-69,549924,2
TEMP,2026-07-11 23:00:00,2026-07-11 23:00:57.539197,,57.539197931,VR2AR-69,549924,11.812,
DEPTH,2026-07-11 23:00:00,2026-07-11 23:00:57.539197,,57.539197931,VR2AR-69,549924,15
ATTITUDE,2026-07-11 23:00:00,2026-07-11 23:00:57.539197,,57.539197931,VR2AR-69,549924,1
TEMP,2026-07-12 00:00:00,2026-07-12 00:00:57.577179,,57.577179307,VR2AR-69,549924,11.895,
DEPTH,2026-07-12 00:00:00,2026-07-12 00:00:57.577179,,57.577179307,VR2AR-69,549924,16
ATTITUDE,2026-07-12 00:00:00,2026-07-12 00:00:57.577179,,57.577179307,VR2AR-69,549924,1
TEMP,2026-07-12 01:00:00,2026-07-12 01:00:57.61516,,57.615160681,VR2AR-69,549924,12.744,
DEPTH,2026-07-12 01:00:00,2026-07-12 01:00:57.61516,,57.615160681,VR2AR-69,549924,16
ATTITUDE,2026-07-12 01:00:00,2026-07-12 01:00:57.61516,,57.615160681,VR2AR-69,549924,1
TEMP,2026-07-12 02:00:00,2026-07-12 02:00:57.653142,,57.653142056,VR2AR-69,549924,12.35,
DEPTH,2026-07-12 02:00:00,2026-07-12 02:00:57.653142,,57.653142056,VR2AR-69,549924,15
ATTITUDE,2026-07-12 02:00:00,2026-07-12 02:00:57.653142,,57.653142056,VR2AR-69,549924,1
TEMP,2026-07-12 03:00:00,2026-07-12 03:00:57.691123,,57.691123430,VR2AR-69,549924,12.661,
DEPTH,2026-07-12 03:00:00,2026-07-12 03:00:57.691123,,57.691123430,VR2AR-69,549924,15
ATTITUDE,2026-07-12 03:00:00,2026-07-12 03:00:57.691123,,57.691123430,VR2AR-69,549924,1
TEMP,2026-07-12 04:00:00,2026-07-12 04:00:57.729104,,57.729104805,VR2AR-69,549924,12.931,
DEPTH,2026-07-12 04:00:00,2026-07-12 04:00:57.729104,,57.729104805,VR2AR-69,549924,14
ATTITUDE,2026-07-12 04:00:00,2026-07-12 04:00:57.729104,,57.729104805,VR2AR-69,549924,2
TEMP,2026-07-12 05:00:00,2026-07-12 05:00:57.767086,,57.767086180,VR2AR-69,549924,12.931,
DEPTH,2026-07-12 05:00:00,2026-07-12 05:00:57.767086,,57.767086180,VR2AR-69,549924,13
ATTITUDE,2026-07-12 05:00:00,2026-07-12 05:00:57.767086,,57.767086180,VR2AR-69,549924,1
TEMP,2026-07-12 06:00:00,2026-07-12 06:00:57.805067,,57.805067555,VR2AR-69,549924,13.035,
DEPTH,2026-07-12 06:00:00,2026-07-12 06:00:57.805067,,57.805067555,VR2AR-69,549924,13
ATTITUDE,2026-07-12 06:00:00,2026-07-12 06:00:57.805067,,57.805067555,VR2AR-69,549924,2
TEMP,2026-07-12 07:00:00,2026-07-12 07:00:57.843048,,57.843048930,VR2AR-69,549924,13.265,
DEPTH,2026-07-12 07:00:00,2026-07-12 07:00:57.843048,,57.843048930,VR2AR-69,549924,12
ATTITUDE,2026-07-12 07:00:00,2026-07-12 07:00:57.843048,,57.843048930,VR2AR-69,549924,2
TEMP,2026-07-12 08:00:00,2026-07-12 08:00:57.88103,,57.881030305,VR2AR-69,549924,13.349,
DEPTH,2026-07-12 08:00:00,2026-07-12 08:00:57.88103,,57.881030305,VR2AR-69,549924,13
ATTITUDE,2026-07-12 08:00:00,2026-07-12 08:00:57.88103,,57.881030305,VR2AR-69,549924,1
TEMP,2026-07-12 09:00:00,2026-07-12 09:00:57.919011,,57.919011679,VR2AR-69,549924,13.202,
DEPTH,2026-07-12 09:00:00,2026-07-12 09:00:57.919011,,57.919011679,VR2AR-69,549924,13
ATTITUDE,2026-07-12 09:00:00,2026-07-12 09:00:57.919011,,57.919011679,VR2AR-69,549924,0
TEMP,2026-07-12 10:00:00,2026-07-12 10:00:57.956993,,57.956993054,VR2AR-69,549924,12.89,
DEPTH,2026-07-12 10:00:00,2026-07-12 10:00:57.956993,,57.956993054,VR2AR-69,549924,14
ATTITUDE,2026-07-12 10:00:00,2026-07-12 10:00:57.956993,,57.956993054,VR2AR-69,549924,1
TEMP,2026-07-12 11:00:00,2026-07-12 11:00:57.994974,,57.994974428,VR2AR-69,549924,11.936,
DEPTH,2026-07-12 11:00:00,2026-07-12 11:00:57.994974,,57.994974428,VR2AR-69,549924,15
ATTITUDE,2026-07-12 11:00:00,2026-07-12 11:00:57.994974,,57.994974428,VR2AR-69,549924,1
TEMP,2026-07-12 12:00:00,2026-07-12 12:00:58.032955,,58.032955803,VR2AR-69,549924,11.853,
DEPTH,2026-07-12 12:00:00,2026-07-12 12:00:58.032955,,58.032955803,VR2AR-69,549924,15
ATTITUDE,2026-07-12 12:00:00,2026-07-12 12:00:58.032955,,58.032955803,VR2AR-69,549924,1
TEMP,2026-07-12 13:00:00,2026-07-12 13:00:58.070937,,58.070937179,VR2AR-69,549924,12.288,
DEPTH,2026-07-12 13:00:00,2026-07-12 13:00:58.070937,,58.070937179,VR2AR-69,549924,16
ATTITUDE,2026-07-12 13:00:00,2026-07-12 13:00:58.070937,,58.070937179,VR2AR-69,549924,2
TEMP,2026-07-12 14:00:00,2026-07-12 14:00:58.108918,,58.108918553,VR2AR-69,549924,12.329,
DEPTH,2026-07-12 14:00:00,2026-07-12 14:00:58.108918,,58.108918553,VR2AR-69,549924,16
ATTITUDE,2026-07-12 14:00:00,2026-07-12 14:00:58.108918,,58.108918553,VR2AR-69,549924,0
TEMP,2026-07-12 15:00:00,2026-07-12 15:00:58.146899,,58.146899928,VR2AR-69,549924,12.143,
DEPTH,2026-07-12 15:00:00,2026-07-12 15:00:58.146899,,58.146899928,VR2AR-69,549924,15
ATTITUDE,2026-07-12 15:00:00,2026-07-12 15:00:58.146899,,58.146899928,VR2AR-69,549924,2
TEMP,2026-07-12 16:00:00,2026-07-12 16:00:58.184881,,58.184881303,VR2AR-69,549924,12.682,
DEPTH,2026-07-12 16:00:00,2026-07-12 16:00:58.184881,,58.184881303,VR2AR-69,549924,15
ATTITUDE,2026-07-12 16:00:00,2026-07-12 16:00:58.184881,,58.184881303,VR2AR-69,549924,2
TEMP,2026-07-12 17:00:00,2026-07-12 17:00:58.222862,,58.222862677,VR2AR-69,549924,12.931,
DEPTH,2026-07-12 17:00:00,2026-07-12 17:00:58.222862,,58.222862677,VR2AR-69,549924,14
ATTITUDE,2026-07-12 17:00:00,2026-07-12 17:00:58.222862,,58.222862677,VR2AR-69,549924,2
TEMP,2026-07-12 18:00:00,2026-07-12 18:00:58.260844,,58.260844052,VR2AR-69,549924,13.015,
DEPTH,2026-07-12 18:00:00,2026-07-12 18:00:58.260844,,58.260844052,VR2AR-69,549924,13
ATTITUDE,2026-07-12 18:00:00,2026-07-12 18:00:58.260844,,58.260844052,VR2AR-69,549924,1
TEMP,2026-07-12 19:00:00,2026-07-12 19:00:58.298825,,58.298825426,VR2AR-69,549924,13.223,
DEPTH,2026-07-12 19:00:00,2026-07-12 19:00:58.298825,,58.298825426,VR2AR-69,549924,13
ATTITUDE,2026-07-12 19:00:00,2026-07-12 19:00:58.298825,,58.298825426,VR2AR-69,549924,1
TEMP,2026-07-12 20:00:00,2026-07-12 20:00:58.336806,,58.336806802,VR2AR-69,549924,13.432,
DEPTH,2026-07-12 20:00:00,2026-07-12 20:00:58.336806,,58.336806802,VR2AR-69,549924,13
ATTITUDE,2026-07-12 20:00:00,2026-07-12 20:00:58.336806,,58.336806802,VR2AR-69,549924,1
TEMP,2026-07-12 21:00:00,2026-07-12 21:00:58.374788,,58.374788177,VR2AR-69,549924,13.015,
DEPTH,2026-07-12 21:00:00,2026-07-12 21:00:58.374788,,58.374788177,VR2AR-69,549924,14
ATTITUDE,2026-07-12 21:00:00,2026-07-12 21:00:58.374788,,58.374788177,VR2AR-69,549924,1
TEMP,2026-07-12 22:00:00,2026-07-12 22:00:58.412769,,58.412769551,VR2AR-69,549924,13.077,
DEPTH,2026-07-12 22:00:00,2026-07-12 22:00:58.412769,,58.412769551,VR2AR-69,549924,14
ATTITUDE,2026-07-12 22:00:00,2026-07-12 22:00:58.412769,,58.412769551,VR2AR-69,549924,1
TEMP,2026-07-12 23:00:00,2026-07-12 23:00:58.45075,,58.450750926,VR2AR-69,549924,12.329,
DEPTH,2026-07-12 23:00:00,2026-07-12 23:00:58.45075,,58.450750926,VR2AR-69,549924,15
ATTITUDE,2026-07-12 23:00:00,2026-07-12 23:00:58.45075,,58.450750926,VR2AR-69,549924,2
TEMP,2026-07-13 00:00:00,2026-07-13 00:00:58.488732,,58.488732300,VR2AR-69,549924,11.874,
DEPTH,2026-07-13 00:00:00,2026-07-13 00:00:58.488732,,58.488732300,VR2AR-69,549924,16
ATTITUDE,2026-07-13 00:00:00,2026-07-13 00:00:58.488732,,58.488732300,VR2AR-69,549924,1
TEMP,2026-07-13 01:00:00,2026-07-13 01:00:58.526713,,58.526713675,VR2AR-69,549924,12.329,
DEPTH,2026-07-13 01:00:00,2026-07-13 01:00:58.526713,,58.526713675,VR2AR-69,549924,16
ATTITUDE,2026-07-13 01:00:00,2026-07-13 01:00:58.526713,,58.526713675,VR2AR-69,549924,1
TEMP,2026-07-13 02:00:00,2026-07-13 02:00:58.564695,,58.564695050,VR2AR-69,549924,12.973,
DEPTH,2026-07-13 02:00:00,2026-07-13 02:00:58.564695,,58.564695050,VR2AR-69,549924,16
ATTITUDE,2026-07-13 02:00:00,2026-07-13 02:00:58.564695,,58.564695050,VR2AR-69,549924,1
TEMP,2026-07-13 03:00:00,2026-07-13 03:00:58.602676,,58.602676425,VR2AR-69,549924,12.869,
DEPTH,2026-07-13 03:00:00,2026-07-13 03:00:58.602676,,58.602676425,VR2AR-69,549924,16
ATTITUDE,2026-07-13 03:00:00,2026-07-13 03:00:58.602676,,58.602676425,VR2AR-69,549924,1
TEMP,2026-07-13 04:00:00,2026-07-13 04:00:58.640657,,58.640657800,VR2AR-69,549924,12.91,
DEPTH,2026-07-13 04:00:00,2026-07-13 04:00:58.640657,,58.640657800,VR2AR-69,549924,15
ATTITUDE,2026-07-13 04:00:00,2026-07-13 04:00:58.640657,,58.640657800,VR2AR-69,549924,1
TEMP,2026-07-13 05:00:00,2026-07-13 05:00:58.678639,,58.678639175,VR2AR-69,549924,13.161,
DEPTH,2026-07-13 05:00:00,2026-07-13 05:00:58.678639,,58.678639175,VR2AR-69,549924,14
ATTITUDE,2026-07-13 05:00:00,2026-07-13 05:00:58.678639,,58.678639175,VR2AR-69,549924,1
TEMP,2026-07-13 06:00:00,2026-07-13 06:00:58.71662,,58.716620549,VR2AR-69,549924,13.161,
DEPTH,2026-07-13 06:00:00,2026-07-13 06:00:58.71662,,58.716620549,VR2AR-69,549924,13
ATTITUDE,2026-07-13 06:00:00,2026-07-13 06:00:58.71662,,58.716620549,VR2AR-69,549924,1
TEMP,2026-07-13 07:00:00,2026-07-13 07:00:58.754601,,58.754601924,VR2AR-69,549924,13.265,
DEPTH,2026-07-13 07:00:00,2026-07-13 07:00:58.754601,,58.754601924,VR2AR-69,549924,13
ATTITUDE,2026-07-13 07:00:00,2026-07-13 07:00:58.754601,,58.754601924,VR2AR-69,549924,1
TEMP,2026-07-13 08:00:00,2026-07-13 08:00:58.792583,,58.792583298,VR2AR-69,549924,13.328,
DEPTH,2026-07-13 08:00:00,2026-07-13 08:00:58.792583,,58.792583298,VR2AR-69,549924,13
ATTITUDE,2026-07-13 08:00:00,2026-07-13 08:00:58.792583,,58.792583298,VR2AR-69,549924,2
TEMP,2026-07-13 09:00:00,2026-07-13 09:00:58.830564,,58.830564673,VR2AR-69,549924,13.432,
DEPTH,2026-07-13 09:00:00,2026-07-13 09:00:58.830564,,58.830564673,VR2AR-69,549924,13
ATTITUDE,2026-07-13 09:00:00,2026-07-13 09:00:58.830564,,58.830564673,VR2AR-69,549924,1
TEMP,2026-07-13 10:00:00,2026-07-13 10:00:58.868546,,58.868546049,VR2AR-69,549924,13.328,
DEPTH,2026-07-13 10:00:00,2026-07-13 10:00:58.868546,,58.868546049,VR2AR-69,549924,13
ATTITUDE,2026-07-13 10:00:00,2026-07-13 10:00:58.868546,,58.868546049,VR2AR-69,549924,1
TEMP,2026-07-13 11:00:00,2026-07-13 11:00:58.906527,,58.906527423,VR2AR-69,549924,13.056,
DEPTH,2026-07-13 11:00:00,2026-07-13 11:00:58.906527,,58.906527423,VR2AR-69,549924,14
ATTITUDE,2026-07-13 11:00:00,2026-07-13 11:00:58.906527,,58.906527423,VR2AR-69,549924,1
TEMP,2026-07-13 12:00:00,2026-07-13 12:00:58.944508,,58.944508798,VR2AR-69,549924,12.039,
DEPTH,2026-07-13 12:00:00,2026-07-13 12:00:58.944508,,58.944508798,VR2AR-69,549924,15
ATTITUDE,2026-07-13 12:00:00,2026-07-13 12:00:58.944508,,58.944508798,VR2AR-69,549924,1
TEMP,2026-07-13 13:00:00,2026-07-13 13:00:58.98249,,58.982490173,VR2AR-69,549924,11.895,
DEPTH,2026-07-13 13:00:00,2026-07-13 13:00:58.98249,,58.982490173,VR2AR-69,549924,16
ATTITUDE,2026-07-13 13:00:00,2026-07-13 13:00:58.98249,,58.982490173,VR2AR-69,549924,2
TEMP,2026-07-13 14:00:00,2026-07-13 14:00:59.020471,,59.020471547,VR2AR-69,549924,12.599,
DEPTH,2026-07-13 14:00:00,2026-07-13 14:00:59.020471,,59.020471547,VR2AR-69,549924,16
ATTITUDE,2026-07-13 14:00:00,2026-07-13 14:00:59.020471,,59.020471547,VR2AR-69,549924,1
TEMP,2026-07-13 15:00:00,2026-07-13 15:00:59.058452,,59.058452922,VR2AR-69,549924,12.308,
DEPTH,2026-07-13 15:00:00,2026-07-13 15:00:59.058452,,59.058452922,VR2AR-69,549924,16
ATTITUDE,2026-07-13 15:00:00,2026-07-13 15:00:59.058452,,59.058452922,VR2AR-69,549924,1
TEMP,2026-07-13 16:00:00,2026-07-13 16:00:59.096434,,59.096434297,VR2AR-69,549924,12.143,
DEPTH,2026-07-13 16:00:00,2026-07-13 16:00:59.096434,,59.096434297,VR2AR-69,549924,15
ATTITUDE,2026-07-13 16:00:00,2026-07-13 16:00:59.096434,,59.096434297,VR2AR-69,549924,2
TEMP,2026-07-13 17:00:00,2026-07-13 17:00:59.134415,,59.134415672,VR2AR-69,549924,12.682,
DEPTH,2026-07-13 17:00:00,2026-07-13 17:00:59.134415,,59.134415672,VR2AR-69,549924,15
ATTITUDE,2026-07-13 17:00:00,2026-07-13 17:00:59.134415,,59.134415672,VR2AR-69,549924,1
TEMP,2026-07-13 18:00:00,2026-07-13 18:00:59.172397,,59.172397047,VR2AR-69,549924,13.119,
DEPTH,2026-07-13 18:00:00,2026-07-13 18:00:59.172397,,59.172397047,VR2AR-69,549924,14
ATTITUDE,2026-07-13 18:00:00,2026-07-13 18:00:59.172397,,59.172397047,VR2AR-69,549924,1
TEMP,2026-07-13 19:00:00,2026-07-13 19:00:59.210378,,59.210378421,VR2AR-69,549924,13.223,
DEPTH,2026-07-13 19:00:00,2026-07-13 19:00:59.210378,,59.210378421,VR2AR-69,549924,13
ATTITUDE,2026-07-13 19:00:00,2026-07-13 19:00:59.210378,,59.210378421,VR2AR-69,549924,1
TEMP,2026-07-13 20:00:00,2026-07-13 20:00:59.248359,,59.248359796,VR2AR-69,549924,13.411,
DEPTH,2026-07-13 20:00:00,2026-07-13 20:00:59.248359,,59.248359796,VR2AR-69,549924,13
ATTITUDE,2026-07-13 20:00:00,2026-07-13 20:00:59.248359,,59.248359796,VR2AR-69,549924,2
TEMP,2026-07-13 21:00:00,2026-07-13 21:00:59.286341,,59.286341171,VR2AR-69,549924,13.6,
DEPTH,2026-07-13 21:00:00,2026-07-13 21:00:59.286341,,59.286341171,VR2AR-69,549924,13
ATTITUDE,2026-07-13 21:00:00,2026-07-13 21:00:59.286341,,59.286341171,VR2AR-69,549924,2
TEMP,2026-07-13 22:00:00,2026-07-13 22:00:59.324322,,59.324322545,VR2AR-69,549924,13.453,
DEPTH,2026-07-13 22:00:00,2026-07-13 22:00:59.324322,,59.324322545,VR2AR-69,549924,13
ATTITUDE,2026-07-13 22:00:00,2026-07-13 22:00:59.324322,,59.324322545,VR2AR-69,549924,1
TEMP,2026-07-13 23:00:00,2026-07-13 23:00:59.362303,,59.362303921,VR2AR-69,549924,13.286,
DEPTH,2026-07-13 23:00:00,2026-07-13 23:00:59.362303,,59.362303921,VR2AR-69,549924,14
ATTITUDE,2026-07-13 23:00:00,2026-07-13 23:00:59.362303,,59.362303921,VR2AR-69,549924,1
TEMP,2026-07-14 00:00:00,2026-07-14 00:00:59.400285,,59.400285295,VR2AR-69,549924,12.412,
DEPTH,2026-07-14 00:00:00,2026-07-14 00:00:59.400285,,59.400285295,VR2AR-69,549924,15
ATTITUDE,2026-07-14 00:00:00,2026-07-14 00:00:59.400285,,59.400285295,VR2AR-69,549924,1
TEMP,2026-07-14 01:00:00,2026-07-14 01:00:59.438266,,59.438266670,VR2AR-69,549924,11.73,
DEPTH,2026-07-14 01:00:00,2026-07-14 01:00:59.438266,,59.438266670,VR2AR-69,549924,16
ATTITUDE,2026-07-14 01:00:00,2026-07-14 01:00:59.438266,,59.438266670,VR2AR-69,549924,2
TEMP,2026-07-14 02:00:00,2026-07-14 02:00:59.476248,,59.476248045,VR2AR-69,549924,11.853,
DEPTH,2026-07-14 02:00:00,2026-07-14 02:00:59.476248,,59.476248045,VR2AR-69,549924,16
ATTITUDE,2026-07-14 02:00:00,2026-07-14 02:00:59.476248,,59.476248045,VR2AR-69,549924,2
TEMP,2026-07-14 03:00:00,2026-07-14 03:00:59.514229,,59.514229419,VR2AR-69,549924,12.412,
DEPTH,2026-07-14 03:00:00,2026-07-14 03:00:59.514229,,59.514229419,VR2AR-69,549924,16
ATTITUDE,2026-07-14 03:00:00,2026-07-14 03:00:59.514229,,59.514229419,VR2AR-69,549924,3
TEMP,2026-07-14 04:00:00,2026-07-14 04:00:59.55221,,59.552210794,VR2AR-69,549924,12.516,
DEPTH,2026-07-14 04:00:00,2026-07-14 04:00:59.55221,,59.552210794,VR2AR-69,549924,16
ATTITUDE,2026-07-14 04:00:00,2026-07-14 04:00:59.55221,,59.552210794,VR2AR-69,549924,0
TEMP,2026-07-14 05:00:00,2026-07-14 05:00:59.590192,,59.590192169,VR2AR-69,549924,12.848,
DEPTH,2026-07-14 05:00:00,2026-07-14 05:00:59.590192,,59.590192169,VR2AR-69,549924,15
ATTITUDE,2026-07-14 05:00:00,2026-07-14 05:00:59.590192,,59.590192169,VR2AR-69,549924,3
TEMP,2026-07-14 06:00:00,2026-07-14 06:00:59.628173,,59.628173544,VR2AR-69,549924,13.265,
DEPTH,2026-07-14 06:00:00,2026-07-14 06:00:59.628173,,59.628173544,VR2AR-69,549924,14
ATTITUDE,2026-07-14 06:00:00,2026-07-14 06:00:59.628173,,59.628173544,VR2AR-69,549924,3
TEMP,2026-07-14 07:00:00,2026-07-14 07:00:59.666154,,59.666154919,VR2AR-69,549924,13.286,
DEPTH,2026-07-14 07:00:00,2026-07-14 07:00:59.666154,,59.666154919,VR2AR-69,549924,13
ATTITUDE,2026-07-14 07:00:00,2026-07-14 07:00:59.666154,,59.666154919,VR2AR-69,549924,1
TEMP,2026-07-14 08:00:00,2026-07-14 08:00:59.704136,,59.704136293,VR2AR-69,549924,13.453,
DEPTH,2026-07-14 08:00:00,2026-07-14 08:00:59.704136,,59.704136293,VR2AR-69,549924,13
ATTITUDE,2026-07-14 08:00:00,2026-07-14 08:00:59.704136,,59.704136293,VR2AR-69,549924,3
TEMP,2026-07-14 09:00:00,2026-07-14 09:00:59.742117,,59.742117668,VR2AR-69,549924,13.558,
DEPTH,2026-07-14 09:00:00,2026-07-14 09:00:59.742117,,59.742117668,VR2AR-69,549924,12
ATTITUDE,2026-07-14 09:00:00,2026-07-14 09:00:59.742117,,59.742117668,VR2AR-69,549924,2
TEMP,2026-07-14 10:00:00,2026-07-14 10:00:59.780099,,59.780099043,VR2AR-69,549924,13.663,
DEPTH,2026-07-14 10:00:00,2026-07-14 10:00:59.780099,,59.780099043,VR2AR-69,549924,13
ATTITUDE,2026-07-14 10:00:00,2026-07-14 10:00:59.780099,,59.780099043,VR2AR-69,549924,0
TEMP,2026-07-14 11:00:00,2026-07-14 11:00:59.81808,,59.818080417,VR2AR-69,549924,13.6,
DEPTH,2026-07-14 11:00:00,2026-07-14 11:00:59.81808,,59.818080417,VR2AR-69,549924,13
ATTITUDE,2026-07-14 11:00:00,2026-07-14 11:00:59.81808,,59.818080417,VR2AR-69,549924,1
TEMP,2026-07-14 12:00:00,2026-07-14 12:00:59.856061,,59.856061792,VR2AR-69,549924,12.599,
DEPTH,2026-07-14 12:00:00,2026-07-14 12:00:59.856061,,59.856061792,VR2AR-69,549924,14
ATTITUDE,2026-07-14 12:00:00,2026-07-14 12:00:59.856061,,59.856061792,VR2AR-69,549924,0
TEMP,2026-07-14 13:00:00,2026-07-14 13:00:59.894043,,59.894043168,VR2AR-69,549924,11.833,
DEPTH,2026-07-14 13:00:00,2026-07-14 13:00:59.894043,,59.894043168,VR2AR-69,549924,15
ATTITUDE,2026-07-14 13:00:00,2026-07-14 13:00:59.894043,,59.894043168,VR2AR-69,549924,1
TEMP,2026-07-14 14:00:00,2026-07-14 14:00:59.932024,,59.932024542,VR2AR-69,549924,11.318,
DEPTH,2026-07-14 14:00:00,2026-07-14 14:00:59.932024,,59.932024542,VR2AR-69,549924,16
ATTITUDE,2026-07-14 14:00:00,2026-07-14 14:00:59.932024,,59.932024542,VR2AR-69,549924,3
TEMP,2026-07-14 15:00:00,2026-07-14 15:00:59.970005,,59.970005917,VR2AR-69,549924,11.236,
DEPTH,2026-07-14 15:00:00,2026-07-14 15:00:59.970005,,59.970005917,VR2AR-69,549924,16
ATTITUDE,2026-07-14 15:00:00,2026-07-14 15:00:59.970005,,59.970005917,VR2AR-69,549924,2
TEMP,2026-07-14 16:00:00,2026-07-14 16:01:00.007987,,60.007987291,VR2AR-69,549924,11.689,
DEPTH,2026-07-14 16:00:00,2026-07-14 16:01:00.007987,,60.007987291,VR2AR-69,549924,16
ATTITUDE,2026-07-14 16:00:00,2026-07-14 16:01:00.007987,,60.007987291,VR2AR-69,549924,1
TEMP,2026-07-14 17:00:00,2026-07-14 17:01:00.045968,,60.045968666,VR2AR-69,549924,11.606,
DEPTH,2026-07-14 17:00:00,2026-07-14 17:01:00.045968,,60.045968666,VR2AR-69,549924,15
ATTITUDE,2026-07-14 17:00:00,2026-07-14 17:01:00.045968,,60.045968666,VR2AR-69,549924,1
TEMP,2026-07-14 18:00:00,2026-07-14 18:01:00.08395,,60.083950041,VR2AR-69,549924,12.536,
DEPTH,2026-07-14 18:00:00,2026-07-14 18:01:00.08395,,60.083950041,VR2AR-69,549924,15
ATTITUDE,2026-07-14 18:00:00,2026-07-14 18:01:00.08395,,60.083950041,VR2AR-69,549924,0
TEMP,2026-07-14 19:00:00,2026-07-14 19:01:00.121931,,60.121931415,VR2AR-69,549924,12.827,
DEPTH,2026-07-14 19:00:00,2026-07-14 19:01:00.121931,,60.121931415,VR2AR-69,549924,14
ATTITUDE,2026-07-14 19:00:00,2026-07-14 19:01:00.121931,,60.121931415,VR2AR-69,549924,1
TEMP,2026-07-14 20:00:00,2026-07-14 20:01:00.159912,,60.159912791,VR2AR-69,549924,12.994,
DEPTH,2026-07-14 20:00:00,2026-07-14 20:01:00.159912,,60.159912791,VR2AR-69,549924,13
ATTITUDE,2026-07-14 20:00:00,2026-07-14 20:01:00.159912,,60.159912791,VR2AR-69,549924,1
TEMP,2026-07-14 21:00:00,2026-07-14 21:01:00.197894,,60.197894166,VR2AR-69,549924,13.265,
DEPTH,2026-07-14 21:00:00,2026-07-14 21:01:00.197894,,60.197894166,VR2AR-69,549924,13
ATTITUDE,2026-07-14 21:00:00,2026-07-14 21:01:00.197894,,60.197894166,VR2AR-69,549924,3
TEMP,2026-07-14 22:00:00,2026-07-14 22:01:00.235875,,60.235875540,VR2AR-69,549924,13.223,
DEPTH,2026-07-14 22:00:00,2026-07-14 22:01:00.235875,,60.235875540,VR2AR-69,549924,13
ATTITUDE,2026-07-14 22:00:00,2026-07-14 22:01:00.235875,,60.235875540,VR2AR-69,549924,3
TEMP,2026-07-14 23:00:00,2026-07-14 23:01:00.273856,,60.273856915,VR2AR-69,549924,13.182,
DEPTH,2026-07-14 23:00:00,2026-07-14 23:01:00.273856,,60.273856915,VR2AR-69,549924,13
ATTITUDE,2026-07-14 23:00:00,2026-07-14 23:01:00.273856,,60.273856915,VR2AR-69,549924,2
TEMP,2026-07-15 00:00:00,2026-07-15 00:01:00.311838,,60.311838289,VR2AR-69,549924,12.952,
DEPTH,2026-07-15 00:00:00,2026-07-15 00:01:00.311838,,60.311838289,VR2AR-69,549924,14
ATTITUDE,2026-07-15 00:00:00,2026-07-15 00:01:00.311838,,60.311838289,VR2AR-69,549924,1
TEMP,2026-07-15 01:00:00,2026-07-15 01:01:00.349819,,60.349819664,VR2AR-69,549924,11.771,
DEPTH,2026-07-15 01:00:00,2026-07-15 01:01:00.349819,,60.349819664,VR2AR-69,549924,15
ATTITUDE,2026-07-15 01:00:00,2026-07-15 01:01:00.349819,,60.349819664,VR2AR-69,549924,2
TEMP,2026-07-15 02:00:00,2026-07-15 02:01:00.387801,,60.387801039,VR2AR-69,549924,11.544,
DEPTH,2026-07-15 02:00:00,2026-07-15 02:01:00.387801,,60.387801039,VR2AR-69,549924,16
ATTITUDE,2026-07-15 02:00:00,2026-07-15 02:01:00.387801,,60.387801039,VR2AR-69,549924,1
TEMP,2026-07-15 03:00:00,2026-07-15 03:01:00.425782,,60.425782414,VR2AR-69,549924,11.298,
DEPTH,2026-07-15 03:00:00,2026-07-15 03:01:00.425782,,60.425782414,VR2AR-69,549924,16
ATTITUDE,2026-07-15 03:00:00,2026-07-15 03:01:00.425782,,60.425782414,VR2AR-69,549924,1
TEMP,2026-07-15 04:00:00,2026-07-15 04:01:00.463763,,60.463763789,VR2AR-69,549924,11.689,
DEPTH,2026-07-15 04:00:00,2026-07-15 04:01:00.463763,,60.463763789,VR2AR-69,549924,16
ATTITUDE,2026-07-15 04:00:00,2026-07-15 04:01:00.463763,,60.463763789,VR2AR-69,549924,1
TEMP,2026-07-15 05:00:00,2026-07-15 05:01:00.501745,,60.501745163,VR2AR-69,549924,11.874,
DEPTH,2026-07-15 05:00:00,2026-07-15 05:01:00.501745,,60.501745163,VR2AR-69,549924,16
ATTITUDE,2026-07-15 05:00:00,2026-07-15 05:01:00.501745,,60.501745163,VR2AR-69,549924,1
TEMP,2026-07-15 06:00:00,2026-07-15 06:01:00.539726,,60.539726538,VR2AR-69,549924,12.308,
DEPTH,2026-07-15 06:00:00,2026-07-15 06:01:00.539726,,60.539726538,VR2AR-69,549924,15
ATTITUDE,2026-07-15 06:00:00,2026-07-15 06:01:00.539726,,60.539726538,VR2AR-69,549924,1
TEMP,2026-07-15 07:00:00,2026-07-15 07:01:00.577707,,60.577707913,VR2AR-69,549924,12.557,
DEPTH,2026-07-15 07:00:00,2026-07-15 07:01:00.577707,,60.577707913,VR2AR-69,549924,14
ATTITUDE,2026-07-15 07:00:00,2026-07-15 07:01:00.577707,,60.577707913,VR2AR-69,549924,2
TEMP,2026-07-15 08:00:00,2026-07-15 08:01:00.615689,,60.615689287,VR2AR-69,549924,12.661,
DEPTH,2026-07-15 08:00:00,2026-07-15 08:01:00.615689,,60.615689287,VR2AR-69,549924,13
ATTITUDE,2026-07-15 08:00:00,2026-07-15 08:01:00.615689,,60.615689287,VR2AR-69,549924,2
TEMP,2026-07-15 09:00:00,2026-07-15 09:01:00.65367,,60.653670663,VR2AR-69,549924,12.827,
DEPTH,2026-07-15 09:00:00,2026-07-15 09:01:00.65367,,60.653670663,VR2AR-69,549924,13
ATTITUDE,2026-07-15 09:00:00,2026-07-15 09:01:00.65367,,60.653670663,VR2AR-69,549924,1
TEMP,2026-07-15 10:00:00,2026-07-15 10:01:00.691652,,60.691652038,VR2AR-69,549924,12.952,
DEPTH,2026-07-15 10:00:00,2026-07-15 10:01:00.691652,,60.691652038,VR2AR-69,549924,12
ATTITUDE,2026-07-15 10:00:00,2026-07-15 10:01:00.691652,,60.691652038,VR2AR-69,549924,1
TEMP,2026-07-15 11:00:00,2026-07-15 11:01:00.729633,,60.729633412,VR2AR-69,549924,12.994,
DEPTH,2026-07-15 11:00:00,2026-07-15 11:01:00.729633,,60.729633412,VR2AR-69,549924,13
ATTITUDE,2026-07-15 11:00:00,2026-07-15 11:01:00.729633,,60.729633412,VR2AR-69,549924,1
TEMP,2026-07-15 12:00:00,2026-07-15 12:01:00.767614,,60.767614787,VR2AR-69,549924,12.931,
DEPTH,2026-07-15 12:00:00,2026-07-15 12:01:00.767614,,60.767614787,VR2AR-69,549924,13
ATTITUDE,2026-07-15 12:00:00,2026-07-15 12:01:00.767614,,60.767614787,VR2AR-69,549924,2
TEMP,2026-07-15 13:00:00,2026-07-15 13:01:00.805596,,60.805596161,VR2AR-69,549924,12.35,
DEPTH,2026-07-15 13:00:00,2026-07-15 13:01:00.805596,,60.805596161,VR2AR-69,549924,14
ATTITUDE,2026-07-15 13:00:00,2026-07-15 13:01:00.805596,,60.805596161,VR2AR-69,549924,1
TEMP,2026-07-15 14:00:00,2026-07-15 14:01:00.843577,,60.843577536,VR2AR-69,549924,11.915,
DEPTH,2026-07-15 14:00:00,2026-07-15 14:01:00.843577,,60.843577536,VR2AR-69,549924,15
ATTITUDE,2026-07-15 14:00:00,2026-07-15 14:01:00.843577,,60.843577536,VR2AR-69,549924,1
TEMP,2026-07-15 15:00:00,2026-07-15 15:01:00.881558,,60.881558911,VR2AR-69,549924,11.277,
DEPTH,2026-07-15 15:00:00,2026-07-15 15:01:00.881558,,60.881558911,VR2AR-69,549924,16
ATTITUDE,2026-07-15 15:00:00,2026-07-15 15:01:00.881558,,60.881558911,VR2AR-69,549924,2
TEMP,2026-07-15 16:00:00,2026-07-15 16:01:00.91954,,60.919540286,VR2AR-69,549924,10.888,
DEPTH,2026-07-15 16:00:00,2026-07-15 16:01:00.91954,,60.919540286,VR2AR-69,549924,16
ATTITUDE,2026-07-15 16:00:00,2026-07-15 16:01:00.91954,,60.919540286,VR2AR-69,549924,2
TEMP,2026-07-15 17:00:00,2026-07-15 17:01:00.957521,,60.957521661,VR2AR-69,549924,11.113,
DEPTH,2026-07-15 17:00:00,2026-07-15 17:01:00.957521,,60.957521661,VR2AR-69,549924,16
ATTITUDE,2026-07-15 17:00:00,2026-07-15 17:01:00.957521,,60.957521661,VR2AR-69,549924,2
TEMP,2026-07-15 18:00:00,2026-07-15 18:01:00.995503,,60.995503036,VR2AR-69,549924,11.318,
DEPTH,2026-07-15 18:00:00,2026-07-15 18:01:00.995503,,60.995503036,VR2AR-69,549924,15
ATTITUDE,2026-07-15 18:00:00,2026-07-15 18:01:00.995503,,60.995503036,VR2AR-69,549924,3
TEMP,2026-07-15 19:00:00,2026-07-15 19:01:01.033484,,61.033484410,VR2AR-69,549924,11.957,
DEPTH,2026-07-15 19:00:00,2026-07-15 19:01:01.033484,,61.033484410,VR2AR-69,549924,15
ATTITUDE,2026-07-15 19:00:00,2026-07-15 19:01:01.033484,,61.033484410,VR2AR-69,549924,1
TEMP,2026-07-15 20:00:00,2026-07-15 20:01:01.071465,,61.071465785,VR2AR-69,549924,12.329,
DEPTH,2026-07-15 20:00:00,2026-07-15 20:01:01.071465,,61.071465785,VR2AR-69,549924,14
ATTITUDE,2026-07-15 20:00:00,2026-07-15 20:01:01.071465,,61.071465785,VR2AR-69,549924,2
TEMP,2026-07-15 21:00:00,2026-07-15 21:01:01.109447,,61.109447159,VR2AR-69,549924,12.516,
DEPTH,2026-07-15 21:00:00,2026-07-15 21:01:01.109447,,61.109447159,VR2AR-69,549924,13
ATTITUDE,2026-07-15 21:00:00,2026-07-15 21:01:01.109447,,61.109447159,VR2AR-69,549924,1
TEMP,2026-07-15 22:00:00,2026-07-15 22:01:01.147428,,61.147428534,VR2AR-69,549924,12.786,
DEPTH,2026-07-15 22:00:00,2026-07-15 22:01:01.147428,,61.147428534,VR2AR-69,549924,13
ATTITUDE,2026-07-15 22:00:00,2026-07-15 22:01:01.147428,,61.147428534,VR2AR-69,549924,3
TEMP,2026-07-15 23:00:00,2026-07-15 23:01:01.185409,,61.185409910,VR2AR-69,549924,12.89,
DEPTH,2026-07-15 23:00:00,2026-07-15 23:01:01.185409,,61.185409910,VR2AR-69,549924,13
ATTITUDE,2026-07-15 23:00:00,2026-07-15 23:01:01.185409,,61.185409910,VR2AR-69,549924,1
TEMP,2026-07-16 00:00:00,2026-07-16 00:01:01.223391,,61.223391284,VR2AR-69,549924,12.682,
DEPTH,2026-07-16 00:00:00,2026-07-16 00:01:01.223391,,61.223391284,VR2AR-69,549924,13
ATTITUDE,2026-07-16 00:00:00,2026-07-16 00:01:01.223391,,61.223391284,VR2AR-69,549924,1
TEMP,2026-07-16 01:00:00,2026-07-16 01:01:01.261372,,61.261372659,VR2AR-69,549924,12.516,
DEPTH,2026-07-16 01:00:00,2026-07-16 01:01:01.261372,,61.261372659,VR2AR-69,549924,14
ATTITUDE,2026-07-16 01:00:00,2026-07-16 01:01:01.261372,,61.261372659,VR2AR-69,549924,2
TEMP,2026-07-16 02:00:00,2026-07-16 02:01:01.299354,,61.299354034,VR2AR-69,549924,11.936,
DEPTH,2026-07-16 02:00:00,2026-07-16 02:01:01.299354,,61.299354034,VR2AR-69,549924,15
ATTITUDE,2026-07-16 02:00:00,2026-07-16 02:01:01.299354,,61.299354034,VR2AR-69,549924,1
TEMP,2026-07-16 03:00:00,2026-07-16 03:01:01.337335,,61.337335408,VR2AR-69,549924,11.668,
DEPTH,2026-07-16 03:00:00,2026-07-16 03:01:01.337335,,61.337335408,VR2AR-69,549924,16
ATTITUDE,2026-07-16 03:00:00,2026-07-16 03:01:01.337335,,61.337335408,VR2AR-69,549924,2
TEMP,2026-07-16 04:00:00,2026-07-16 04:01:01.375316,,61.375316783,VR2AR-69,549924,11.298,
DEPTH,2026-07-16 04:00:00,2026-07-16 04:01:01.375316,,61.375316783,VR2AR-69,549924,16
ATTITUDE,2026-07-16 04:00:00,2026-07-16 04:01:01.375316,,61.375316783,VR2AR-69,549924,2
TEMP,2026-07-16 05:00:00,2026-07-16 05:01:01.413298,,61.413298157,VR2AR-69,549924,11.339,
DEPTH,2026-07-16 05:00:00,2026-07-16 05:01:01.413298,,61.413298157,VR2AR-69,549924,16
ATTITUDE,2026-07-16 05:00:00,2026-07-16 05:01:01.413298,,61.413298157,VR2AR-69,549924,1
TEMP,2026-07-16 06:00:00,2026-07-16 06:01:01.451279,,61.451279533,VR2AR-69,549924,11.689,
DEPTH,2026-07-16 06:00:00,2026-07-16 06:01:01.451279,,61.451279533,VR2AR-69,549924,16
ATTITUDE,2026-07-16 06:00:00,2026-07-16 06:01:01.451279,,61.451279533,VR2AR-69,549924,2
TEMP,2026-07-16 07:00:00,2026-07-16 07:01:01.48926,,61.489260908,VR2AR-69,549924,12.101,
DEPTH,2026-07-16 07:00:00,2026-07-16 07:01:01.48926,,61.489260908,VR2AR-69,549924,15
ATTITUDE,2026-07-16 07:00:00,2026-07-16 07:01:01.48926,,61.489260908,VR2AR-69,549924,2
TEMP,2026-07-16 08:00:00,2026-07-16 08:01:01.527242,,61.527242282,VR2AR-69,549924,12.37,
DEPTH,2026-07-16 08:00:00,2026-07-16 08:01:01.527242,,61.527242282,VR2AR-69,549924,14
ATTITUDE,2026-07-16 08:00:00,2026-07-16 08:01:01.527242,,61.527242282,VR2AR-69,549924,1
TEMP,2026-07-16 09:00:00,2026-07-16 09:01:01.565223,,61.565223657,VR2AR-69,549924,12.391,
DEPTH,2026-07-16 09:00:00,2026-07-16 09:01:01.565223,,61.565223657,VR2AR-69,549924,13
ATTITUDE,2026-07-16 09:00:00,2026-07-16 09:01:01.565223,,61.565223657,VR2AR-69,549924,1
TEMP,2026-07-16 10:00:00,2026-07-16 10:01:01.603205,,61.603205032,VR2AR-69,549924,12.433,
DEPTH,2026-07-16 10:00:00,2026-07-16 10:01:01.603205,,61.603205032,VR2AR-69,549924,13
ATTITUDE,2026-07-16 10:00:00,2026-07-16 10:01:01.603205,,61.603205032,VR2AR-69,549924,2
TEMP,2026-07-16 11:00:00,2026-07-16 11:01:01.641186,,61.641186406,VR2AR-69,549924,12.474,
DEPTH,2026-07-16 11:00:00,2026-07-16 11:01:01.641186,,61.641186406,VR2AR-69,549924,13
ATTITUDE,2026-07-16 11:00:00,2026-07-16 11:01:01.641186,,61.641186406,VR2AR-69,549924,2
TEMP,2026-07-16 12:00:00,2026-07-16 12:01:01.679167,,61.679167781,VR2AR-69,549924,12.474,
DEPTH,2026-07-16 12:00:00,2026-07-16 12:01:01.679167,,61.679167781,VR2AR-69,549924,13
ATTITUDE,2026-07-16 12:00:00,2026-07-16 12:01:01.679167,,61.679167781,VR2AR-69,549924,2
TEMP,2026-07-16 13:00:00,2026-07-16 13:01:01.717149,,61.717149156,VR2AR-69,549924,12.433,
DEPTH,2026-07-16 13:00:00,2026-07-16 13:01:01.717149,,61.717149156,VR2AR-69,549924,13
ATTITUDE,2026-07-16 13:00:00,2026-07-16 13:01:01.717149,,61.717149156,VR2AR-69,549924,2
TEMP,2026-07-16 14:00:00,2026-07-16 14:01:01.75513,,61.755130531,VR2AR-69,549924,12.37,
DEPTH,2026-07-16 14:00:00,2026-07-16 14:01:01.75513,,61.755130531,VR2AR-69,549924,14
ATTITUDE,2026-07-16 14:00:00,2026-07-16 14:01:01.75513,,61.755130531,VR2AR-69,549924,2
TEMP,2026-07-16 15:00:00,2026-07-16 15:01:01.793111,,61.793111906,VR2AR-69,549924,12.143,
DEPTH,2026-07-16 15:00:00,2026-07-16 15:01:01.793111,,61.793111906,VR2AR-69,549924,15
ATTITUDE,2026-07-16 15:00:00,2026-07-16 15:01:01.793111,,61.793111906,VR2AR-69,549924,2
TEMP,2026-07-16 16:00:00,2026-07-16 16:01:01.831093,,61.831093280,VR2AR-69,549924,11.647,
DEPTH,2026-07-16 16:00:00,2026-07-16 16:01:01.831093,,61.831093280,VR2AR-69,549924,16
ATTITUDE,2026-07-16 16:00:00,2026-07-16 16:01:01.831093,,61.831093280,VR2AR-69,549924,0
TEMP,2026-07-16 17:00:00,2026-07-16 17:01:01.869074,,61.869074655,VR2AR-69,549924,11.442,
DEPTH,2026-07-16 17:00:00,2026-07-16 17:01:01.869074,,61.869074655,VR2AR-69,549924,16
ATTITUDE,2026-07-16 17:00:00,2026-07-16 17:01:01.869074,,61.869074655,VR2AR-69,549924,1
TEMP,2026-07-16 18:00:00,2026-07-16 18:01:01.907056,,61.907056030,VR2AR-69,549924,11.73,
DEPTH,2026-07-16 18:00:00,2026-07-16 18:01:01.907056,,61.907056030,VR2AR-69,549924,16
ATTITUDE,2026-07-16 18:00:00,2026-07-16 18:01:01.907056,,61.907056030,VR2AR-69,549924,1
TEMP,2026-07-16 19:00:00,2026-07-16 19:01:01.945037,,61.945037405,VR2AR-69,549924,11.771,
DEPTH,2026-07-16 19:00:00,2026-07-16 19:01:01.945037,,61.945037405,VR2AR-69,549924,15
ATTITUDE,2026-07-16 19:00:00,2026-07-16 19:01:01.945037,,61.945037405,VR2AR-69,549924,1
TEMP,2026-07-16 20:00:00,2026-07-16 20:01:01.983018,,61.983018780,VR2AR-69,549924,12.308,
DEPTH,2026-07-16 20:00:00,2026-07-16 20:01:01.983018,,61.983018780,VR2AR-69,549924,15
ATTITUDE,2026-07-16 20:00:00,2026-07-16 20:01:01.983018,,61.983018780,VR2AR-69,549924,1
TEMP,2026-07-16 21:00:00,2026-07-16 21:01:02.021,,62.021000154,VR2AR-69,549924,12.412,
DEPTH,2026-07-16 21:00:00,2026-07-16 21:01:02.021,,62.021000154,VR2AR-69,549924,14
ATTITUDE,2026-07-16 21:00:00,2026-07-16 21:01:02.021,,62.021000154,VR2AR-69,549924,1
TEMP,2026-07-16 22:00:00,2026-07-16 22:01:02.058981,,62.058981529,VR2AR-69,549924,12.433,
DEPTH,2026-07-16 22:00:00,2026-07-16 22:01:02.058981,,62.058981529,VR2AR-69,549924,13
ATTITUDE,2026-07-16 22:00:00,2026-07-16 22:01:02.058981,,62.058981529,VR2AR-69,549924,1
TEMP,2026-07-16 23:00:00,2026-07-16 23:01:02.096962,,62.096962904,VR2AR-69,549924,12.599,
DEPTH,2026-07-16 23:00:00,2026-07-16 23:01:02.096962,,62.096962904,VR2AR-69,549924,13
ATTITUDE,2026-07-16 23:00:00,2026-07-16 23:01:02.096962,,62.096962904,VR2AR-69,549924,2
TEMP,2026-07-17 00:00:00,2026-07-17 00:01:02.134944,,62.134944278,VR2AR-69,549924,12.599,
DEPTH,2026-07-17 00:00:00,2026-07-17 00:01:02.134944,,62.134944278,VR2AR-69,549924,13
ATTITUDE,2026-07-17 00:00:00,2026-07-17 00:01:02.134944,,62.134944278,VR2AR-69,549924,1
TEMP,2026-07-17 01:00:00,2026-07-17 01:01:02.172925,,62.172925653,VR2AR-69,549924,12.516,
DEPTH,2026-07-17 01:00:00,2026-07-17 01:01:02.172925,,62.172925653,VR2AR-69,549924,13
ATTITUDE,2026-07-17 01:00:00,2026-07-17 01:01:02.172925,,62.172925653,VR2AR-69,549924,1
TEMP,2026-07-17 02:00:00,2026-07-17 02:01:02.210907,,62.210907028,VR2AR-69,549924,12.35,
DEPTH,2026-07-17 02:00:00,2026-07-17 02:01:02.210907,,62.210907028,VR2AR-69,549924,14
ATTITUDE,2026-07-17 02:00:00,2026-07-17 02:01:02.210907,,62.210907028,VR2AR-69,549924,2
TEMP,2026-07-17 03:00:00,2026-07-17 03:01:02.248888,,62.248888403,VR2AR-69,549924,12.246,
DEPTH,2026-07-17 03:00:00,2026-07-17 03:01:02.248888,,62.248888403,VR2AR-69,549924,15
ATTITUDE,2026-07-17 03:00:00,2026-07-17 03:01:02.248888,,62.248888403,VR2AR-69,549924,1
TEMP,2026-07-17 04:00:00,2026-07-17 04:01:02.286869,,62.286869778,VR2AR-69,549924,11.833,
DEPTH,2026-07-17 04:00:00,2026-07-17 04:01:02.286869,,62.286869778,VR2AR-69,549924,16
ATTITUDE,2026-07-17 04:00:00,2026-07-17 04:01:02.286869,,62.286869778,VR2AR-69,549924,0
TEMP,2026-07-17 05:00:00,2026-07-17 05:01:02.324851,,62.324851152,VR2AR-69,549924,11.544,
DEPTH,2026-07-17 05:00:00,2026-07-17 05:01:02.324851,,62.324851152,VR2AR-69,549924,16
ATTITUDE,2026-07-17 05:00:00,2026-07-17 05:01:02.324851,,62.324851152,VR2AR-69,549924,1
TEMP,2026-07-17 06:00:00,2026-07-17 06:01:02.362832,,62.362832527,VR2AR-69,549924,11.647,
DEPTH,2026-07-17 06:00:00,2026-07-17 06:01:02.362832,,62.362832527,VR2AR-69,549924,16
ATTITUDE,2026-07-17 06:00:00,2026-07-17 06:01:02.362832,,62.362832527,VR2AR-69,549924,1
TEMP,2026-07-17 07:00:00,2026-07-17 07:01:02.400813,,62.400813902,VR2AR-69,549924,11.689,
DEPTH,2026-07-17 07:00:00,2026-07-17 07:01:02.400813,,62.400813902,VR2AR-69,549924,16
ATTITUDE,2026-07-17 07:00:00,2026-07-17 07:01:02.400813,,62.400813902,VR2AR-69,549924,2
TEMP,2026-07-17 08:00:00,2026-07-17 08:01:02.438795,,62.438795276,VR2AR-69,549924,11.936,
DEPTH,2026-07-17 08:00:00,2026-07-17 08:01:02.438795,,62.438795276,VR2AR-69,549924,15
ATTITUDE,2026-07-17 08:00:00,2026-07-17 08:01:02.438795,,62.438795276,VR2AR-69,549924,2
TEMP,2026-07-17 09:00:00,2026-07-17 09:01:02.476776,,62.476776652,VR2AR-69,549924,12.267,
DEPTH,2026-07-17 09:00:00,2026-07-17 09:01:02.476776,,62.476776652,VR2AR-69,549924,14
ATTITUDE,2026-07-17 09:00:00,2026-07-17 09:01:02.476776,,62.476776652,VR2AR-69,549924,1
TEMP,2026-07-17 10:00:00,2026-07-17 10:01:02.514758,,62.514758026,VR2AR-69,549924,12.288,
DEPTH,2026-07-17 10:00:00,2026-07-17 10:01:02.514758,,62.514758026,VR2AR-69,549924,13
ATTITUDE,2026-07-17 10:00:00,2026-07-17 10:01:02.514758,,62.514758026,VR2AR-69,549924,2
TEMP,2026-07-17 11:00:00,2026-07-17 11:01:02.552739,,62.552739401,VR2AR-69,549924,12.329,
DEPTH,2026-07-17 11:00:00,2026-07-17 11:01:02.552739,,62.552739401,VR2AR-69,549924,13
ATTITUDE,2026-07-17 11:00:00,2026-07-17 11:01:02.552739,,62.552739401,VR2AR-69,549924,2
TEMP,2026-07-17 12:00:00,2026-07-17 12:01:02.59072,,62.590720776,VR2AR-69,549924,12.35,
DEPTH,2026-07-17 12:00:00,2026-07-17 12:01:02.59072,,62.590720776,VR2AR-69,549924,13
ATTITUDE,2026-07-17 12:00:00,2026-07-17 12:01:02.59072,,62.590720776,VR2AR-69,549924,2
TEMP,2026-07-17 13:00:00,2026-07-17 13:01:02.628702,,62.628702150,VR2AR-69,549924,12.37,
DEPTH,2026-07-17 13:00:00,2026-07-17 13:01:02.628702,,62.628702150,VR2AR-69,549924,13
ATTITUDE,2026-07-17 13:00:00,2026-07-17 13:01:02.628702,,62.628702150,VR2AR-69,549924,3
TEMP,2026-07-17 14:00:00,2026-07-17 14:01:02.666683,,62.666683525,VR2AR-69,549924,12.35,
DEPTH,2026-07-17 14:00:00,2026-07-17 14:01:02.666683,,62.666683525,VR2AR-69,549924,14
ATTITUDE,2026-07-17 14:00:00,2026-07-17 14:01:02.666683,,62.666683525,VR2AR-69,549924,2
TEMP,2026-07-17 15:00:00,2026-07-17 15:01:02.704664,,62.704664900,VR2AR-69,549924,12.267,
DEPTH,2026-07-17 15:00:00,2026-07-17 15:01:02.704664,,62.704664900,VR2AR-69,549924,14
ATTITUDE,2026-07-17 15:00:00,2026-07-17 15:01:02.704664,,62.704664900,VR2AR-69,549924,1
TEMP,2026-07-17 16:00:00,2026-07-17 16:01:02.742646,,62.742646275,VR2AR-69,549924,11.936,
DEPTH,2026-07-17 16:00:00,2026-07-17 16:01:02.742646,,62.742646275,VR2AR-69,549924,15
ATTITUDE,2026-07-17 16:00:00,2026-07-17 16:01:02.742646,,62.742646275,VR2AR-69,549924,1
TEMP,2026-07-17 17:00:00,2026-07-17 17:01:02.780627,,62.780627650,VR2AR-69,549924,11.606,
DEPTH,2026-07-17 17:00:00,2026-07-17 17:01:02.780627,,62.780627650,VR2AR-69,549924,16
ATTITUDE,2026-07-17 17:00:00,2026-07-17 17:01:02.780627,,62.780627650,VR2AR-69,549924,1
TEMP,2026-07-17 18:00:00,2026-07-17 18:01:02.818609,,62.818609024,VR2AR-69,549924,11.359,
DEPTH,2026-07-17 18:00:00,2026-07-17 18:01:02.818609,,62.818609024,VR2AR-69,549924,16
ATTITUDE,2026-07-17 18:00:00,2026-07-17 18:01:02.818609,,62.818609024,VR2AR-69,549924,2
TEMP,2026-07-17 19:00:00,2026-07-17 19:01:02.85659,,62.856590399,VR2AR-69,549924,11.359,
DEPTH,2026-07-17 19:00:00,2026-07-17 19:01:02.85659,,62.856590399,VR2AR-69,549924,16
ATTITUDE,2026-07-17 19:00:00,2026-07-17 19:01:02.85659,,62.856590399,VR2AR-69,549924,2
TEMP,2026-07-17 20:00:00,2026-07-17 20:01:02.894571,,62.894571774,VR2AR-69,549924,11.544,
DEPTH,2026-07-17 20:00:00,2026-07-17 20:01:02.894571,,62.894571774,VR2AR-69,549924,15
ATTITUDE,2026-07-17 20:00:00,2026-07-17 20:01:02.894571,,62.894571774,VR2AR-69,549924,2
TEMP,2026-07-17 21:00:00,2026-07-17 21:01:02.932553,,62.932553148,VR2AR-69,549924,11.977,
DEPTH,2026-07-17 21:00:00,2026-07-17 21:01:02.932553,,62.932553148,VR2AR-69,549924,14
ATTITUDE,2026-07-17 21:00:00,2026-07-17 21:01:02.932553,,62.932553148,VR2AR-69,549924,1
TEMP,2026-07-17 22:00:00,2026-07-17 22:01:02.970534,,62.970534523,VR2AR-69,549924,12.267,
DEPTH,2026-07-17 22:00:00,2026-07-17 22:01:02.970534,,62.970534523,VR2AR-69,549924,14
ATTITUDE,2026-07-17 22:00:00,2026-07-17 22:01:02.970534,,62.970534523,VR2AR-69,549924,1
TEMP,2026-07-17 23:00:00,2026-07-17 23:01:03.008515,,63.008515899,VR2AR-69,549924,12.391,
DEPTH,2026-07-17 23:00:00,2026-07-17 23:01:03.008515,,63.008515899,VR2AR-69,549924,13
ATTITUDE,2026-07-17 23:00:00,2026-07-17 23:01:03.008515,,63.008515899,VR2AR-69,549924,4
TEMP,2026-07-18 00:00:00,2026-07-18 00:01:03.046497,,63.046497273,VR2AR-69,549924,12.578,
DEPTH,2026-07-18 00:00:00,2026-07-18 00:01:03.046497,,63.046497273,VR2AR-69,549924,13
ATTITUDE,2026-07-18 00:00:00,2026-07-18 00:01:03.046497,,63.046497273,VR2AR-69,549924,2
TEMP,2026-07-18 01:00:00,2026-07-18 01:01:03.084478,,63.084478648,VR2AR-69,549924,12.599,
DEPTH,2026-07-18 01:00:00,2026-07-18 01:01:03.084478,,63.084478648,VR2AR-69,549924,13
ATTITUDE,2026-07-18 01:00:00,2026-07-18 01:01:03.084478,,63.084478648,VR2AR-69,549924,2
TEMP,2026-07-18 02:00:00,2026-07-18 02:01:03.12246,,63.122460022,VR2AR-69,549924,12.536,
DEPTH,2026-07-18 02:00:00,2026-07-18 02:01:03.12246,,63.122460022,VR2AR-69,549924,14
ATTITUDE,2026-07-18 02:00:00,2026-07-18 02:01:03.12246,,63.122460022,VR2AR-69,549924,2
TEMP,2026-07-18 03:00:00,2026-07-18 03:01:03.160441,,63.160441397,VR2AR-69,549924,12.433,
DEPTH,2026-07-18 03:00:00,2026-07-18 03:01:03.160441,,63.160441397,VR2AR-69,549924,14
ATTITUDE,2026-07-18 03:00:00,2026-07-18 03:01:03.160441,,63.160441397,VR2AR-69,549924,1
TEMP,2026-07-18 04:00:00,2026-07-18 04:01:03.198422,,63.198422772,VR2AR-69,549924,12.267,
DEPTH,2026-07-18 04:00:00,2026-07-18 04:01:03.198422,,63.198422772,VR2AR-69,549924,15
ATTITUDE,2026-07-18 04:00:00,2026-07-18 04:01:03.198422,,63.198422772,VR2AR-69,549924,1
TEMP,2026-07-18 05:00:00,2026-07-18 05:01:03.236404,,63.236404146,VR2AR-69,549924,11.606,
DEPTH,2026-07-18 05:00:00,2026-07-18 05:01:03.236404,,63.236404146,VR2AR-69,549924,16
ATTITUDE,2026-07-18 05:00:00,2026-07-18 05:01:03.236404,,63.236404146,VR2AR-69,549924,2
TEMP,2026-07-18 06:00:00,2026-07-18 06:01:03.274385,,63.274385522,VR2AR-69,549924,11.565,
DEPTH,2026-07-18 06:00:00,2026-07-18 06:01:03.274385,,63.274385522,VR2AR-69,549924,16
ATTITUDE,2026-07-18 06:00:00,2026-07-18 06:01:03.274385,,63.274385522,VR2AR-69,549924,1
TEMP,2026-07-18 07:00:00,2026-07-18 07:01:03.312366,,63.312366897,VR2AR-69,549924,11.874,
DEPTH,2026-07-18 07:00:00,2026-07-18 07:01:03.312366,,63.312366897,VR2AR-69,549924,16
ATTITUDE,2026-07-18 07:00:00,2026-07-18 07:01:03.312366,,63.312366897,VR2AR-69,549924,2
TEMP,2026-07-18 08:00:00,2026-07-18 08:01:03.350348,,63.350348271,VR2AR-69,549924,11.957,
DEPTH,2026-07-18 08:00:00,2026-07-18 08:01:03.350348,,63.350348271,VR2AR-69,549924,16
ATTITUDE,2026-07-18 08:00:00,2026-07-18 08:01:03.350348,,63.350348271,VR2AR-69,549924,2
TEMP,2026-07-18 09:00:00,2026-07-18 09:01:03.388329,,63.388329646,VR2AR-69,549924,12.184,
DEPTH,2026-07-18 09:00:00,2026-07-18 09:01:03.388329,,63.388329646,VR2AR-69,549924,15
ATTITUDE,2026-07-18 09:00:00,2026-07-18 09:01:03.388329,,63.388329646,VR2AR-69,549924,1
TEMP,2026-07-18 10:00:00,2026-07-18 10:01:03.426311,,63.426311020,VR2AR-69,549924,12.308,
DEPTH,2026-07-18 10:00:00,2026-07-18 10:01:03.426311,,63.426311020,VR2AR-69,549924,14
ATTITUDE,2026-07-18 10:00:00,2026-07-18 10:01:03.426311,,63.426311020,VR2AR-69,549924,2
TEMP,2026-07-18 11:00:00,2026-07-18 11:01:03.464292,,63.464292395,VR2AR-69,549924,12.308,
DEPTH,2026-07-18 11:00:00,2026-07-18 11:01:03.464292,,63.464292395,VR2AR-69,549924,13
ATTITUDE,2026-07-18 11:00:00,2026-07-18 11:01:03.464292,,63.464292395,VR2AR-69,549924,2
TEMP,2026-07-18 12:00:00,2026-07-18 12:01:03.502273,,63.502273770,VR2AR-69,549924,12.391,
DEPTH,2026-07-18 12:00:00,2026-07-18 12:01:03.502273,,63.502273770,VR2AR-69,549924,13
ATTITUDE,2026-07-18 12:00:00,2026-07-18 12:01:03.502273,,63.502273770,VR2AR-69,549924,2
TEMP,2026-07-18 13:00:00,2026-07-18 13:01:03.540255,,63.540255145,VR2AR-69,549924,12.412,
DEPTH,2026-07-18 13:00:00,2026-07-18 13:01:03.540255,,63.540255145,VR2AR-69,549924,13
ATTITUDE,2026-07-18 13:00:00,2026-07-18 13:01:03.540255,,63.540255145,VR2AR-69,549924,1
TEMP,2026-07-18 14:00:00,2026-07-18 14:01:03.578236,,63.578236520,VR2AR-69,549924,12.474,
DEPTH,2026-07-18 14:00:00,2026-07-18 14:01:03.578236,,63.578236520,VR2AR-69,549924,13
ATTITUDE,2026-07-18 14:00:00,2026-07-18 14:01:03.578236,,63.578236520,VR2AR-69,549924,2
TEMP,2026-07-18 15:00:00,2026-07-18 15:01:03.616217,,63.616217895,VR2AR-69,549924,12.433,
DEPTH,2026-07-18 15:00:00,2026-07-18 15:01:03.616217,,63.616217895,VR2AR-69,549924,14
ATTITUDE,2026-07-18 15:00:00,2026-07-18 15:01:03.616217,,63.616217895,VR2AR-69,549924,1
TEMP,2026-07-18 16:00:00,2026-07-18 16:01:03.654199,,63.654199269,VR2AR-69,549924,12.308,
DEPTH,2026-07-18 16:00:00,2026-07-18 16:01:03.654199,,63.654199269,VR2AR-69,549924,15
ATTITUDE,2026-07-18 16:00:00,2026-07-18 16:01:03.654199,,63.654199269,VR2AR-69,549924,1
TEMP,2026-07-18 17:00:00,2026-07-18 17:01:03.69218,,63.692180644,VR2AR-69,549924,11.853,
DEPTH,2026-07-18 17:00:00,2026-07-18 17:01:03.69218,,63.692180644,VR2AR-69,549924,15
ATTITUDE,2026-07-18 17:00:00,2026-07-18 17:01:03.69218,,63.692180644,VR2AR-69,549924,1
TEMP,2026-07-18 18:00:00,2026-07-18 18:01:03.730162,,63.730162018,VR2AR-69,549924,11.503,
DEPTH,2026-07-18 18:00:00,2026-07-18 18:01:03.730162,,63.730162018,VR2AR-69,549924,16
ATTITUDE,2026-07-18 18:00:00,2026-07-18 18:01:03.730162,,63.730162018,VR2AR-69,549924,2
TEMP,2026-07-18 19:00:00,2026-07-18 19:01:03.768143,,63.768143394,VR2AR-69,549924,11.606,
DEPTH,2026-07-18 19:00:00,2026-07-18 19:01:03.768143,,63.768143394,VR2AR-69,549924,16
ATTITUDE,2026-07-18 19:00:00,2026-07-18 19:01:03.768143,,63.768143394,VR2AR-69,549924,1
TEMP,2026-07-18 20:00:00,2026-07-18 20:01:03.806124,,63.806124769,VR2AR-69,549924,11.544,
DEPTH,2026-07-18 20:00:00,2026-07-18 20:01:03.806124,,63.806124769,VR2AR-69,549924,16
ATTITUDE,2026-07-18 20:00:00,2026-07-18 20:01:03.806124,,63.806124769,VR2AR-69,549924,2
TEMP,2026-07-18 21:00:00,2026-07-18 21:01:03.844106,,63.844106143,VR2AR-69,549924,11.647,
DEPTH,2026-07-18 21:00:00,2026-07-18 21:01:03.844106,,63.844106143,VR2AR-69,549924,15
ATTITUDE,2026-07-18 21:00:00,2026-07-18 21:01:03.844106,,63.844106143,VR2AR-69,549924,1
TEMP,2026-07-18 22:00:00,2026-07-18 22:01:03.882087,,63.882087518,VR2AR-69,549924,12.101,
DEPTH,2026-07-18 22:00:00,2026-07-18 22:01:03.882087,,63.882087518,VR2AR-69,549924,14
ATTITUDE,2026-07-18 22:00:00,2026-07-18 22:01:03.882087,,63.882087518,VR2AR-69,549924,1
TEMP,2026-07-18 23:00:00,2026-07-18 23:01:03.920068,,63.920068893,VR2AR-69,549924,12.184,
DEPTH,2026-07-18 23:00:00,2026-07-18 23:01:03.920068,,63.920068893,VR2AR-69,549924,14
ATTITUDE,2026-07-18 23:00:00,2026-07-18 23:01:03.920068,,63.920068893,VR2AR-69,549924,2
TEMP,2026-07-19 00:00:00,2026-07-19 00:01:03.95805,,63.958050267,VR2AR-69,549924,12.246,
DEPTH,2026-07-19 00:00:00,2026-07-19 00:01:03.95805,,63.958050267,VR2AR-69,549924,13
ATTITUDE,2026-07-19 00:00:00,2026-07-19 00:01:03.95805,,63.958050267,VR2AR-69,549924,2
TEMP,2026-07-19 01:00:00,2026-07-19 01:01:03.996031,,63.996031642,VR2AR-69,549924,12.35,
DEPTH,2026-07-19 01:00:00,2026-07-19 01:01:03.996031,,63.996031642,VR2AR-69,549924,13
ATTITUDE,2026-07-19 01:00:00,2026-07-19 01:01:03.996031,,63.996031642,VR2AR-69,549924,1
TEMP,2026-07-19 02:00:00,2026-07-19 02:01:04.034013,,64.034013017,VR2AR-69,549924,12.308,
DEPTH,2026-07-19 02:00:00,2026-07-19 02:01:04.034013,,64.034013017,VR2AR-69,549924,13
ATTITUDE,2026-07-19 02:00:00,2026-07-19 02:01:04.034013,,64.034013017,VR2AR-69,549924,2
TEMP,2026-07-19 03:00:00,2026-07-19 03:01:04.071994,,64.071994392,VR2AR-69,549924,12.329,
DEPTH,2026-07-19 03:00:00,2026-07-19 03:01:04.071994,,64.071994392,VR2AR-69,549924,14
ATTITUDE,2026-07-19 03:00:00,2026-07-19 03:01:04.071994,,64.071994392,VR2AR-69,549924,2
TEMP,2026-07-19 04:00:00,2026-07-19 04:01:04.109975,,64.109975767,VR2AR-69,549924,12.288,
DEPTH,2026-07-19 04:00:00,2026-07-19 04:01:04.109975,,64.109975767,VR2AR-69,549924,14
ATTITUDE,2026-07-19 04:00:00,2026-07-19 04:01:04.109975,,64.109975767,VR2AR-69,549924,2
TEMP,2026-07-19 05:00:00,2026-07-19 05:01:04.147957,,64.147957141,VR2AR-69,549924,12.288,
DEPTH,2026-07-19 05:00:00,2026-07-19 05:01:04.147957,,64.147957141,VR2AR-69,549924,15
ATTITUDE,2026-07-19 05:00:00,2026-07-19 05:01:04.147957,,64.147957141,VR2AR-69,549924,1
TEMP,2026-07-19 06:00:00,2026-07-19 06:01:04.185938,,64.185938516,VR2AR-69,549924,12.039,
DEPTH,2026-07-19 06:00:00,2026-07-19 06:01:04.185938,,64.185938516,VR2AR-69,549924,16
ATTITUDE,2026-07-19 06:00:00,2026-07-19 06:01:04.185938,,64.185938516,VR2AR-69,549924,2
TEMP,2026-07-19 07:00:00,2026-07-19 07:01:04.223919,,64.223919891,VR2AR-69,549924,11.812,
DEPTH,2026-07-19 07:00:00,2026-07-19 07:01:04.223919,,64.223919891,VR2AR-69,549924,16
ATTITUDE,2026-07-19 07:00:00,2026-07-19 07:01:04.223919,,64.223919891,VR2AR-69,549924,3
TEMP,2026-07-19 08:00:00,2026-07-19 08:01:04.261901,,64.261901265,VR2AR-69,549924,12.039,
DEPTH,2026-07-19 08:00:00,2026-07-19 08:01:04.261901,,64.261901265,VR2AR-69,549924,16
ATTITUDE,2026-07-19 08:00:00,2026-07-19 08:01:04.261901,,64.261901265,VR2AR-69,549924,2
TEMP,2026-07-19 09:00:00,2026-07-19 09:01:04.299882,,64.299882641,VR2AR-69,549924,12.081,
DEPTH,2026-07-19 09:00:00,2026-07-19 09:01:04.299882,,64.299882641,VR2AR-69,549924,15
ATTITUDE,2026-07-19 09:00:00,2026-07-19 09:01:04.299882,,64.299882641,VR2AR-69,549924,1
TEMP,2026-07-19 10:00:00,2026-07-19 10:01:04.337864,,64.337864015,VR2AR-69,549924,12.267,
DEPTH,2026-07-19 10:00:00,2026-07-19 10:01:04.337864,,64.337864015,VR2AR-69,549924,15
ATTITUDE,2026-07-19 10:00:00,2026-07-19 10:01:04.337864,,64.337864015,VR2AR-69,549924,1
TEMP,2026-07-19 11:00:00,2026-07-19 11:01:04.375845,,64.375845390,VR2AR-69,549924,12.329,
DEPTH,2026-07-19 11:00:00,2026-07-19 11:01:04.375845,,64.375845390,VR2AR-69,549924,14
ATTITUDE,2026-07-19 11:00:00,2026-07-19 11:01:04.375845,,64.375845390,VR2AR-69,549924,0
TEMP,2026-07-19 12:00:00,2026-07-19 12:01:04.413826,,64.413826765,VR2AR-69,549924,12.37,
DEPTH,2026-07-19 12:00:00,2026-07-19 12:01:04.413826,,64.413826765,VR2AR-69,549924,13
ATTITUDE,2026-07-19 12:00:00,2026-07-19 12:01:04.413826,,64.413826765,VR2AR-69,549924,1
TEMP,2026-07-19 13:00:00,2026-07-19 13:01:04.451808,,64.451808139,VR2AR-69,549924,12.433,
DEPTH,2026-07-19 13:00:00,2026-07-19 13:01:04.451808,,64.451808139,VR2AR-69,549924,13
ATTITUDE,2026-07-19 13:00:00,2026-07-19 13:01:04.451808,,64.451808139,VR2AR-69,549924,2
TEMP,2026-07-19 14:00:00,2026-07-19 14:01:04.489789,,64.489789514,VR2AR-69,549924,12.474,
DEPTH,2026-07-19 14:00:00,2026-07-19 14:01:04.489789,,64.489789514,VR2AR-69,549924,13
ATTITUDE,2026-07-19 14:00:00,2026-07-19 14:01:04.489789,,64.489789514,VR2AR-69,549924,2
TEMP,2026-07-19 15:00:00,2026-07-19 15:01:04.52777,,64.527770889,VR2AR-69,549924,12.495,
DEPTH,2026-07-19 15:00:00,2026-07-19 15:01:04.52777,,64.527770889,VR2AR-69,549924,13
ATTITUDE,2026-07-19 15:00:00,2026-07-19 15:01:04.52777,,64.527770889,VR2AR-69,549924,3
TEMP,2026-07-19 16:00:00,2026-07-19 16:01:04.565752,,64.565752264,VR2AR-69,549924,12.619,
DEPTH,2026-07-19 16:00:00,2026-07-19 16:01:04.565752,,64.565752264,VR2AR-69,549924,14
ATTITUDE,2026-07-19 16:00:00,2026-07-19 16:01:04.565752,,64.565752264,VR2AR-69,549924,0
TEMP,2026-07-19 17:00:00,2026-07-19 17:01:04.603733,,64.603733639,VR2AR-69,549924,12.744,
DEPTH,2026-07-19 17:00:00,2026-07-19 17:01:04.603733,,64.603733639,VR2AR-69,549924,15
ATTITUDE,2026-07-19 17:00:00,2026-07-19 17:01:04.603733,,64.603733639,VR2AR-69,549924,2
TEMP,2026-07-19 18:00:00,2026-07-19 18:01:04.641715,,64.641715013,VR2AR-69,549924,12.329,
DEPTH,2026-07-19 18:00:00,2026-07-19 18:01:04.641715,,64.641715013,VR2AR-69,549924,15
ATTITUDE,2026-07-19 18:00:00,2026-07-19 18:01:04.641715,,64.641715013,VR2AR-69,549924,1
TEMP,2026-07-19 19:00:00,2026-07-19 19:01:04.679696,,64.679696388,VR2AR-69,549924,11.421,
DEPTH,2026-07-19 19:00:00,2026-07-19 19:01:04.679696,,64.679696388,VR2AR-69,549924,16
ATTITUDE,2026-07-19 19:00:00,2026-07-19 19:01:04.679696,,64.679696388,VR2AR-69,549924,2
TEMP,2026-07-19 20:00:00,2026-07-19 20:01:04.717677,,64.717677763,VR2AR-69,549924,11.359,
DEPTH,2026-07-19 20:00:00,2026-07-19 20:01:04.717677,,64.717677763,VR2AR-69,549924,16
ATTITUDE,2026-07-19 20:00:00,2026-07-19 20:01:04.717677,,64.717677763,VR2AR-69,549924,1
TEMP,2026-07-19 21:00:00,2026-07-19 21:01:04.755659,,64.755659137,VR2AR-69,549924,11.606,
DEPTH,2026-07-19 21:00:00,2026-07-19 21:01:04.755659,,64.755659137,VR2AR-69,549924,16
ATTITUDE,2026-07-19 21:00:00,2026-07-19 21:01:04.755659,,64.755659137,VR2AR-69,549924,1
TEMP,2026-07-19 22:00:00,2026-07-19 22:01:04.79364,,64.793640512,VR2AR-69,549924,11.792,
DEPTH,2026-07-19 22:00:00,2026-07-19 22:01:04.79364,,64.793640512,VR2AR-69,549924,15
ATTITUDE,2026-07-19 22:00:00,2026-07-19 22:01:04.79364,,64.793640512,VR2AR-69,549924,1
TEMP,2026-07-19 23:00:00,2026-07-19 23:01:04.831621,,64.831621887,VR2AR-69,549924,12.35,
DEPTH,2026-07-19 23:00:00,2026-07-19 23:01:04.831621,,64.831621887,VR2AR-69,549924,14
ATTITUDE,2026-07-19 23:00:00,2026-07-19 23:01:04.831621,,64.831621887,VR2AR-69,549924,1
TEMP,2026-07-20 00:00:00,2026-07-20 00:01:04.869603,,64.869603262,VR2AR-69,549924,12.64,
DEPTH,2026-07-20 00:00:00,2026-07-20 00:01:04.869603,,64.869603262,VR2AR-69,549924,14
ATTITUDE,2026-07-20 00:00:00,2026-07-20 00:01:04.869603,,64.869603262,VR2AR-69,549924,1
TEMP,2026-07-20 01:00:00,2026-07-20 01:01:04.907584,,64.907584637,VR2AR-69,549924,12.786,
DEPTH,2026-07-20 01:00:00,2026-07-20 01:01:04.907584,,64.907584637,VR2AR-69,549924,13
ATTITUDE,2026-07-20 01:00:00,2026-07-20 01:01:04.907584,,64.907584637,VR2AR-69,549924,1
TEMP,2026-07-20 02:00:00,2026-07-20 02:01:04.945566,,64.945566011,VR2AR-69,549924,12.806,
DEPTH,2026-07-20 02:00:00,2026-07-20 02:01:04.945566,,64.945566011,VR2AR-69,549924,13
ATTITUDE,2026-07-20 02:00:00,2026-07-20 02:01:04.945566,,64.945566011,VR2AR-69,549924,2
TEMP,2026-07-20 03:00:00,2026-07-20 03:01:04.983547,,64.983547386,VR2AR-69,549924,12.848,
DEPTH,2026-07-20 03:00:00,2026-07-20 03:01:04.983547,,64.983547386,VR2AR-69,549924,13
ATTITUDE,2026-07-20 03:00:00,2026-07-20 03:01:04.983547,,64.983547386,VR2AR-69,549924,1
TEMP,2026-07-20 04:00:00,2026-07-20 04:01:05.021528,,65.021528761,VR2AR-69,549924,12.723,
DEPTH,2026-07-20 04:00:00,2026-07-20 04:01:05.021528,,65.021528761,VR2AR-69,549924,14
ATTITUDE,2026-07-20 04:00:00,2026-07-20 04:01:05.021528,,65.021528761,VR2AR-69,549924,1
TEMP,2026-07-20 05:00:00,2026-07-20 05:01:05.05951,,65.059510136,VR2AR-69,549924,12.163,
DEPTH,2026-07-20 05:00:00,2026-07-20 05:01:05.05951,,65.059510136,VR2AR-69,549924,15
ATTITUDE,2026-07-20 05:00:00,2026-07-20 05:01:05.05951,,65.059510136,VR2AR-69,549924,1
TEMP,2026-07-20 06:00:00,2026-07-20 06:01:05.097491,,65.097491511,VR2AR-69,549924,11.627,
DEPTH,2026-07-20 06:00:00,2026-07-20 06:01:05.097491,,65.097491511,VR2AR-69,549924,15
ATTITUDE,2026-07-20 06:00:00,2026-07-20 06:01:05.097491,,65.097491511,VR2AR-69,549924,1
TEMP,2026-07-20 07:00:00,2026-07-20 07:01:05.135472,,65.135472885,VR2AR-69,549924,11.134,
DEPTH,2026-07-20 07:00:00,2026-07-20 07:01:05.135472,,65.135472885,VR2AR-69,549924,16
ATTITUDE,2026-07-20 07:00:00,2026-07-20 07:01:05.135472,,65.135472885,VR2AR-69,549924,1
TEMP,2026-07-20 08:00:00,2026-07-20 08:01:05.173454,,65.173454260,VR2AR-69,549924,11.052,
DEPTH,2026-07-20 08:00:00,2026-07-20 08:01:05.173454,,65.173454260,VR2AR-69,549924,16
ATTITUDE,2026-07-20 08:00:00,2026-07-20 08:01:05.173454,,65.173454260,VR2AR-69,549924,2
TEMP,2026-07-20 09:00:00,2026-07-20 09:01:05.211435,,65.211435635,VR2AR-69,549924,11.503,
DEPTH,2026-07-20 09:00:00,2026-07-20 09:01:05.211435,,65.211435635,VR2AR-69,549924,16
ATTITUDE,2026-07-20 09:00:00,2026-07-20 09:01:05.211435,,65.211435635,VR2AR-69,549924,2
TEMP,2026-07-20 10:00:00,2026-07-20 10:01:05.249417,,65.249417009,VR2AR-69,549924,11.544,
DEPTH,2026-07-20 10:00:00,2026-07-20 10:01:05.249417,,65.249417009,VR2AR-69,549924,15
ATTITUDE,2026-07-20 10:00:00,2026-07-20 10:01:05.249417,,65.249417009,VR2AR-69,549924,1
TEMP,2026-07-20 11:00:00,2026-07-20 11:01:05.287398,,65.287398384,VR2AR-69,549924,12.06,
DEPTH,2026-07-20 11:00:00,2026-07-20 11:01:05.287398,,65.287398384,VR2AR-69,549924,15
ATTITUDE,2026-07-20 11:00:00,2026-07-20 11:01:05.287398,,65.287398384,VR2AR-69,549924,2
TEMP,2026-07-20 12:00:00,2026-07-20 12:01:05.325379,,65.325379760,VR2AR-69,549924,12.225,
DEPTH,2026-07-20 12:00:00,2026-07-20 12:01:05.325379,,65.325379760,VR2AR-69,549924,14
ATTITUDE,2026-07-20 12:00:00,2026-07-20 12:01:05.325379,,65.325379760,VR2AR-69,549924,1
TEMP,2026-07-20 13:00:00,2026-07-20 13:01:05.363361,,65.363361134,VR2AR-69,549924,12.288,
DEPTH,2026-07-20 13:00:00,2026-07-20 13:01:05.363361,,65.363361134,VR2AR-69,549924,13
ATTITUDE,2026-07-20 13:00:00,2026-07-20 13:01:05.363361,,65.363361134,VR2AR-69,549924,1
TEMP,2026-07-20 14:00:00,2026-07-20 14:01:05.401342,,65.401342509,VR2AR-69,549924,12.412,
DEPTH,2026-07-20 14:00:00,2026-07-20 14:01:05.401342,,65.401342509,VR2AR-69,549924,13
ATTITUDE,2026-07-20 14:00:00,2026-07-20 14:01:05.401342,,65.401342509,VR2AR-69,549924,2
TEMP,2026-07-20 15:00:00,2026-07-20 15:01:05.439323,,65.439323883,VR2AR-69,549924,12.474,
DEPTH,2026-07-20 15:00:00,2026-07-20 15:01:05.439323,,65.439323883,VR2AR-69,549924,13
ATTITUDE,2026-07-20 15:00:00,2026-07-20 15:01:05.439323,,65.439323883,VR2AR-69,549924,2
TEMP,2026-07-20 16:00:00,2026-07-20 16:01:05.477305,,65.477305258,VR2AR-69,549924,12.37,
DEPTH,2026-07-20 16:00:00,2026-07-20 16:01:05.477305,,65.477305258,VR2AR-69,549924,14
ATTITUDE,2026-07-20 16:00:00,2026-07-20 16:01:05.477305,,65.477305258,VR2AR-69,549924,1
TEMP,2026-07-20 17:00:00,2026-07-20 17:01:05.515286,,65.515286633,VR2AR-69,549924,12.412,
DEPTH,2026-07-20 17:00:00,2026-07-20 17:01:05.515286,,65.515286633,VR2AR-69,549924,14
ATTITUDE,2026-07-20 17:00:00,2026-07-20 17:01:05.515286,,65.515286633,VR2AR-69,549924,1
TEMP,2026-07-20 18:00:00,2026-07-20 18:01:05.553268,,65.553268007,VR2AR-69,549924,12.039,
DEPTH,2026-07-20 18:00:00,2026-07-20 18:01:05.553268,,65.553268007,VR2AR-69,549924,15
ATTITUDE,2026-07-20 18:00:00,2026-07-20 18:01:05.553268,,65.553268007,VR2AR-69,549924,1
TEMP,2026-07-20 19:00:00,2026-07-20 19:01:05.591249,,65.591249383,VR2AR-69,549924,11.709,
DEPTH,2026-07-20 19:00:00,2026-07-20 19:01:05.591249,,65.591249383,VR2AR-69,549924,16
ATTITUDE,2026-07-20 19:00:00,2026-07-20 19:01:05.591249,,65.591249383,VR2AR-69,549924,2
TEMP,2026-07-20 20:00:00,2026-07-20 20:01:05.62923,,65.629230758,VR2AR-69,549924,11.359,
DEPTH,2026-07-20 20:00:00,2026-07-20 20:01:05.62923,,65.629230758,VR2AR-69,549924,16
ATTITUDE,2026-07-20 20:00:00,2026-07-20 20:01:05.62923,,65.629230758,VR2AR-69,549924,1
TEMP,2026-07-20 21:00:00,2026-07-20 21:01:05.667212,,65.667212132,VR2AR-69,549924,11.524,
DEPTH,2026-07-20 21:00:00,2026-07-20 21:01:05.667212,,65.667212132,VR2AR-69,549924,16
ATTITUDE,2026-07-20 21:00:00,2026-07-20 21:01:05.667212,,65.667212132,VR2AR-69,549924,1
TEMP,2026-07-20 22:00:00,2026-07-20 22:01:05.705193,,65.705193507,VR2AR-69,549924,11.75,
DEPTH,2026-07-20 22:00:00,2026-07-20 22:01:05.705193,,65.705193507,VR2AR-69,549924,16
ATTITUDE,2026-07-20 22:00:00,2026-07-20 22:01:05.705193,,65.705193507,VR2AR-69,549924,2
TEMP,2026-07-20 23:00:00,2026-07-20 23:01:05.743174,,65.743174881,VR2AR-69,549924,11.998,
DEPTH,2026-07-20 23:00:00,2026-07-20 23:01:05.743174,,65.743174881,VR2AR-69,549924,15
ATTITUDE,2026-07-20 23:00:00,2026-07-20 23:01:05.743174,,65.743174881,VR2AR-69,549924,1
TEMP,2026-07-21 00:00:00,2026-07-21 00:01:05.781156,,65.781156256,VR2AR-69,549924,12.329,
DEPTH,2026-07-21 00:00:00,2026-07-21 00:01:05.781156,,65.781156256,VR2AR-69,549924,14
ATTITUDE,2026-07-21 00:00:00,2026-07-21 00:01:05.781156,,65.781156256,VR2AR-69,549924,1
TEMP,2026-07-21 01:00:00,2026-07-21 01:01:05.819137,,65.819137631,VR2AR-69,549924,12.453,
DEPTH,2026-07-21 01:00:00,2026-07-21 01:01:05.819137,,65.819137631,VR2AR-69,549924,14
ATTITUDE,2026-07-21 01:00:00,2026-07-21 01:01:05.819137,,65.819137631,VR2AR-69,549924,1
TEMP,2026-07-21 02:00:00,2026-07-21 02:01:05.857119,,65.857119006,VR2AR-69,549924,12.474,
DEPTH,2026-07-21 02:00:00,2026-07-21 02:01:05.857119,,65.857119006,VR2AR-69,549924,13
ATTITUDE,2026-07-21 02:00:00,2026-07-21 02:01:05.857119,,65.857119006,VR2AR-69,549924,2
TEMP,2026-07-21 03:00:00,2026-07-21 03:01:05.8951,,65.895100381,VR2AR-69,549924,12.557,
DEPTH,2026-07-21 03:00:00,2026-07-21 03:01:05.8951,,65.895100381,VR2AR-69,549924,13
ATTITUDE,2026-07-21 03:00:00,2026-07-21 03:01:05.8951,,65.895100381,VR2AR-69,549924,2
TEMP,2026-07-21 04:00:00,2026-07-21 04:01:05.933081,,65.933081756,VR2AR-69,549924,12.619,
DEPTH,2026-07-21 04:00:00,2026-07-21 04:01:05.933081,,65.933081756,VR2AR-69,549924,13
ATTITUDE,2026-07-21 04:00:00,2026-07-21 04:01:05.933081,,65.933081756,VR2AR-69,549924,2
TEMP,2026-07-21 05:00:00,2026-07-21 05:01:05.971063,,65.971063130,VR2AR-69,549924,12.516,
DEPTH,2026-07-21 05:00:00,2026-07-21 05:01:05.971063,,65.971063130,VR2AR-69,549924,14
ATTITUDE,2026-07-21 05:00:00,2026-07-21 05:01:05.971063,,65.971063130,VR2AR-69,549924,1
TEMP,2026-07-21 06:00:00,2026-07-21 06:01:06.009044,,66.009044505,VR2AR-69,549924,12.453,
DEPTH,2026-07-21 06:00:00,2026-07-21 06:01:06.009044,,66.009044505,VR2AR-69,549924,14
ATTITUDE,2026-07-21 06:00:00,2026-07-21 06:01:06.009044,,66.009044505,VR2AR-69,549924,1
TEMP,2026-07-21 07:00:00,2026-07-21 07:01:06.047025,,66.047025879,VR2AR-69,549924,12.019,
DEPTH,2026-07-21 07:00:00,2026-07-21 07:01:06.047025,,66.047025879,VR2AR-69,549924,15
ATTITUDE,2026-07-21 07:00:00,2026-07-21 07:01:06.047025,,66.047025879,VR2AR-69,549924,1
TEMP,2026-07-21 08:00:00,2026-07-21 08:01:06.085007,,66.085007254,VR2AR-69,549924,11.359,
DEPTH,2026-07-21 08:00:00,2026-07-21 08:01:06.085007,,66.085007254,VR2AR-69,549924,16
ATTITUDE,2026-07-21 08:00:00,2026-07-21 08:01:06.085007,,66.085007254,VR2AR-69,549924,2
TEMP,2026-07-21 09:00:00,2026-07-21 09:01:06.122988,,66.122988630,VR2AR-69,549924,11.298,
DEPTH,2026-07-21 09:00:00,2026-07-21 09:01:06.122988,,66.122988630,VR2AR-69,549924,16
ATTITUDE,2026-07-21 09:00:00,2026-07-21 09:01:06.122988,,66.122988630,VR2AR-69,549924,2
TEMP,2026-07-21 10:00:00,2026-07-21 10:01:06.16097,,66.160970004,VR2AR-69,549924,11.298,
DEPTH,2026-07-21 10:00:00,2026-07-21 10:01:06.16097,,66.160970004,VR2AR-69,549924,16
ATTITUDE,2026-07-21 10:00:00,2026-07-21 10:01:06.16097,,66.160970004,VR2AR-69,549924,2
TEMP,2026-07-21 11:00:00,2026-07-21 11:01:06.198951,,66.198951379,VR2AR-69,549924,11.565,
DEPTH,2026-07-21 11:00:00,2026-07-21 11:01:06.198951,,66.198951379,VR2AR-69,549924,15
ATTITUDE,2026-07-21 11:00:00,2026-07-21 11:01:06.198951,,66.198951379,VR2AR-69,549924,1
TEMP,2026-07-21 12:00:00,2026-07-21 12:01:06.236932,,66.236932754,VR2AR-69,549924,12.081,
DEPTH,2026-07-21 12:00:00,2026-07-21 12:01:06.236932,,66.236932754,VR2AR-69,549924,14
ATTITUDE,2026-07-21 12:00:00,2026-07-21 12:01:06.236932,,66.236932754,VR2AR-69,549924,2
TEMP,2026-07-21 13:00:00,2026-07-21 13:01:06.274914,,66.274914128,VR2AR-69,549924,12.267,
DEPTH,2026-07-21 13:00:00,2026-07-21 13:01:06.274914,,66.274914128,VR2AR-69,549924,14
ATTITUDE,2026-07-21 13:00:00,2026-07-21 13:01:06.274914,,66.274914128,VR2AR-69,549924,1
TEMP,2026-07-21 14:00:00,2026-07-21 14:01:06.312895,,66.312895503,VR2AR-69,549924,12.308,
DEPTH,2026-07-21 14:00:00,2026-07-21 14:01:06.312895,,66.312895503,VR2AR-69,549924,13
ATTITUDE,2026-07-21 14:00:00,2026-07-21 14:01:06.312895,,66.312895503,VR2AR-69,549924,2
TEMP,2026-07-21 15:00:00,2026-07-21 15:01:06.350876,,66.350876878,VR2AR-69,549924,12.412,
DEPTH,2026-07-21 15:00:00,2026-07-21 15:01:06.350876,,66.350876878,VR2AR-69,549924,13
ATTITUDE,2026-07-21 15:00:00,2026-07-21 15:01:06.350876,,66.350876878,VR2AR-69,549924,1
TEMP,2026-07-21 16:00:00,2026-07-21 16:01:06.388858,,66.388858253,VR2AR-69,549924,12.474,
DEPTH,2026-07-21 16:00:00,2026-07-21 16:01:06.388858,,66.388858253,VR2AR-69,549924,13
ATTITUDE,2026-07-21 16:00:00,2026-07-21 16:01:06.388858,,66.388858253,VR2AR-69,549924,1
TEMP,2026-07-21 17:00:00,2026-07-21 17:01:06.426839,,66.426839628,VR2AR-69,549924,12.308,
DEPTH,2026-07-21 17:00:00,2026-07-21 17:01:06.426839,,66.426839628,VR2AR-69,549924,14
ATTITUDE,2026-07-21 17:00:00,2026-07-21 17:01:06.426839,,66.426839628,VR2AR-69,549924,2
TEMP,2026-07-21 18:00:00,2026-07-21 18:01:06.464821,,66.464821002,VR2AR-69,549924,12.143,
DEPTH,2026-07-21 18:00:00,2026-07-21 18:01:06.464821,,66.464821002,VR2AR-69,549924,14
ATTITUDE,2026-07-21 18:00:00,2026-07-21 18:01:06.464821,,66.464821002,VR2AR-69,549924,2
TEMP,2026-07-21 19:00:00,2026-07-21 19:01:06.502802,,66.502802377,VR2AR-69,549924,11.977,
DEPTH,2026-07-21 19:00:00,2026-07-21 19:01:06.502802,,66.502802377,VR2AR-69,549924,15
ATTITUDE,2026-07-21 19:00:00,2026-07-21 19:01:06.502802,,66.502802377,VR2AR-69,549924,2
TEMP,2026-07-21 20:00:00,2026-07-21 20:01:06.540783,,66.540783752,VR2AR-69,549924,11.792,
DEPTH,2026-07-21 20:00:00,2026-07-21 20:01:06.540783,,66.540783752,VR2AR-69,549924,16
ATTITUDE,2026-07-21 20:00:00,2026-07-21 20:01:06.540783,,66.540783752,VR2AR-69,549924,2
TEMP,2026-07-21 21:00:00,2026-07-21 21:01:06.578765,,66.578765126,VR2AR-69,549924,11.483,
DEPTH,2026-07-21 21:00:00,2026-07-21 21:01:06.578765,,66.578765126,VR2AR-69,549924,16
ATTITUDE,2026-07-21 21:00:00,2026-07-21 21:01:06.578765,,66.578765126,VR2AR-69,549924,2
TEMP,2026-07-21 22:00:00,2026-07-21 22:01:06.616746,,66.616746501,VR2AR-69,549924,11.75,
DEPTH,2026-07-21 22:00:00,2026-07-21 22:01:06.616746,,66.616746501,VR2AR-69,549924,16
ATTITUDE,2026-07-21 22:00:00,2026-07-21 22:01:06.616746,,66.616746501,VR2AR-69,549924,1
TEMP,2026-07-21 23:00:00,2026-07-21 23:01:06.654727,,66.654727876,VR2AR-69,549924,11.957,
DEPTH,2026-07-21 23:00:00,2026-07-21 23:01:06.654727,,66.654727876,VR2AR-69,549924,16
ATTITUDE,2026-07-21 23:00:00,2026-07-21 23:01:06.654727,,66.654727876,VR2AR-69,549924,1
TEMP,2026-07-22 00:00:00,2026-07-22 00:01:06.692709,,66.692709251,VR2AR-69,549924,11.998,
DEPTH,2026-07-22 00:00:00,2026-07-22 00:01:06.692709,,66.692709251,VR2AR-69,549924,15
ATTITUDE,2026-07-22 00:00:00,2026-07-22 00:01:06.692709,,66.692709251,VR2AR-69,549924,1
TEMP,2026-07-22 01:00:00,2026-07-22 01:01:06.73069,,66.730690626,VR2AR-69,549924,12.308,
DEPTH,2026-07-22 01:00:00,2026-07-22 01:01:06.73069,,66.730690626,VR2AR-69,549924,14
ATTITUDE,2026-07-22 01:00:00,2026-07-22 01:01:06.73069,,66.730690626,VR2AR-69,549924,0
TEMP,2026-07-22 02:00:00,2026-07-22 02:01:06.768672,,66.768672000,VR2AR-69,549924,12.37,
DEPTH,2026-07-22 02:00:00,2026-07-22 02:01:06.768672,,66.768672000,VR2AR-69,549924,14
ATTITUDE,2026-07-22 02:00:00,2026-07-22 02:01:06.768672,,66.768672000,VR2AR-69,549924,2
TEMP,2026-07-22 03:00:00,2026-07-22 03:01:06.806653,,66.806653375,VR2AR-69,549924,12.433,
DEPTH,2026-07-22 03:00:00,2026-07-22 03:01:06.806653,,66.806653375,VR2AR-69,549924,13
ATTITUDE,2026-07-22 03:00:00,2026-07-22 03:01:06.806653,,66.806653375,VR2AR-69,549924,2
TEMP,2026-07-22 04:00:00,2026-07-22 04:01:06.844634,,66.844634749,VR2AR-69,549924,12.557,
DEPTH,2026-07-22 04:00:00,2026-07-22 04:01:06.844634,,66.844634749,VR2AR-69,549924,13
ATTITUDE,2026-07-22 04:00:00,2026-07-22 04:01:06.844634,,66.844634749,VR2AR-69,549924,1
TEMP,2026-07-22 05:00:00,2026-07-22 05:01:06.882616,,66.882616125,VR2AR-69,549924,12.474,
DEPTH,2026-07-22 05:00:00,2026-07-22 05:01:06.882616,,66.882616125,VR2AR-69,549924,13
ATTITUDE,2026-07-22 05:00:00,2026-07-22 05:01:06.882616,,66.882616125,VR2AR-69,549924,1
TEMP,2026-07-22 06:00:00,2026-07-22 06:01:06.920597,,66.920597500,VR2AR-69,549924,12.557,
DEPTH,2026-07-22 06:00:00,2026-07-22 06:01:06.920597,,66.920597500,VR2AR-69,549924,14
ATTITUDE,2026-07-22 06:00:00,2026-07-22 06:01:06.920597,,66.920597500,VR2AR-69,549924,1
TEMP,2026-07-22 07:00:00,2026-07-22 07:01:06.958578,,66.958578874,VR2AR-69,549924,12.495,
DEPTH,2026-07-22 07:00:00,2026-07-22 07:01:06.958578,,66.958578874,VR2AR-69,549924,15
ATTITUDE,2026-07-22 07:00:00,2026-07-22 07:01:06.958578,,66.958578874,VR2AR-69,549924,2
TEMP,2026-07-22 08:00:00,2026-07-22 08:01:06.99656,,66.996560249,VR2AR-69,549924,12.163,
DEPTH,2026-07-22 08:00:00,2026-07-22 08:01:06.99656,,66.996560249,VR2AR-69,549924,15
ATTITUDE,2026-07-22 08:00:00,2026-07-22 08:01:06.99656,,66.996560249,VR2AR-69,549924,1
TEMP,2026-07-22 09:00:00,2026-07-22 09:01:07.034541,,67.034541624,VR2AR-69,549924,12.039,
DEPTH,2026-07-22 09:00:00,2026-07-22 09:01:07.034541,,67.034541624,VR2AR-69,549924,15
ATTITUDE,2026-07-22 09:00:00,2026-07-22 09:01:07.034541,,67.034541624,VR2AR-69,549924,0
TEMP,2026-07-22 10:00:00,2026-07-22 10:01:07.072522,,67.072522998,VR2AR-69,549924,12.205,
DEPTH,2026-07-22 10:00:00,2026-07-22 10:01:07.072522,,67.072522998,VR2AR-69,549924,16
ATTITUDE,2026-07-22 10:00:00,2026-07-22 10:01:07.072522,,67.072522998,VR2AR-69,549924,1
TEMP,2026-07-22 11:00:00,2026-07-22 11:01:07.110504,,67.110504373,VR2AR-69,549924,12.433,
DEPTH,2026-07-22 11:00:00,2026-07-22 11:01:07.110504,,67.110504373,VR2AR-69,549924,15
ATTITUDE,2026-07-22 11:00:00,2026-07-22 11:01:07.110504,,67.110504373,VR2AR-69,549924,1
TEMP,2026-07-22 12:00:00,2026-07-22 12:01:07.148485,,67.148485748,VR2AR-69,549924,12.308,
DEPTH,2026-07-22 12:00:00,2026-07-22 12:01:07.148485,,67.148485748,VR2AR-69,549924,15
ATTITUDE,2026-07-22 12:00:00,2026-07-22 12:01:07.148485,,67.148485748,VR2AR-69,549924,0
TEMP,2026-07-22 13:00:00,2026-07-22 13:01:07.186467,,67.186467123,VR2AR-69,549924,12.453,
DEPTH,2026-07-22 13:00:00,2026-07-22 13:01:07.186467,,67.186467123,VR2AR-69,549924,14
ATTITUDE,2026-07-22 13:00:00,2026-07-22 13:01:07.186467,,67.186467123,VR2AR-69,549924,1
TEMP,2026-07-22 14:00:00,2026-07-22 14:01:07.224448,,67.224448498,VR2AR-69,549924,12.599,
DEPTH,2026-07-22 14:00:00,2026-07-22 14:01:07.224448,,67.224448498,VR2AR-69,549924,14
ATTITUDE,2026-07-22 14:00:00,2026-07-22 14:01:07.224448,,67.224448498,VR2AR-69,549924,1
TEMP,2026-07-22 15:00:00,2026-07-22 15:01:07.262429,,67.262429872,VR2AR-69,549924,12.619,
DEPTH,2026-07-22 15:00:00,2026-07-22 15:01:07.262429,,67.262429872,VR2AR-69,549924,14
ATTITUDE,2026-07-22 15:00:00,2026-07-22 15:01:07.262429,,67.262429872,VR2AR-69,549924,0
TEMP,2026-07-22 16:00:00,2026-07-22 16:01:07.300411,,67.300411247,VR2AR-69,549924,12.682,
DEPTH,2026-07-22 16:00:00,2026-07-22 16:01:07.300411,,67.300411247,VR2AR-69,549924,13
ATTITUDE,2026-07-22 16:00:00,2026-07-22 16:01:07.300411,,67.300411247,VR2AR-69,549924,2
TEMP,2026-07-22 17:00:00,2026-07-22 17:01:07.338392,,67.338392622,VR2AR-69,549924,12.765,
DEPTH,2026-07-22 17:00:00,2026-07-22 17:01:07.338392,,67.338392622,VR2AR-69,549924,13
ATTITUDE,2026-07-22 17:00:00,2026-07-22 17:01:07.338392,,67.338392622,VR2AR-69,549924,1
TEMP,2026-07-22 18:00:00,2026-07-22 18:01:07.376373,,67.376373996,VR2AR-69,549924,12.848,
DEPTH,2026-07-22 18:00:00,2026-07-22 18:01:07.376373,,67.376373996,VR2AR-69,549924,14
ATTITUDE,2026-07-22 18:00:00,2026-07-22 18:01:07.376373,,67.376373996,VR2AR-69,549924,2
TEMP,2026-07-22 19:00:00,2026-07-22 19:01:07.414355,,67.414355372,VR2AR-69,549924,12.806,
DEPTH,2026-07-22 19:00:00,2026-07-22 19:01:07.414355,,67.414355372,VR2AR-69,549924,15
ATTITUDE,2026-07-22 19:00:00,2026-07-22 19:01:07.414355,,67.414355372,VR2AR-69,549924,1
TEMP,2026-07-22 20:00:00,2026-07-22 20:01:07.452336,,67.452336746,VR2AR-69,549924,12.786,
DEPTH,2026-07-22 20:00:00,2026-07-22 20:01:07.452336,,67.452336746,VR2AR-69,549924,15
ATTITUDE,2026-07-22 20:00:00,2026-07-22 20:01:07.452336,,67.452336746,VR2AR-69,549924,1
TEMP,2026-07-22 21:00:00,2026-07-22 21:01:07.490318,,67.490318121,VR2AR-69,549924,12.433,
DEPTH,2026-07-22 21:00:00,2026-07-22 21:01:07.490318,,67.490318121,VR2AR-69,549924,16
ATTITUDE,2026-07-22 21:00:00,2026-07-22 21:01:07.490318,,67.490318121,VR2AR-69,549924,2
TEMP,2026-07-22 22:00:00,2026-07-22 22:01:07.528299,,67.528299496,VR2AR-69,549924,12.081,
DEPTH,2026-07-22 22:00:00,2026-07-22 22:01:07.528299,,67.528299496,VR2AR-69,549924,16
ATTITUDE,2026-07-22 22:00:00,2026-07-22 22:01:07.528299,,67.528299496,VR2AR-69,549924,1
TEMP,2026-07-22 23:00:00,2026-07-22 23:01:07.56628,,67.566280870,VR2AR-69,549924,12.516,
DEPTH,2026-07-22 23:00:00,2026-07-22 23:01:07.56628,,67.566280870,VR2AR-69,549924,16
ATTITUDE,2026-07-22 23:00:00,2026-07-22 23:01:07.56628,,67.566280870,VR2AR-69,549924,1
TEMP,2026-07-23 00:00:00,2026-07-23 00:01:07.604262,,67.604262245,VR2AR-69,549924,12.599,
DEPTH,2026-07-23 00:00:00,2026-07-23 00:01:07.604262,,67.604262245,VR2AR-69,549924,15
ATTITUDE,2026-07-23 00:00:00,2026-07-23 00:01:07.604262,,67.604262245,VR2AR-69,549924,2
TEMP,2026-07-23 01:00:00,2026-07-23 01:01:07.642243,,67.642243620,VR2AR-69,549924,12.661,
DEPTH,2026-07-23 01:00:00,2026-07-23 01:01:07.642243,,67.642243620,VR2AR-69,549924,15
ATTITUDE,2026-07-23 01:00:00,2026-07-23 01:01:07.642243,,67.642243620,VR2AR-69,549924,2
TEMP,2026-07-23 02:00:00,2026-07-23 02:01:07.680224,,67.680224995,VR2AR-69,549924,12.848,
DEPTH,2026-07-23 02:00:00,2026-07-23 02:01:07.680224,,67.680224995,VR2AR-69,549924,14
ATTITUDE,2026-07-23 02:00:00,2026-07-23 02:01:07.680224,,67.680224995,VR2AR-69,549924,0
TEMP,2026-07-23 03:00:00,2026-07-23 03:01:07.718206,,67.718206370,VR2AR-69,549924,12.869,
DEPTH,2026-07-23 03:00:00,2026-07-23 03:01:07.718206,,67.718206370,VR2AR-69,549924,14
ATTITUDE,2026-07-23 03:00:00,2026-07-23 03:01:07.718206,,67.718206370,VR2AR-69,549924,0
TEMP,2026-07-23 04:00:00,2026-07-23 04:01:07.756187,,67.756187744,VR2AR-69,549924,12.931,
DEPTH,2026-07-23 04:00:00,2026-07-23 04:01:07.756187,,67.756187744,VR2AR-69,549924,13
ATTITUDE,2026-07-23 04:00:00,2026-07-23 04:01:07.756187,,67.756187744,VR2AR-69,549924,2
TEMP,2026-07-23 05:00:00,2026-07-23 05:01:07.794169,,67.794169119,VR2AR-69,549924,13.015,
DEPTH,2026-07-23 05:00:00,2026-07-23 05:01:07.794169,,67.794169119,VR2AR-69,549924,13
ATTITUDE,2026-07-23 05:00:00,2026-07-23 05:01:07.794169,,67.794169119,VR2AR-69,549924,3
TEMP,2026-07-23 06:00:00,2026-07-23 06:01:07.83215,,67.832150494,VR2AR-69,549924,13.056,
DEPTH,2026-07-23 06:00:00,2026-07-23 06:01:07.83215,,67.832150494,VR2AR-69,549924,13
ATTITUDE,2026-07-23 06:00:00,2026-07-23 06:01:07.83215,,67.832150494,VR2AR-69,549924,1
TEMP,2026-07-23 07:00:00,2026-07-23 07:01:07.870131,,67.870131868,VR2AR-69,549924,13.035,
DEPTH,2026-07-23 07:00:00,2026-07-23 07:01:07.870131,,67.870131868,VR2AR-69,549924,14
ATTITUDE,2026-07-23 07:00:00,2026-07-23 07:01:07.870131,,67.870131868,VR2AR-69,549924,1
TEMP,2026-07-23 08:00:00,2026-07-23 08:01:07.908113,,67.908113243,VR2AR-69,549924,12.994,
DEPTH,2026-07-23 08:00:00,2026-07-23 08:01:07.908113,,67.908113243,VR2AR-69,549924,14
ATTITUDE,2026-07-23 08:00:00,2026-07-23 08:01:07.908113,,67.908113243,VR2AR-69,549924,3
TEMP,2026-07-23 09:00:00,2026-07-23 09:01:07.946094,,67.946094619,VR2AR-69,549924,12.433,
DEPTH,2026-07-23 09:00:00,2026-07-23 09:01:07.946094,,67.946094619,VR2AR-69,549924,15
ATTITUDE,2026-07-23 09:00:00,2026-07-23 09:01:07.946094,,67.946094619,VR2AR-69,549924,1
TEMP,2026-07-23 10:00:00,2026-07-23 10:01:07.984075,,67.984075993,VR2AR-69,549924,11.565,
DEPTH,2026-07-23 10:00:00,2026-07-23 10:01:07.984075,,67.984075993,VR2AR-69,549924,15
ATTITUDE,2026-07-23 10:00:00,2026-07-23 10:01:07.984075,,67.984075993,VR2AR-69,549924,2
TEMP,2026-07-23 11:00:00,2026-07-23 11:01:08.022057,,68.022057368,VR2AR-69,549924,11.853,
DEPTH,2026-07-23 11:00:00,2026-07-23 11:01:08.022057,,68.022057368,VR2AR-69,549924,15
ATTITUDE,2026-07-23 11:00:00,2026-07-23 11:01:08.022057,,68.022057368,VR2AR-69,549924,2
TEMP,2026-07-23 12:00:00,2026-07-23 12:01:08.060038,,68.060038742,VR2AR-69,549924,12.081,
DEPTH,2026-07-23 12:00:00,2026-07-23 12:01:08.060038,,68.060038742,VR2AR-69,549924,15
ATTITUDE,2026-07-23 12:00:00,2026-07-23 12:01:08.060038,,68.060038742,VR2AR-69,549924,1
TEMP,2026-07-23 13:00:00,2026-07-23 13:01:08.09802,,68.098020117,VR2AR-69,549924,12.205,
DEPTH,2026-07-23 13:00:00,2026-07-23 13:01:08.09802,,68.098020117,VR2AR-69,549924,15
ATTITUDE,2026-07-23 13:00:00,2026-07-23 13:01:08.09802,,68.098020117,VR2AR-69,549924,1
TEMP,2026-07-23 14:00:00,2026-07-23 14:01:08.136001,,68.136001492,VR2AR-69,549924,12.64,
DEPTH,2026-07-23 14:00:00,2026-07-23 14:01:08.136001,,68.136001492,VR2AR-69,549924,14
ATTITUDE,2026-07-23 14:00:00,2026-07-23 14:01:08.136001,,68.136001492,VR2AR-69,549924,1
TEMP,2026-07-23 15:00:00,2026-07-23 15:01:08.173982,,68.173982867,VR2AR-69,549924,12.723,
DEPTH,2026-07-23 15:00:00,2026-07-23 15:01:08.173982,,68.173982867,VR2AR-69,549924,14
ATTITUDE,2026-07-23 15:00:00,2026-07-23 15:01:08.173982,,68.173982867,VR2AR-69,549924,2
TEMP,2026-07-23 16:00:00,2026-07-23 16:01:08.211964,,68.211964242,VR2AR-69,549924,12.827,
DEPTH,2026-07-23 16:00:00,2026-07-23 16:01:08.211964,,68.211964242,VR2AR-69,549924,14
ATTITUDE,2026-07-23 16:00:00,2026-07-23 16:01:08.211964,,68.211964242,VR2AR-69,549924,1
TEMP,2026-07-23 17:00:00,2026-07-23 17:01:08.249945,,68.249945617,VR2AR-69,549924,12.952,
DEPTH,2026-07-23 17:00:00,2026-07-23 17:01:08.249945,,68.249945617,VR2AR-69,549924,13
ATTITUDE,2026-07-23 17:00:00,2026-07-23 17:01:08.249945,,68.249945617,VR2AR-69,549924,1
TEMP,2026-07-23 18:00:00,2026-07-23 18:01:08.287926,,68.287926991,VR2AR-69,549924,13.056,
DEPTH,2026-07-23 18:00:00,2026-07-23 18:01:08.287926,,68.287926991,VR2AR-69,549924,14
ATTITUDE,2026-07-23 18:00:00,2026-07-23 18:01:08.287926,,68.287926991,VR2AR-69,549924,2
TEMP,2026-07-23 19:00:00,2026-07-23 19:01:08.325908,,68.325908366,VR2AR-69,549924,12.702,
DEPTH,2026-07-23 19:00:00,2026-07-23 19:01:08.325908,,68.325908366,VR2AR-69,549924,14
ATTITUDE,2026-07-23 19:00:00,2026-07-23 19:01:08.325908,,68.325908366,VR2AR-69,549924,1
TEMP,2026-07-23 20:00:00,2026-07-23 20:01:08.363889,,68.363889740,VR2AR-69,549924,12.205,
DEPTH,2026-07-23 20:00:00,2026-07-23 20:01:08.363889,,68.363889740,VR2AR-69,549924,15
ATTITUDE,2026-07-23 20:00:00,2026-07-23 20:01:08.363889,,68.363889740,VR2AR-69,549924,1
TEMP,2026-07-23 21:00:00,2026-07-23 21:01:08.401871,,68.401871115,VR2AR-69,549924,11.977,
DEPTH,2026-07-23 21:00:00,2026-07-23 21:01:08.401871,,68.401871115,VR2AR-69,549924,15
ATTITUDE,2026-07-23 21:00:00,2026-07-23 21:01:08.401871,,68.401871115,VR2AR-69,549924,2
TEMP,2026-07-23 22:00:00,2026-07-23 22:01:08.439852,,68.439852491,VR2AR-69,549924,12.039,
DEPTH,2026-07-23 22:00:00,2026-07-23 22:01:08.439852,,68.439852491,VR2AR-69,549924,16
ATTITUDE,2026-07-23 22:00:00,2026-07-23 22:01:08.439852,,68.439852491,VR2AR-69,549924,0
TEMP,2026-07-23 23:00:00,2026-07-23 23:01:08.477833,,68.477833865,VR2AR-69,549924,11.957,
DEPTH,2026-07-23 23:00:00,2026-07-23 23:01:08.477833,,68.477833865,VR2AR-69,549924,16
ATTITUDE,2026-07-23 23:00:00,2026-07-23 23:01:08.477833,,68.477833865,VR2AR-69,549924,1
TEMP,2026-07-24 00:00:00,2026-07-24 00:01:08.515815,,68.515815240,VR2AR-69,549924,12.163,
DEPTH,2026-07-24 00:00:00,2026-07-24 00:01:08.515815,,68.515815240,VR2AR-69,549924,16
ATTITUDE,2026-07-24 00:00:00,2026-07-24 00:01:08.515815,,68.515815240,VR2AR-69,549924,2
TEMP,2026-07-24 01:00:00,2026-07-24 01:01:08.553796,,68.553796615,VR2AR-69,549924,12.288,
DEPTH,2026-07-24 01:00:00,2026-07-24 01:01:08.553796,,68.553796615,VR2AR-69,549924,15
ATTITUDE,2026-07-24 01:00:00,2026-07-24 01:01:08.553796,,68.553796615,VR2AR-69,549924,2
TEMP,2026-07-24 02:00:00,2026-07-24 02:01:08.591777,,68.591777989,VR2AR-69,549924,12.557,
DEPTH,2026-07-24 02:00:00,2026-07-24 02:01:08.591777,,68.591777989,VR2AR-69,549924,15
ATTITUDE,2026-07-24 02:00:00,2026-07-24 02:01:08.591777,,68.591777989,VR2AR-69,549924,1
TEMP,2026-07-24 03:00:00,2026-07-24 03:01:08.629759,,68.629759364,VR2AR-69,549924,12.702,
DEPTH,2026-07-24 03:00:00,2026-07-24 03:01:08.629759,,68.629759364,VR2AR-69,549924,14
ATTITUDE,2026-07-24 03:00:00,2026-07-24 03:01:08.629759,,68.629759364,VR2AR-69,549924,1
TEMP,2026-07-24 04:00:00,2026-07-24 04:01:08.66774,,68.667740738,VR2AR-69,549924,12.806,
DEPTH,2026-07-24 04:00:00,2026-07-24 04:01:08.66774,,68.667740738,VR2AR-69,549924,14
ATTITUDE,2026-07-24 04:00:00,2026-07-24 04:01:08.66774,,68.667740738,VR2AR-69,549924,1
TEMP,2026-07-24 05:00:00,2026-07-24 05:01:08.705722,,68.705722114,VR2AR-69,549924,12.91,
DEPTH,2026-07-24 05:00:00,2026-07-24 05:01:08.705722,,68.705722114,VR2AR-69,549924,13
ATTITUDE,2026-07-24 05:00:00,2026-07-24 05:01:08.705722,,68.705722114,VR2AR-69,549924,2
TEMP,2026-07-24 06:00:00,2026-07-24 06:01:08.743703,,68.743703489,VR2AR-69,549924,13.035,
DEPTH,2026-07-24 06:00:00,2026-07-24 06:01:08.743703,,68.743703489,VR2AR-69,549924,13
ATTITUDE,2026-07-24 06:00:00,2026-07-24 06:01:08.743703,,68.743703489,VR2AR-69,549924,2
TEMP,2026-07-24 07:00:00,2026-07-24 07:01:08.781684,,68.781684863,VR2AR-69,549924,13.035,
DEPTH,2026-07-24 07:00:00,2026-07-24 07:01:08.781684,,68.781684863,VR2AR-69,549924,13
ATTITUDE,2026-07-24 07:00:00,2026-07-24 07:01:08.781684,,68.781684863,VR2AR-69,549924,2
TEMP,2026-07-24 08:00:00,2026-07-24 08:01:08.819666,,68.819666238,VR2AR-69,549924,13.035,
DEPTH,2026-07-24 08:00:00,2026-07-24 08:01:08.819666,,68.819666238,VR2AR-69,549924,14
ATTITUDE,2026-07-24 08:00:00,2026-07-24 08:01:08.819666,,68.819666238,VR2AR-69,549924,1
TEMP,2026-07-24 09:00:00,2026-07-24 09:01:08.857647,,68.857647613,VR2AR-69,549924,12.474,
DEPTH,2026-07-24 09:00:00,2026-07-24 09:01:08.857647,,68.857647613,VR2AR-69,549924,14
ATTITUDE,2026-07-24 09:00:00,2026-07-24 09:01:08.857647,,68.857647613,VR2AR-69,549924,1
TEMP,2026-07-24 10:00:00,2026-07-24 10:01:08.895628,,68.895628987,VR2AR-69,549924,11.709,
DEPTH,2026-07-24 10:00:00,2026-07-24 10:01:08.895628,,68.895628987,VR2AR-69,549924,15
ATTITUDE,2026-07-24 10:00:00,2026-07-24 10:01:08.895628,,68.895628987,VR2AR-69,549924,0
TEMP,2026-07-24 11:00:00,2026-07-24 11:01:08.93361,,68.933610362,VR2AR-69,549924,11.483,
DEPTH,2026-07-24 11:00:00,2026-07-24 11:01:08.93361,,68.933610362,VR2AR-69,549924,15
ATTITUDE,2026-07-24 11:00:00,2026-07-24 11:01:08.93361,,68.933610362,VR2AR-69,549924,2
TEMP,2026-07-24 12:00:00,2026-07-24 12:01:08.971591,,68.971591737,VR2AR-69,549924,12.039,
DEPTH,2026-07-24 12:00:00,2026-07-24 12:01:08.971591,,68.971591737,VR2AR-69,549924,15
ATTITUDE,2026-07-24 12:00:00,2026-07-24 12:01:08.971591,,68.971591737,VR2AR-69,549924,2
TEMP,2026-07-24 13:00:00,2026-07-24 13:01:09.009573,,69.009573112,VR2AR-69,549924,12.039,
DEPTH,2026-07-24 13:00:00,2026-07-24 13:01:09.009573,,69.009573112,VR2AR-69,549924,15
ATTITUDE,2026-07-24 13:00:00,2026-07-24 13:01:09.009573,,69.009573112,VR2AR-69,549924,2
TEMP,2026-07-24 14:00:00,2026-07-24 14:01:09.047554,,69.047554487,VR2AR-69,549924,12.081,
DEPTH,2026-07-24 14:00:00,2026-07-24 14:01:09.047554,,69.047554487,VR2AR-69,549924,15
ATTITUDE,2026-07-24 14:00:00,2026-07-24 14:01:09.047554,,69.047554487,VR2AR-69,549924,0
TEMP,2026-07-24 15:00:00,2026-07-24 15:01:09.085535,,69.085535861,VR2AR-69,549924,12.412,
DEPTH,2026-07-24 15:00:00,2026-07-24 15:01:09.085535,,69.085535861,VR2AR-69,549924,14
ATTITUDE,2026-07-24 15:00:00,2026-07-24 15:01:09.085535,,69.085535861,VR2AR-69,549924,1
TEMP,2026-07-24 16:00:00,2026-07-24 16:01:09.123517,,69.123517236,VR2AR-69,549924,12.64,
DEPTH,2026-07-24 16:00:00,2026-07-24 16:01:09.123517,,69.123517236,VR2AR-69,549924,14
ATTITUDE,2026-07-24 16:00:00,2026-07-24 16:01:09.123517,,69.123517236,VR2AR-69,549924,1
TEMP,2026-07-24 17:00:00,2026-07-24 17:01:09.161498,,69.161498610,VR2AR-69,549924,12.806,
DEPTH,2026-07-24 17:00:00,2026-07-24 17:01:09.161498,,69.161498610,VR2AR-69,549924,14
ATTITUDE,2026-07-24 17:00:00,2026-07-24 17:01:09.161498,,69.161498610,VR2AR-69,549924,2
TEMP,2026-07-24 18:00:00,2026-07-24 18:01:09.199479,,69.199479985,VR2AR-69,549924,12.994,
DEPTH,2026-07-24 18:00:00,2026-07-24 18:01:09.199479,,69.199479985,VR2AR-69,549924,14
ATTITUDE,2026-07-24 18:00:00,2026-07-24 18:01:09.199479,,69.199479985,VR2AR-69,549924,2
TEMP,2026-07-24 19:00:00,2026-07-24 19:01:09.237461,,69.237461361,VR2AR-69,549924,12.723,
DEPTH,2026-07-24 19:00:00,2026-07-24 19:01:09.237461,,69.237461361,VR2AR-69,549924,14
ATTITUDE,2026-07-24 19:00:00,2026-07-24 19:01:09.237461,,69.237461361,VR2AR-69,549924,1
TEMP,2026-07-24 20:00:00,2026-07-24 20:01:09.275442,,69.275442735,VR2AR-69,549924,12.744,
DEPTH,2026-07-24 20:00:00,2026-07-24 20:01:09.275442,,69.275442735,VR2AR-69,549924,14
ATTITUDE,2026-07-24 20:00:00,2026-07-24 20:01:09.275442,,69.275442735,VR2AR-69,549924,1
TEMP,2026-07-24 21:00:00,2026-07-24 21:01:09.313424,,69.313424110,VR2AR-69,549924,12.557,
DEPTH,2026-07-24 21:00:00,2026-07-24 21:01:09.313424,,69.313424110,VR2AR-69,549924,15
ATTITUDE,2026-07-24 21:00:00,2026-07-24 21:01:09.313424,,69.313424110,VR2AR-69,549924,1
TEMP,2026-07-24 22:00:00,2026-07-24 22:01:09.351405,,69.351405485,VR2AR-69,549924,12.453,
DEPTH,2026-07-24 22:00:00,2026-07-24 22:01:09.351405,,69.351405485,VR2AR-69,549924,15
ATTITUDE,2026-07-24 22:00:00,2026-07-24 22:01:09.351405,,69.351405485,VR2AR-69,549924,2
TEMP,2026-07-24 23:00:00,2026-07-24 23:01:09.389386,,69.389386859,VR2AR-69,549924,12.101,
DEPTH,2026-07-24 23:00:00,2026-07-24 23:01:09.389386,,69.389386859,VR2AR-69,549924,16
ATTITUDE,2026-07-24 23:00:00,2026-07-24 23:01:09.389386,,69.389386859,VR2AR-69,549924,3
TEMP,2026-07-25 00:00:00,2026-07-25 00:01:09.427368,,69.427368234,VR2AR-69,549924,12.474,
DEPTH,2026-07-25 00:00:00,2026-07-25 00:01:09.427368,,69.427368234,VR2AR-69,549924,16
ATTITUDE,2026-07-25 00:00:00,2026-07-25 00:01:09.427368,,69.427368234,VR2AR-69,549924,2
TEMP,2026-07-25 01:00:00,2026-07-25 01:01:09.465349,,69.465349609,VR2AR-69,549924,12.848,
DEPTH,2026-07-25 01:00:00,2026-07-25 01:01:09.465349,,69.465349609,VR2AR-69,549924,16
ATTITUDE,2026-07-25 01:00:00,2026-07-25 01:01:09.465349,,69.465349609,VR2AR-69,549924,1
TEMP,2026-07-25 02:00:00,2026-07-25 02:01:09.50333,,69.503330984,VR2AR-69,549924,12.578,
DEPTH,2026-07-25 02:00:00,2026-07-25 02:01:09.50333,,69.503330984,VR2AR-69,549924,15
ATTITUDE,2026-07-25 02:00:00,2026-07-25 02:01:09.50333,,69.503330984,VR2AR-69,549924,1
TEMP,2026-07-25 03:00:00,2026-07-25 03:01:09.541312,,69.541312359,VR2AR-69,549924,12.806,
DEPTH,2026-07-25 03:00:00,2026-07-25 03:01:09.541312,,69.541312359,VR2AR-69,549924,15
ATTITUDE,2026-07-25 03:00:00,2026-07-25 03:01:09.541312,,69.541312359,VR2AR-69,549924,2
TEMP,2026-07-25 04:00:00,2026-07-25 04:01:09.579293,,69.579293733,VR2AR-69,549924,12.91,
DEPTH,2026-07-25 04:00:00,2026-07-25 04:01:09.579293,,69.579293733,VR2AR-69,549924,14
ATTITUDE,2026-07-25 04:00:00,2026-07-25 04:01:09.579293,,69.579293733,VR2AR-69,549924,0
TEMP,2026-07-25 05:00:00,2026-07-25 05:01:09.617275,,69.617275108,VR2AR-69,549924,13.056,
DEPTH,2026-07-25 05:00:00,2026-07-25 05:01:09.617275,,69.617275108,VR2AR-69,549924,14
ATTITUDE,2026-07-25 05:00:00,2026-07-25 05:01:09.617275,,69.617275108,VR2AR-69,549924,2
TEMP,2026-07-25 06:00:00,2026-07-25 06:01:09.655256,,69.655256483,VR2AR-69,549924,13.098,
DEPTH,2026-07-25 06:00:00,2026-07-25 06:01:09.655256,,69.655256483,VR2AR-69,549924,13
ATTITUDE,2026-07-25 06:00:00,2026-07-25 06:01:09.655256,,69.655256483,VR2AR-69,549924,1
TEMP,2026-07-25 07:00:00,2026-07-25 07:01:09.693237,,69.693237857,VR2AR-69,549924,13.349,
DEPTH,2026-07-25 07:00:00,2026-07-25 07:01:09.693237,,69.693237857,VR2AR-69,549924,13
ATTITUDE,2026-07-25 07:00:00,2026-07-25 07:01:09.693237,,69.693237857,VR2AR-69,549924,1
TEMP,2026-07-25 08:00:00,2026-07-25 08:01:09.731219,,69.731219233,VR2AR-69,549924,13.098,
DEPTH,2026-07-25 08:00:00,2026-07-25 08:01:09.731219,,69.731219233,VR2AR-69,549924,13
ATTITUDE,2026-07-25 08:00:00,2026-07-25 08:01:09.731219,,69.731219233,VR2AR-69,549924,2
TEMP,2026-07-25 09:00:00,2026-07-25 09:01:09.7692,,69.769200607,VR2AR-69,549924,12.869,
DEPTH,2026-07-25 09:00:00,2026-07-25 09:01:09.7692,,69.769200607,VR2AR-69,549924,14
ATTITUDE,2026-07-25 09:00:00,2026-07-25 09:01:09.7692,,69.769200607,VR2AR-69,549924,1
TEMP,2026-07-25 10:00:00,2026-07-25 10:01:09.807181,,69.807181982,VR2AR-69,549924,12.702,
DEPTH,2026-07-25 10:00:00,2026-07-25 10:01:09.807181,,69.807181982,VR2AR-69,549924,15
ATTITUDE,2026-07-25 10:00:00,2026-07-25 10:01:09.807181,,69.807181982,VR2AR-69,549924,1
TEMP,2026-07-25 11:00:00,2026-07-25 11:01:09.845163,,69.845163357,VR2AR-69,549924,12.081,
DEPTH,2026-07-25 11:00:00,2026-07-25 11:01:09.845163,,69.845163357,VR2AR-69,549924,15
ATTITUDE,2026-07-25 11:00:00,2026-07-25 11:01:09.845163,,69.845163357,VR2AR-69,549924,1
TEMP,2026-07-25 12:00:00,2026-07-25 12:01:09.883144,,69.883144731,VR2AR-69,549924,12.039,
DEPTH,2026-07-25 12:00:00,2026-07-25 12:01:09.883144,,69.883144731,VR2AR-69,549924,15
ATTITUDE,2026-07-25 12:00:00,2026-07-25 12:01:09.883144,,69.883144731,VR2AR-69,549924,2
TEMP,2026-07-25 13:00:00,2026-07-25 13:01:09.921126,,69.921126106,VR2AR-69,549924,12.453,
DEPTH,2026-07-25 13:00:00,2026-07-25 13:01:09.921126,,69.921126106,VR2AR-69,549924,15
ATTITUDE,2026-07-25 13:00:00,2026-07-25 13:01:09.921126,,69.921126106,VR2AR-69,549924,2
TEMP,2026-07-25 14:00:00,2026-07-25 14:01:09.959107,,69.959107481,VR2AR-69,549924,12.495,
DEPTH,2026-07-25 14:00:00,2026-07-25 14:01:09.959107,,69.959107481,VR2AR-69,549924,15
ATTITUDE,2026-07-25 14:00:00,2026-07-25 14:01:09.959107,,69.959107481,VR2AR-69,549924,2
TEMP,2026-07-25 15:00:00,2026-07-25 15:01:09.997088,,69.997088856,VR2AR-69,549924,12.433,
DEPTH,2026-07-25 15:00:00,2026-07-25 15:01:09.997088,,69.997088856,VR2AR-69,549924,15
ATTITUDE,2026-07-25 15:00:00,2026-07-25 15:01:09.997088,,69.997088856,VR2AR-69,549924,2
TEMP,2026-07-25 16:00:00,2026-07-25 16:01:10.03507,,70.035070231,VR2AR-69,549924,12.765,
DEPTH,2026-07-25 16:00:00,2026-07-25 16:01:10.03507,,70.035070231,VR2AR-69,549924,14
ATTITUDE,2026-07-25 16:00:00,2026-07-25 16:01:10.03507,,70.035070231,VR2AR-69,549924,1
TEMP,2026-07-25 17:00:00,2026-07-25 17:01:10.073051,,70.073051605,VR2AR-69,549924,12.973,
DEPTH,2026-07-25 17:00:00,2026-07-25 17:01:10.073051,,70.073051605,VR2AR-69,549924,14
ATTITUDE,2026-07-25 17:00:00,2026-07-25 17:01:10.073051,,70.073051605,VR2AR-69,549924,1
TEMP,2026-07-25 18:00:00,2026-07-25 18:01:10.111032,,70.111032980,VR2AR-69,549924,13.056,
DEPTH,2026-07-25 18:00:00,2026-07-25 18:01:10.111032,,70.111032980,VR2AR-69,549924,14
ATTITUDE,2026-07-25 18:00:00,2026-07-25 18:01:10.111032,,70.111032980,VR2AR-69,549924,1
TEMP,2026-07-25 19:00:00,2026-07-25 19:01:10.149014,,70.149014355,VR2AR-69,549924,13.307,
DEPTH,2026-07-25 19:00:00,2026-07-25 19:01:10.149014,,70.149014355,VR2AR-69,549924,14
ATTITUDE,2026-07-25 19:00:00,2026-07-25 19:01:10.149014,,70.149014355,VR2AR-69,549924,1
TEMP,2026-07-25 20:00:00,2026-07-25 20:01:10.186995,,70.186995729,VR2AR-69,549924,13.182,
DEPTH,2026-07-25 20:00:00,2026-07-25 20:01:10.186995,,70.186995729,VR2AR-69,549924,14
ATTITUDE,2026-07-25 20:00:00,2026-07-25 20:01:10.186995,,70.186995729,VR2AR-69,549924,1
TEMP,2026-07-25 21:00:00,2026-07-25 21:01:10.224977,,70.224977104,VR2AR-69,549924,13.14,
DEPTH,2026-07-25 21:00:00,2026-07-25 21:01:10.224977,,70.224977104,VR2AR-69,549924,14
ATTITUDE,2026-07-25 21:00:00,2026-07-25 21:01:10.224977,,70.224977104,VR2AR-69,549924,1
TEMP,2026-07-25 22:00:00,2026-07-25 22:01:10.262958,,70.262958480,VR2AR-69,549924,13.098,
DEPTH,2026-07-25 22:00:00,2026-07-25 22:01:10.262958,,70.262958480,VR2AR-69,549924,15
ATTITUDE,2026-07-25 22:00:00,2026-07-25 22:01:10.262958,,70.262958480,VR2AR-69,549924,1
TEMP,2026-07-25 23:00:00,2026-07-25 23:01:10.300939,,70.300939854,VR2AR-69,549924,12.744,
DEPTH,2026-07-25 23:00:00,2026-07-25 23:01:10.300939,,70.300939854,VR2AR-69,549924,15
ATTITUDE,2026-07-25 23:00:00,2026-07-25 23:01:10.300939,,70.300939854,VR2AR-69,549924,1
TEMP,2026-07-26 00:00:00,2026-07-26 00:01:10.338921,,70.338921229,VR2AR-69,549924,12.453,
DEPTH,2026-07-26 00:00:00,2026-07-26 00:01:10.338921,,70.338921229,VR2AR-69,549924,16
ATTITUDE,2026-07-26 00:00:00,2026-07-26 00:01:10.338921,,70.338921229,VR2AR-69,549924,1
TEMP,2026-07-26 01:00:00,2026-07-26 01:01:10.376902,,70.376902603,VR2AR-69,549924,12.453,
DEPTH,2026-07-26 01:00:00,2026-07-26 01:01:10.376902,,70.376902603,VR2AR-69,549924,16
ATTITUDE,2026-07-26 01:00:00,2026-07-26 01:01:10.376902,,70.376902603,VR2AR-69,549924,1
TEMP,2026-07-26 02:00:00,2026-07-26 02:01:10.414883,,70.414883978,VR2AR-69,549924,12.931,
DEPTH,2026-07-26 02:00:00,2026-07-26 02:01:10.414883,,70.414883978,VR2AR-69,549924,16
ATTITUDE,2026-07-26 02:00:00,2026-07-26 02:01:10.414883,,70.414883978,VR2AR-69,549924,2
TEMP,2026-07-26 03:00:00,2026-07-26 03:01:10.452865,,70.452865353,VR2AR-69,549924,12.848,
DEPTH,2026-07-26 03:00:00,2026-07-26 03:01:10.452865,,70.452865353,VR2AR-69,549924,15
ATTITUDE,2026-07-26 03:00:00,2026-07-26 03:01:10.452865,,70.452865353,VR2AR-69,549924,1
TEMP,2026-07-26 04:00:00,2026-07-26 04:01:10.490846,,70.490846727,VR2AR-69,549924,13.265,
DEPTH,2026-07-26 04:00:00,2026-07-26 04:01:10.490846,,70.490846727,VR2AR-69,549924,15
ATTITUDE,2026-07-26 04:00:00,2026-07-26 04:01:10.490846,,70.490846727,VR2AR-69,549924,1
TEMP,2026-07-26 05:00:00,2026-07-26 05:01:10.528828,,70.528828103,VR2AR-69,549924,13.37,
DEPTH,2026-07-26 05:00:00,2026-07-26 05:01:10.528828,,70.528828103,VR2AR-69,549924,14
ATTITUDE,2026-07-26 05:00:00,2026-07-26 05:01:10.528828,,70.528828103,VR2AR-69,549924,1
TEMP,2026-07-26 06:00:00,2026-07-26 06:01:10.566809,,70.566809478,VR2AR-69,549924,13.432,
DEPTH,2026-07-26 06:00:00,2026-07-26 06:01:10.566809,,70.566809478,VR2AR-69,549924,14
ATTITUDE,2026-07-26 06:00:00,2026-07-26 06:01:10.566809,,70.566809478,VR2AR-69,549924,1
TEMP,2026-07-26 07:00:00,2026-07-26 07:01:10.60479,,70.604790852,VR2AR-69,549924,13.6,
DEPTH,2026-07-26 07:00:00,2026-07-26 07:01:10.60479,,70.604790852,VR2AR-69,549924,13
ATTITUDE,2026-07-26 07:00:00,2026-07-26 07:01:10.60479,,70.604790852,VR2AR-69,549924,1
TEMP,2026-07-26 08:00:00,2026-07-26 08:01:10.642772,,70.642772227,VR2AR-69,549924,13.747,
DEPTH,2026-07-26 08:00:00,2026-07-26 08:01:10.642772,,70.642772227,VR2AR-69,549924,13
ATTITUDE,2026-07-26 08:00:00,2026-07-26 08:01:10.642772,,70.642772227,VR2AR-69,549924,1
TEMP,2026-07-26 09:00:00,2026-07-26 09:01:10.680753,,70.680753601,VR2AR-69,549924,13.391,
DEPTH,2026-07-26 09:00:00,2026-07-26 09:01:10.680753,,70.680753601,VR2AR-69,549924,13
ATTITUDE,2026-07-26 09:00:00,2026-07-26 09:01:10.680753,,70.680753601,VR2AR-69,549924,1
TEMP,2026-07-26 10:00:00,2026-07-26 10:01:10.718734,,70.718734976,VR2AR-69,549924,13.391,
DEPTH,2026-07-26 10:00:00,2026-07-26 10:01:10.718734,,70.718734976,VR2AR-69,549924,14
ATTITUDE,2026-07-26 10:00:00,2026-07-26 10:01:10.718734,,70.718734976,VR2AR-69,549924,1
TEMP,2026-07-26 11:00:00,2026-07-26 11:01:10.756716,,70.756716351,VR2AR-69,549924,12.702,
DEPTH,2026-07-26 11:00:00,2026-07-26 11:01:10.756716,,70.756716351,VR2AR-69,549924,15
ATTITUDE,2026-07-26 11:00:00,2026-07-26 11:01:10.756716,,70.756716351,VR2AR-69,549924,1
TEMP,2026-07-26 12:00:00,2026-07-26 12:01:10.794697,,70.794697726,VR2AR-69,549924,12.205,
DEPTH,2026-07-26 12:00:00,2026-07-26 12:01:10.794697,,70.794697726,VR2AR-69,549924,15
ATTITUDE,2026-07-26 12:00:00,2026-07-26 12:01:10.794697,,70.794697726,VR2AR-69,549924,2
TEMP,2026-07-26 13:00:00,2026-07-26 13:01:10.832679,,70.832679101,VR2AR-69,549924,12.599,
DEPTH,2026-07-26 13:00:00,2026-07-26 13:01:10.832679,,70.832679101,VR2AR-69,549924,15
ATTITUDE,2026-07-26 13:00:00,2026-07-26 13:01:10.832679,,70.832679101,VR2AR-69,549924,1
TEMP,2026-07-26 14:00:00,2026-07-26 14:01:10.87066,,70.870660476,VR2AR-69,549924,12.786,
DEPTH,2026-07-26 14:00:00,2026-07-26 14:01:10.87066,,70.870660476,VR2AR-69,549924,15
ATTITUDE,2026-07-26 14:00:00,2026-07-26 14:01:10.87066,,70.870660476,VR2AR-69,549924,2
TEMP,2026-07-26 15:00:00,2026-07-26 15:01:10.908641,,70.908641850,VR2AR-69,549924,12.973,
DEPTH,2026-07-26 15:00:00,2026-07-26 15:01:10.908641,,70.908641850,VR2AR-69,549924,15
ATTITUDE,2026-07-26 15:00:00,2026-07-26 15:01:10.908641,,70.908641850,VR2AR-69,549924,1
TEMP,2026-07-26 16:00:00,2026-07-26 16:01:10.946623,,70.946623225,VR2AR-69,549924,13.015,
DEPTH,2026-07-26 16:00:00,2026-07-26 16:01:10.946623,,70.946623225,VR2AR-69,549924,15
ATTITUDE,2026-07-26 16:00:00,2026-07-26 16:01:10.946623,,70.946623225,VR2AR-69,549924,1
TEMP,2026-07-26 17:00:00,2026-07-26 17:01:10.984604,,70.984604599,VR2AR-69,549924,13.223,
DEPTH,2026-07-26 17:00:00,2026-07-26 17:01:10.984604,,70.984604599,VR2AR-69,549924,14
ATTITUDE,2026-07-26 17:00:00,2026-07-26 17:01:10.984604,,70.984604599,VR2AR-69,549924,2
TEMP,2026-07-26 18:00:00,2026-07-26 18:01:11.022585,,71.022585975,VR2AR-69,549924,13.265,
DEPTH,2026-07-26 18:00:00,2026-07-26 18:01:11.022585,,71.022585975,VR2AR-69,549924,14
ATTITUDE,2026-07-26 18:00:00,2026-07-26 18:01:11.022585,,71.022585975,VR2AR-69,549924,1
TEMP,2026-07-26 19:00:00,2026-07-26 19:01:11.060567,,71.060567350,VR2AR-69,549924,13.411,
DEPTH,2026-07-26 19:00:00,2026-07-26 19:01:11.060567,,71.060567350,VR2AR-69,549924,14
ATTITUDE,2026-07-26 19:00:00,2026-07-26 19:01:11.060567,,71.060567350,VR2AR-69,549924,2
TEMP,2026-07-26 20:00:00,2026-07-26 20:01:11.098548,,71.098548724,VR2AR-69,549924,13.474,
DEPTH,2026-07-26 20:00:00,2026-07-26 20:01:11.098548,,71.098548724,VR2AR-69,549924,14
ATTITUDE,2026-07-26 20:00:00,2026-07-26 20:01:11.098548,,71.098548724,VR2AR-69,549924,0
TEMP,2026-07-26 21:00:00,2026-07-26 21:01:11.13653,,71.136530099,VR2AR-69,549924,13.537,
DEPTH,2026-07-26 21:00:00,2026-07-26 21:01:11.13653,,71.136530099,VR2AR-69,549924,14
ATTITUDE,2026-07-26 21:00:00,2026-07-26 21:01:11.13653,,71.136530099,VR2AR-69,549924,1
TEMP,2026-07-26 22:00:00,2026-07-26 22:01:11.174511,,71.174511473,VR2AR-69,549924,13.474,
DEPTH,2026-07-26 22:00:00,2026-07-26 22:01:11.174511,,71.174511473,VR2AR-69,549924,14
ATTITUDE,2026-07-26 22:00:00,2026-07-26 22:01:11.174511,,71.174511473,VR2AR-69,549924,1
TEMP,2026-07-26 23:00:00,2026-07-26 23:01:11.212492,,71.212492848,VR2AR-69,549924,13.391,
DEPTH,2026-07-26 23:00:00,2026-07-26 23:01:11.212492,,71.212492848,VR2AR-69,549924,15
ATTITUDE,2026-07-26 23:00:00,2026-07-26 23:01:11.212492,,71.212492848,VR2AR-69,549924,2
TEMP,2026-07-27 00:00:00,2026-07-27 00:01:11.250474,,71.250474223,VR2AR-69,549924,13.14,
DEPTH,2026-07-27 00:00:00,2026-07-27 00:01:11.250474,,71.250474223,VR2AR-69,549924,15
ATTITUDE,2026-07-27 00:00:00,2026-07-27 00:01:11.250474,,71.250474223,VR2AR-69,549924,2
TEMP,2026-07-27 01:00:00,2026-07-27 01:01:11.288455,,71.288455598,VR2AR-69,549924,12.536,
DEPTH,2026-07-27 01:00:00,2026-07-27 01:01:11.288455,,71.288455598,VR2AR-69,549924,16
ATTITUDE,2026-07-27 01:00:00,2026-07-27 01:01:11.288455,,71.288455598,VR2AR-69,549924,1
TEMP,2026-07-27 02:00:00,2026-07-27 02:01:11.326436,,71.326436973,VR2AR-69,549924,13.286,
DEPTH,2026-07-27 02:00:00,2026-07-27 02:01:11.326436,,71.326436973,VR2AR-69,549924,16
ATTITUDE,2026-07-27 02:00:00,2026-07-27 02:01:11.326436,,71.326436973,VR2AR-69,549924,1
TEMP,2026-07-27 03:00:00,2026-07-27 03:01:11.364418,,71.364418348,VR2AR-69,549924,13.453,
DEPTH,2026-07-27 03:00:00,2026-07-27 03:01:11.364418,,71.364418348,VR2AR-69,549924,16
ATTITUDE,2026-07-27 03:00:00,2026-07-27 03:01:11.364418,,71.364418348,VR2AR-69,549924,1
TEMP,2026-07-27 04:00:00,2026-07-27 04:01:11.402399,,71.402399722,VR2AR-69,549924,13.537,
DEPTH,2026-07-27 04:00:00,2026-07-27 04:01:11.402399,,71.402399722,VR2AR-69,549924,15
ATTITUDE,2026-07-27 04:00:00,2026-07-27 04:01:11.402399,,71.402399722,VR2AR-69,549924,1
TEMP,2026-07-27 05:00:00,2026-07-27 05:01:11.440381,,71.440381097,VR2AR-69,549924,13.558,
DEPTH,2026-07-27 05:00:00,2026-07-27 05:01:11.440381,,71.440381097,VR2AR-69,549924,15
ATTITUDE,2026-07-27 05:00:00,2026-07-27 05:01:11.440381,,71.440381097,VR2AR-69,549924,1
TEMP,2026-07-27 06:00:00,2026-07-27 06:01:11.478362,,71.478362471,VR2AR-69,549924,13.705,
DEPTH,2026-07-27 06:00:00,2026-07-27 06:01:11.478362,,71.478362471,VR2AR-69,549924,14
ATTITUDE,2026-07-27 06:00:00,2026-07-27 06:01:11.478362,,71.478362471,VR2AR-69,549924,1
TEMP,2026-07-27 07:00:00,2026-07-27 07:01:11.516343,,71.516343846,VR2AR-69,549924,13.81,
DEPTH,2026-07-27 07:00:00,2026-07-27 07:01:11.516343,,71.516343846,VR2AR-69,549924,13
ATTITUDE,2026-07-27 07:00:00,2026-07-27 07:01:11.516343,,71.516343846,VR2AR-69,549924,1
TEMP,2026-07-27 08:00:00,2026-07-27 08:01:11.554325,,71.554325222,VR2AR-69,549924,13.957,
DEPTH,2026-07-27 08:00:00,2026-07-27 08:01:11.554325,,71.554325222,VR2AR-69,549924,13
ATTITUDE,2026-07-27 08:00:00,2026-07-27 08:01:11.554325,,71.554325222,VR2AR-69,549924,0
TEMP,2026-07-27 09:00:00,2026-07-27 09:01:11.592306,,71.592306596,VR2AR-69,549924,13.999,
DEPTH,2026-07-27 09:00:00,2026-07-27 09:01:11.592306,,71.592306596,VR2AR-69,549924,13
ATTITUDE,2026-07-27 09:00:00,2026-07-27 09:01:11.592306,,71.592306596,VR2AR-69,549924,1
TEMP,2026-07-27 10:00:00,2026-07-27 10:01:11.630287,,71.630287971,VR2AR-69,549924,13.873,
DEPTH,2026-07-27 10:00:00,2026-07-27 10:01:11.630287,,71.630287971,VR2AR-69,549924,14
ATTITUDE,2026-07-27 10:00:00,2026-07-27 10:01:11.630287,,71.630287971,VR2AR-69,549924,1
TEMP,2026-07-27 11:00:00,2026-07-27 11:01:11.668269,,71.668269346,VR2AR-69,549924,13.6,
DEPTH,2026-07-27 11:00:00,2026-07-27 11:01:11.668269,,71.668269346,VR2AR-69,549924,14
ATTITUDE,2026-07-27 11:00:00,2026-07-27 11:01:11.668269,,71.668269346,VR2AR-69,549924,1
TEMP,2026-07-27 12:00:00,2026-07-27 12:01:11.70625,,71.706250720,VR2AR-69,549924,12.973,
DEPTH,2026-07-27 12:00:00,2026-07-27 12:01:11.70625,,71.706250720,VR2AR-69,549924,15
ATTITUDE,2026-07-27 12:00:00,2026-07-27 12:01:11.70625,,71.706250720,VR2AR-69,549924,1
TEMP,2026-07-27 13:00:00,2026-07-27 13:01:11.744232,,71.744232095,VR2AR-69,549924,12.599,
DEPTH,2026-07-27 13:00:00,2026-07-27 13:01:11.744232,,71.744232095,VR2AR-69,549924,15
ATTITUDE,2026-07-27 13:00:00,2026-07-27 13:01:11.744232,,71.744232095,VR2AR-69,549924,2
TEMP,2026-07-27 14:00:00,2026-07-27 14:01:11.782213,,71.782213469,VR2AR-69,549924,13.14,
DEPTH,2026-07-27 14:00:00,2026-07-27 14:01:11.782213,,71.782213469,VR2AR-69,549924,15
ATTITUDE,2026-07-27 14:00:00,2026-07-27 14:01:11.782213,,71.782213469,VR2AR-69,549924,1
TEMP,2026-07-27 15:00:00,2026-07-27 15:01:11.820194,,71.820194845,VR2AR-69,549924,13.182,
DEPTH,2026-07-27 15:00:00,2026-07-27 15:01:11.820194,,71.820194845,VR2AR-69,549924,15
ATTITUDE,2026-07-27 15:00:00,2026-07-27 15:01:11.820194,,71.820194845,VR2AR-69,549924,1
TEMP,2026-07-27 16:00:00,2026-07-27 16:01:11.858176,,71.858176220,VR2AR-69,549924,13.202,
DEPTH,2026-07-27 16:00:00,2026-07-27 16:01:11.858176,,71.858176220,VR2AR-69,549924,15
ATTITUDE,2026-07-27 16:00:00,2026-07-27 16:01:11.858176,,71.858176220,VR2AR-69,549924,1
TEMP,2026-07-27 17:00:00,2026-07-27 17:01:11.896157,,71.896157594,VR2AR-69,549924,13.391,
DEPTH,2026-07-27 17:00:00,2026-07-27 17:01:11.896157,,71.896157594,VR2AR-69,549924,15
ATTITUDE,2026-07-27 17:00:00,2026-07-27 17:01:11.896157,,71.896157594,VR2AR-69,549924,1
TEMP,2026-07-27 18:00:00,2026-07-27 18:01:11.934138,,71.934138969,VR2AR-69,549924,13.705,
DEPTH,2026-07-27 18:00:00,2026-07-27 18:01:11.934138,,71.934138969,VR2AR-69,549924,14
ATTITUDE,2026-07-27 18:00:00,2026-07-27 18:01:11.934138,,71.934138969,VR2AR-69,549924,0
TEMP,2026-07-27 19:00:00,2026-07-27 19:01:11.97212,,71.972120344,VR2AR-69,549924,13.621,
DEPTH,2026-07-27 19:00:00,2026-07-27 19:01:11.97212,,71.972120344,VR2AR-69,549924,14
ATTITUDE,2026-07-27 19:00:00,2026-07-27 19:01:11.97212,,71.972120344,VR2AR-69,549924,1
TEMP,2026-07-27 20:00:00,2026-07-27 20:01:12.010101,,72.010101718,VR2AR-69,549924,13.831,
DEPTH,2026-07-27 20:00:00,2026-07-27 20:01:12.010101,,72.010101718,VR2AR-69,549924,14
ATTITUDE,2026-07-27 20:00:00,2026-07-27 20:01:12.010101,,72.010101718,VR2AR-69,549924,2
TEMP,2026-07-27 21:00:00,2026-07-27 21:01:12.048083,,72.048083093,VR2AR-69,549924,13.957,
DEPTH,2026-07-27 21:00:00,2026-07-27 21:01:12.048083,,72.048083093,VR2AR-69,549924,14
ATTITUDE,2026-07-27 21:00:00,2026-07-27 21:01:12.048083,,72.048083093,VR2AR-69,549924,1
TEMP,2026-07-27 22:00:00,2026-07-27 22:01:12.086064,,72.086064468,VR2AR-69,549924,13.81,
DEPTH,2026-07-27 22:00:00,2026-07-27 22:01:12.086064,,72.086064468,VR2AR-69,549924,14
ATTITUDE,2026-07-27 22:00:00,2026-07-27 22:01:12.086064,,72.086064468,VR2AR-69,549924,1
TEMP,2026-07-27 23:00:00,2026-07-27 23:01:12.124045,,72.124045843,VR2AR-69,549924,13.81,
DEPTH,2026-07-27 23:00:00,2026-07-27 23:01:12.124045,,72.124045843,VR2AR-69,549924,14
ATTITUDE,2026-07-27 23:00:00,2026-07-27 23:01:12.124045,,72.124045843,VR2AR-69,549924,1
TEMP,2026-07-28 00:00:00,2026-07-28 00:01:12.162027,,72.162027218,VR2AR-69,549924,13.621,
DEPTH,2026-07-28 00:00:00,2026-07-28 00:01:12.162027,,72.162027218,VR2AR-69,549924,15
ATTITUDE,2026-07-28 00:00:00,2026-07-28 00:01:12.162027,,72.162027218,VR2AR-69,549924,1
TEMP,2026-07-28 01:00:00,2026-07-28 01:01:12.200008,,72.200008592,VR2AR-69,549924,13.202,
DEPTH,2026-07-28 01:00:00,2026-07-28 01:01:12.200008,,72.200008592,VR2AR-69,549924,16
ATTITUDE,2026-07-28 01:00:00,2026-07-28 01:01:12.200008,,72.200008592,VR2AR-69,549924,1
TEMP,2026-07-28 02:00:00,2026-07-28 02:01:12.237989,,72.237989967,VR2AR-69,549924,13.328,
DEPTH,2026-07-28 02:00:00,2026-07-28 02:01:12.237989,,72.237989967,VR2AR-69,549924,16
ATTITUDE,2026-07-28 02:00:00,2026-07-28 02:01:12.237989,,72.237989967,VR2AR-69,549924,2
TEMP,2026-07-28 03:00:00,2026-07-28 03:01:12.275971,,72.275971342,VR2AR-69,549924,13.915,
DEPTH,2026-07-28 03:00:00,2026-07-28 03:01:12.275971,,72.275971342,VR2AR-69,549924,16
ATTITUDE,2026-07-28 03:00:00,2026-07-28 03:01:12.275971,,72.275971342,VR2AR-69,549924,1
TEMP,2026-07-28 04:00:00,2026-07-28 04:01:12.313952,,72.313952716,VR2AR-69,549924,13.642,
DEPTH,2026-07-28 04:00:00,2026-07-28 04:01:12.313952,,72.313952716,VR2AR-69,549924,16
ATTITUDE,2026-07-28 04:00:00,2026-07-28 04:01:12.313952,,72.313952716,VR2AR-69,549924,1
TEMP,2026-07-28 05:00:00,2026-07-28 05:01:12.351934,,72.351934092,VR2AR-69,549924,13.768,
DEPTH,2026-07-28 05:00:00,2026-07-28 05:01:12.351934,,72.351934092,VR2AR-69,549924,15
ATTITUDE,2026-07-28 05:00:00,2026-07-28 05:01:12.351934,,72.351934092,VR2AR-69,549924,2
TEMP,2026-07-28 06:00:00,2026-07-28 06:01:12.389915,,72.389915466,VR2AR-69,549924,13.999,
DEPTH,2026-07-28 06:00:00,2026-07-28 06:01:12.389915,,72.389915466,VR2AR-69,549924,14
ATTITUDE,2026-07-28 06:00:00,2026-07-28 06:01:12.389915,,72.389915466,VR2AR-69,549924,1
TEMP,2026-07-28 07:00:00,2026-07-28 07:01:12.427896,,72.427896841,VR2AR-69,549924,14.231,
DEPTH,2026-07-28 07:00:00,2026-07-28 07:01:12.427896,,72.427896841,VR2AR-69,549924,14
ATTITUDE,2026-07-28 07:00:00,2026-07-28 07:01:12.427896,,72.427896841,VR2AR-69,549924,1
TEMP,2026-07-28 08:00:00,2026-07-28 08:01:12.465878,,72.465878216,VR2AR-69,549924,14.379,
DEPTH,2026-07-28 08:00:00,2026-07-28 08:01:12.465878,,72.465878216,VR2AR-69,549924,13
ATTITUDE,2026-07-28 08:00:00,2026-07-28 08:01:12.465878,,72.465878216,VR2AR-69,549924,2
TEMP,2026-07-28 09:00:00,2026-07-28 09:01:12.503859,,72.503859590,VR2AR-69,549924,14.379,
DEPTH,2026-07-28 09:00:00,2026-07-28 09:01:12.503859,,72.503859590,VR2AR-69,549924,13
ATTITUDE,2026-07-28 09:00:00,2026-07-28 09:01:12.503859,,72.503859590,VR2AR-69,549924,3
TEMP,2026-07-28 10:00:00,2026-07-28 10:01:12.54184,,72.541840965,VR2AR-69,549924,14.315,
DEPTH,2026-07-28 10:00:00,2026-07-28 10:01:12.54184,,72.541840965,VR2AR-69,549924,13
ATTITUDE,2026-07-28 10:00:00,2026-07-28 10:01:12.54184,,72.541840965,VR2AR-69,549924,1
TEMP,2026-07-28 11:00:00,2026-07-28 11:01:12.579822,,72.579822340,VR2AR-69,549924,14.231,
DEPTH,2026-07-28 11:00:00,2026-07-28 11:01:12.579822,,72.579822340,VR2AR-69,549924,14
ATTITUDE,2026-07-28 11:00:00,2026-07-28 11:01:12.579822,,72.579822340,VR2AR-69,549924,1
TEMP,2026-07-28 12:00:00,2026-07-28 12:01:12.617803,,72.617803715,VR2AR-69,549924,13.957,
DEPTH,2026-07-28 12:00:00,2026-07-28 12:01:12.617803,,72.617803715,VR2AR-69,549924,14
ATTITUDE,2026-07-28 12:00:00,2026-07-28 12:01:12.617803,,72.617803715,VR2AR-69,549924,1
TEMP,2026-07-28 13:00:00,2026-07-28 13:01:12.655785,,72.655785090,VR2AR-69,549924,12.931,
DEPTH,2026-07-28 13:00:00,2026-07-28 13:01:12.655785,,72.655785090,VR2AR-69,549924,15
ATTITUDE,2026-07-28 13:00:00,2026-07-28 13:01:12.655785,,72.655785090,VR2AR-69,549924,1
TEMP,2026-07-28 14:00:00,2026-07-28 14:01:12.693766,,72.693766464,VR2AR-69,549924,12.765,
DEPTH,2026-07-28 14:00:00,2026-07-28 14:01:12.693766,,72.693766464,VR2AR-69,549924,15
ATTITUDE,2026-07-28 14:00:00,2026-07-28 14:01:12.693766,,72.693766464,VR2AR-69,549924,1
TEMP,2026-07-28 15:00:00,2026-07-28 15:01:12.731747,,72.731747839,VR2AR-69,549924,13.453,
DEPTH,2026-07-28 15:00:00,2026-07-28 15:01:12.731747,,72.731747839,VR2AR-69,549924,16
ATTITUDE,2026-07-28 15:00:00,2026-07-28 15:01:12.731747,,72.731747839,VR2AR-69,549924,0
TEMP,2026-07-28 16:00:00,2026-07-28 16:01:12.769729,,72.769729214,VR2AR-69,549924,13.265,
DEPTH,2026-07-28 16:00:00,2026-07-28 16:01:12.769729,,72.769729214,VR2AR-69,549924,16
ATTITUDE,2026-07-28 16:00:00,2026-07-28 16:01:12.769729,,72.769729214,VR2AR-69,549924,1
TEMP,2026-07-28 17:00:00,2026-07-28 17:01:12.80771,,72.807710588,VR2AR-69,549924,13.182,
DEPTH,2026-07-28 17:00:00,2026-07-28 17:01:12.80771,,72.807710588,VR2AR-69,549924,15
ATTITUDE,2026-07-28 17:00:00,2026-07-28 17:01:12.80771,,72.807710588,VR2AR-69,549924,1
TEMP,2026-07-28 18:00:00,2026-07-28 18:01:12.845691,,72.845691964,VR2AR-69,549924,13.642,
DEPTH,2026-07-28 18:00:00,2026-07-28 18:01:12.845691,,72.845691964,VR2AR-69,549924,15
ATTITUDE,2026-07-28 18:00:00,2026-07-28 18:01:12.845691,,72.845691964,VR2AR-69,549924,1
TEMP,2026-07-28 19:00:00,2026-07-28 19:01:12.883673,,72.883673339,VR2AR-69,549924,13.873,
DEPTH,2026-07-28 19:00:00,2026-07-28 19:01:12.883673,,72.883673339,VR2AR-69,549924,14
ATTITUDE,2026-07-28 19:00:00,2026-07-28 19:01:12.883673,,72.883673339,VR2AR-69,549924,1
TEMP,2026-07-28 20:00:00,2026-07-28 20:01:12.921654,,72.921654713,VR2AR-69,549924,13.978,
DEPTH,2026-07-28 20:00:00,2026-07-28 20:01:12.921654,,72.921654713,VR2AR-69,549924,14
ATTITUDE,2026-07-28 20:00:00,2026-07-28 20:01:12.921654,,72.921654713,VR2AR-69,549924,0
TEMP,2026-07-28 21:00:00,2026-07-28 21:01:12.959636,,72.959636088,VR2AR-69,549924,14.104,
DEPTH,2026-07-28 21:00:00,2026-07-28 21:01:12.959636,,72.959636088,VR2AR-69,549924,13
ATTITUDE,2026-07-28 21:00:00,2026-07-28 21:01:12.959636,,72.959636088,VR2AR-69,549924,1
TEMP,2026-07-28 22:00:00,2026-07-28 22:01:12.997617,,72.997617462,VR2AR-69,549924,14.125,
DEPTH,2026-07-28 22:00:00,2026-07-28 22:01:12.997617,,72.997617462,VR2AR-69,549924,14
ATTITUDE,2026-07-28 22:00:00,2026-07-28 22:01:12.997617,,72.997617462,VR2AR-69,549924,0
TEMP,2026-07-28 23:00:00,2026-07-28 23:01:13.035598,,73.035598837,VR2AR-69,549924,13.978,
DEPTH,2026-07-28 23:00:00,2026-07-28 23:01:13.035598,,73.035598837,VR2AR-69,549924,14
ATTITUDE,2026-07-28 23:00:00,2026-07-28 23:01:13.035598,,73.035598837,VR2AR-69,549924,0
TEMP,2026-07-29 00:00:00,2026-07-29 00:01:13.07358,,73.073580212,VR2AR-69,549924,13.999,
DEPTH,2026-07-29 00:00:00,2026-07-29 00:01:13.07358,,73.073580212,VR2AR-69,549924,15
ATTITUDE,2026-07-29 00:00:00,2026-07-29 00:01:13.07358,,73.073580212,VR2AR-69,549924,1
TEMP,2026-07-29 01:00:00,2026-07-29 01:01:13.111561,,73.111561587,VR2AR-69,549924,13.579,
DEPTH,2026-07-29 01:00:00,2026-07-29 01:01:13.111561,,73.111561587,VR2AR-69,549924,15
ATTITUDE,2026-07-29 01:00:00,2026-07-29 01:01:13.111561,,73.111561587,VR2AR-69,549924,1
TEMP,2026-07-29 02:00:00,2026-07-29 02:01:13.149542,,73.149542962,VR2AR-69,549924,13.265,
DEPTH,2026-07-29 02:00:00,2026-07-29 02:01:13.149542,,73.149542962,VR2AR-69,549924,16
ATTITUDE,2026-07-29 02:00:00,2026-07-29 02:01:13.149542,,73.149542962,VR2AR-69,549924,1
TEMP,2026-07-29 03:00:00,2026-07-29 03:01:13.187524,,73.187524337,VR2AR-69,549924,12.973,
DEPTH,2026-07-29 03:00:00,2026-07-29 03:01:13.187524,,73.187524337,VR2AR-69,549924,16
ATTITUDE,2026-07-29 03:00:00,2026-07-29 03:01:13.187524,,73.187524337,VR2AR-69,549924,1
TEMP,2026-07-29 04:00:00,2026-07-29 04:01:13.225505,,73.225505711,VR2AR-69,549924,13.349,
DEPTH,2026-07-29 04:00:00,2026-07-29 04:01:13.225505,,73.225505711,VR2AR-69,549924,16
ATTITUDE,2026-07-29 04:00:00,2026-07-29 04:01:13.225505,,73.225505711,VR2AR-69,549924,0
TEMP,2026-07-29 05:00:00,2026-07-29 05:01:13.263487,,73.263487086,VR2AR-69,549924,13.349,
DEPTH,2026-07-29 05:00:00,2026-07-29 05:01:13.263487,,73.263487086,VR2AR-69,549924,15
ATTITUDE,2026-07-29 05:00:00,2026-07-29 05:01:13.263487,,73.263487086,VR2AR-69,549924,1
TEMP,2026-07-29 06:00:00,2026-07-29 06:01:13.301468,,73.301468460,VR2AR-69,549924,13.642,
DEPTH,2026-07-29 06:00:00,2026-07-29 06:01:13.301468,,73.301468460,VR2AR-69,549924,15
ATTITUDE,2026-07-29 06:00:00,2026-07-29 06:01:13.301468,,73.301468460,VR2AR-69,549924,1
TEMP,2026-07-29 07:00:00,2026-07-29 07:01:13.339449,,73.339449835,VR2AR-69,549924,13.831,
DEPTH,2026-07-29 07:00:00,2026-07-29 07:01:13.339449,,73.339449835,VR2AR-69,549924,14
ATTITUDE,2026-07-29 07:00:00,2026-07-29 07:01:13.339449,,73.339449835,VR2AR-69,549924,1
TEMP,2026-07-29 08:00:00,2026-07-29 08:01:13.377431,,73.377431211,VR2AR-69,549924,13.999,
DEPTH,2026-07-29 08:00:00,2026-07-29 08:01:13.377431,,73.377431211,VR2AR-69,549924,14
ATTITUDE,2026-07-29 08:00:00,2026-07-29 08:01:13.377431,,73.377431211,VR2AR-69,549924,1
TEMP,2026-07-29 09:00:00,2026-07-29 09:01:13.415412,,73.415412585,VR2AR-69,549924,14.168,
DEPTH,2026-07-29 09:00:00,2026-07-29 09:01:13.415412,,73.415412585,VR2AR-69,549924,13
ATTITUDE,2026-07-29 09:00:00,2026-07-29 09:01:13.415412,,73.415412585,VR2AR-69,549924,1
TEMP,2026-07-29 10:00:00,2026-07-29 10:01:13.453393,,73.453393960,VR2AR-69,549924,14.315,
DEPTH,2026-07-29 10:00:00,2026-07-29 10:01:13.453393,,73.453393960,VR2AR-69,549924,13
ATTITUDE,2026-07-29 10:00:00,2026-07-29 10:01:13.453393,,73.453393960,VR2AR-69,549924,1
TEMP,2026-07-29 11:00:00,2026-07-29 11:01:13.491375,,73.491375334,VR2AR-69,549924,14.062,
DEPTH,2026-07-29 11:00:00,2026-07-29 11:01:13.491375,,73.491375334,VR2AR-69,549924,13
ATTITUDE,2026-07-29 11:00:00,2026-07-29 11:01:13.491375,,73.491375334,VR2AR-69,549924,1
TEMP,2026-07-29 12:00:00,2026-07-29 12:01:13.529356,,73.529356709,VR2AR-69,549924,13.978,
DEPTH,2026-07-29 12:00:00,2026-07-29 12:01:13.529356,,73.529356709,VR2AR-69,549924,14
ATTITUDE,2026-07-29 12:00:00,2026-07-29 12:01:13.529356,,73.529356709,VR2AR-69,549924,1
TEMP,2026-07-29 13:00:00,2026-07-29 13:01:13.567338,,73.567338084,VR2AR-69,549924,13.474,
DEPTH,2026-07-29 13:00:00,2026-07-29 13:01:13.567338,,73.567338084,VR2AR-69,549924,15
ATTITUDE,2026-07-29 13:00:00,2026-07-29 13:01:13.567338,,73.567338084,VR2AR-69,549924,0
TEMP,2026-07-29 14:00:00,2026-07-29 14:01:13.605319,,73.605319458,VR2AR-69,549924,13.098,
DEPTH,2026-07-29 14:00:00,2026-07-29 14:01:13.605319,,73.605319458,VR2AR-69,549924,15
ATTITUDE,2026-07-29 14:00:00,2026-07-29 14:01:13.605319,,73.605319458,VR2AR-69,549924,1
TEMP,2026-07-29 15:00:00,2026-07-29 15:01:13.6433,,73.643300834,VR2AR-69,549924,13.6,
DEPTH,2026-07-29 15:00:00,2026-07-29 15:01:13.6433,,73.643300834,VR2AR-69,549924,15
ATTITUDE,2026-07-29 15:00:00,2026-07-29 15:01:13.6433,,73.643300834,VR2AR-69,549924,3
TEMP,2026-07-29 16:00:00,2026-07-29 16:01:13.681282,,73.681282209,VR2AR-69,549924,13.6,
DEPTH,2026-07-29 16:00:00,2026-07-29 16:01:13.681282,,73.681282209,VR2AR-69,549924,16
ATTITUDE,2026-07-29 16:00:00,2026-07-29 16:01:13.681282,,73.681282209,VR2AR-69,549924,0
TEMP,2026-07-29 17:00:00,2026-07-29 17:01:13.719263,,73.719263583,VR2AR-69,549924,13.789,
DEPTH,2026-07-29 17:00:00,2026-07-29 17:01:13.719263,,73.719263583,VR2AR-69,549924,15
ATTITUDE,2026-07-29 17:00:00,2026-07-29 17:01:13.719263,,73.719263583,VR2AR-69,549924,1
TEMP,2026-07-29 18:00:00,2026-07-29 18:01:13.757244,,73.757244958,VR2AR-69,549924,13.831,
DEPTH,2026-07-29 18:00:00,2026-07-29 18:01:13.757244,,73.757244958,VR2AR-69,549924,15
ATTITUDE,2026-07-29 18:00:00,2026-07-29 18:01:13.757244,,73.757244958,VR2AR-69,549924,1
TEMP,2026-07-29 19:00:00,2026-07-29 19:01:13.795226,,73.795226332,VR2AR-69,549924,14.02,
DEPTH,2026-07-29 19:00:00,2026-07-29 19:01:13.795226,,73.795226332,VR2AR-69,549924,14
ATTITUDE,2026-07-29 19:00:00,2026-07-29 19:01:13.795226,,73.795226332,VR2AR-69,549924,1
TEMP,2026-07-29 20:00:00,2026-07-29 20:01:13.833207,,73.833207707,VR2AR-69,549924,14.125,
DEPTH,2026-07-29 20:00:00,2026-07-29 20:01:13.833207,,73.833207707,VR2AR-69,549924,14
ATTITUDE,2026-07-29 20:00:00,2026-07-29 20:01:13.833207,,73.833207707,VR2AR-69,549924,1
TEMP,2026-07-29 21:00:00,2026-07-29 21:01:13.871189,,73.871189082,VR2AR-69,549924,14.21,
DEPTH,2026-07-29 21:00:00,2026-07-29 21:01:13.871189,,73.871189082,VR2AR-69,549924,13
ATTITUDE,2026-07-29 21:00:00,2026-07-29 21:01:13.871189,,73.871189082,VR2AR-69,549924,1
TEMP,2026-07-29 22:00:00,2026-07-29 22:01:13.90917,,73.909170457,VR2AR-69,549924,14.315,
DEPTH,2026-07-29 22:00:00,2026-07-29 22:01:13.90917,,73.909170457,VR2AR-69,549924,13
ATTITUDE,2026-07-29 22:00:00,2026-07-29 22:01:13.90917,,73.909170457,VR2AR-69,549924,1
TEMP,2026-07-29 23:00:00,2026-07-29 23:01:13.947151,,73.947151832,VR2AR-69,549924,14.168,
DEPTH,2026-07-29 23:00:00,2026-07-29 23:01:13.947151,,73.947151832,VR2AR-69,549924,14
ATTITUDE,2026-07-29 23:00:00,2026-07-29 23:01:13.947151,,73.947151832,VR2AR-69,549924,1
TEMP,2026-07-30 00:00:00,2026-07-30 00:01:13.985133,,73.985133207,VR2AR-69,549924,14.104,
DEPTH,2026-07-30 00:00:00,2026-07-30 00:01:13.985133,,73.985133207,VR2AR-69,549924,14
ATTITUDE,2026-07-30 00:00:00,2026-07-30 00:01:13.985133,,73.985133207,VR2AR-69,549924,1
TEMP,2026-07-30 01:00:00,2026-07-30 01:01:14.023114,,74.023114581,VR2AR-69,549924,13.831,
DEPTH,2026-07-30 01:00:00,2026-07-30 01:01:14.023114,,74.023114581,VR2AR-69,549924,15
ATTITUDE,2026-07-30 01:00:00,2026-07-30 01:01:14.023114,,74.023114581,VR2AR-69,549924,1
TEMP,2026-07-30 02:00:00,2026-07-30 02:01:14.061095,,74.061095956,VR2AR-69,549924,13.432,
DEPTH,2026-07-30 02:00:00,2026-07-30 02:01:14.061095,,74.061095956,VR2AR-69,549924,16
ATTITUDE,2026-07-30 02:00:00,2026-07-30 02:01:14.061095,,74.061095956,VR2AR-69,549924,1
TEMP,2026-07-30 03:00:00,2026-07-30 03:01:14.099077,,74.099077330,VR2AR-69,549924,13.223,
DEPTH,2026-07-30 03:00:00,2026-07-30 03:01:14.099077,,74.099077330,VR2AR-69,549924,16
ATTITUDE,2026-07-30 03:00:00,2026-07-30 03:01:14.099077,,74.099077330,VR2AR-69,549924,2
TEMP,2026-07-30 04:00:00,2026-07-30 04:01:14.137058,,74.137058706,VR2AR-69,549924,13.726,
DEPTH,2026-07-30 04:00:00,2026-07-30 04:01:14.137058,,74.137058706,VR2AR-69,549924,16
ATTITUDE,2026-07-30 04:00:00,2026-07-30 04:01:14.137058,,74.137058706,VR2AR-69,549924,1
TEMP,2026-07-30 05:00:00,2026-07-30 05:01:14.17504,,74.175040081,VR2AR-69,549924,14.02,
DEPTH,2026-07-30 05:00:00,2026-07-30 05:01:14.17504,,74.175040081,VR2AR-69,549924,16
ATTITUDE,2026-07-30 05:00:00,2026-07-30 05:01:14.17504,,74.175040081,VR2AR-69,549924,1
TEMP,2026-07-30 06:00:00,2026-07-30 06:01:14.213021,,74.213021455,VR2AR-69,549924,14.147,
DEPTH,2026-07-30 06:00:00,2026-07-30 06:01:14.213021,,74.213021455,VR2AR-69,549924,15
ATTITUDE,2026-07-30 06:00:00,2026-07-30 06:01:14.213021,,74.213021455,VR2AR-69,549924,2
TEMP,2026-07-30 07:00:00,2026-07-30 07:01:14.251002,,74.251002830,VR2AR-69,549924,14.125,
DEPTH,2026-07-30 07:00:00,2026-07-30 07:01:14.251002,,74.251002830,VR2AR-69,549924,15
ATTITUDE,2026-07-30 07:00:00,2026-07-30 07:01:14.251002,,74.251002830,VR2AR-69,549924,1
TEMP,2026-07-30 08:00:00,2026-07-30 08:01:14.288984,,74.288984205,VR2AR-69,549924,14.337,
DEPTH,2026-07-30 08:00:00,2026-07-30 08:01:14.288984,,74.288984205,VR2AR-69,549924,14
ATTITUDE,2026-07-30 08:00:00,2026-07-30 08:01:14.288984,,74.288984205,VR2AR-69,549924,0
TEMP,2026-07-30 09:00:00,2026-07-30 09:01:14.326965,,74.326965579,VR2AR-69,549924,14.379,
DEPTH,2026-07-30 09:00:00,2026-07-30 09:01:14.326965,,74.326965579,VR2AR-69,549924,13
ATTITUDE,2026-07-30 09:00:00,2026-07-30 09:01:14.326965,,74.326965579,VR2AR-69,549924,0
TEMP,2026-07-30 10:00:00,2026-07-30 10:01:14.364946,,74.364946954,VR2AR-69,549924,14.4,
DEPTH,2026-07-30 10:00:00,2026-07-30 10:01:14.364946,,74.364946954,VR2AR-69,549924,13
ATTITUDE,2026-07-30 10:00:00,2026-07-30 10:01:14.364946,,74.364946954,VR2AR-69,549924,1
TEMP,2026-07-30 11:00:00,2026-07-30 11:01:14.402928,,74.402928329,VR2AR-69,549924,14.506,
DEPTH,2026-07-30 11:00:00,2026-07-30 11:01:14.402928,,74.402928329,VR2AR-69,549924,13
ATTITUDE,2026-07-30 11:00:00,2026-07-30 11:01:14.402928,,74.402928329,VR2AR-69,549924,0
TEMP,2026-07-30 12:00:00,2026-07-30 12:01:14.440909,,74.440909704,VR2AR-69,549924,14.421,
DEPTH,2026-07-30 12:00:00,2026-07-30 12:01:14.440909,,74.440909704,VR2AR-69,549924,14
ATTITUDE,2026-07-30 12:00:00,2026-07-30 12:01:14.440909,,74.440909704,VR2AR-69,549924,1
TEMP,2026-07-30 13:00:00,2026-07-30 13:01:14.478891,,74.478891079,VR2AR-69,549924,14.379,
DEPTH,2026-07-30 13:00:00,2026-07-30 13:01:14.478891,,74.478891079,VR2AR-69,549924,14
ATTITUDE,2026-07-30 13:00:00,2026-07-30 13:01:14.478891,,74.478891079,VR2AR-69,549924,1
TEMP,2026-07-30 14:00:00,2026-07-30 14:01:14.516872,,74.516872453,VR2AR-69,549924,13.474,
DEPTH,2026-07-30 14:00:00,2026-07-30 14:01:14.516872,,74.516872453,VR2AR-69,549924,15
ATTITUDE,2026-07-30 14:00:00,2026-07-30 14:01:14.516872,,74.516872453,VR2AR-69,549924,1
TEMP,2026-07-30 15:00:00,2026-07-30 15:01:14.554853,,74.554853828,VR2AR-69,549924,12.599,
DEPTH,2026-07-30 15:00:00,2026-07-30 15:01:14.554853,,74.554853828,VR2AR-69,549924,15
ATTITUDE,2026-07-30 15:00:00,2026-07-30 15:01:14.554853,,74.554853828,VR2AR-69,549924,1
TEMP,2026-07-30 16:00:00,2026-07-30 16:01:14.592835,,74.592835203,VR2AR-69,549924,13.286,
DEPTH,2026-07-30 16:00:00,2026-07-30 16:01:14.592835,,74.592835203,VR2AR-69,549924,16
ATTITUDE,2026-07-30 16:00:00,2026-07-30 16:01:14.592835,,74.592835203,VR2AR-69,549924,1
TEMP,2026-07-30 17:00:00,2026-07-30 17:01:14.630816,,74.630816577,VR2AR-69,549924,13.642,
DEPTH,2026-07-30 17:00:00,2026-07-30 17:01:14.630816,,74.630816577,VR2AR-69,549924,16
ATTITUDE,2026-07-30 17:00:00,2026-07-30 17:01:14.630816,,74.630816577,VR2AR-69,549924,0
TEMP,2026-07-30 18:00:00,2026-07-30 18:01:14.668797,,74.668797953,VR2AR-69,549924,13.516,
DEPTH,2026-07-30 18:00:00,2026-07-30 18:01:14.668797,,74.668797953,VR2AR-69,549924,15
ATTITUDE,2026-07-30 18:00:00,2026-07-30 18:01:14.668797,,74.668797953,VR2AR-69,549924,1
TEMP,2026-07-30 19:00:00,2026-07-30 19:01:14.706779,,74.706779327,VR2AR-69,549924,13.831,
DEPTH,2026-07-30 19:00:00,2026-07-30 19:01:14.706779,,74.706779327,VR2AR-69,549924,15
ATTITUDE,2026-07-30 19:00:00,2026-07-30 19:01:14.706779,,74.706779327,VR2AR-69,549924,1
TEMP,2026-07-30 20:00:00,2026-07-30 20:01:14.74476,,74.744760702,VR2AR-69,549924,14.125,
DEPTH,2026-07-30 20:00:00,2026-07-30 20:01:14.74476,,74.744760702,VR2AR-69,549924,14
ATTITUDE,2026-07-30 20:00:00,2026-07-30 20:01:14.74476,,74.744760702,VR2AR-69,549924,0
TEMP,2026-07-30 21:00:00,2026-07-30 21:01:14.782742,,74.782742077,VR2AR-69,549924,14.252,
DEPTH,2026-07-30 21:00:00,2026-07-30 21:01:14.782742,,74.782742077,VR2AR-69,549924,14
ATTITUDE,2026-07-30 21:00:00,2026-07-30 21:01:14.782742,,74.782742077,VR2AR-69,549924,1
TEMP,2026-07-30 22:00:00,2026-07-30 22:01:14.820723,,74.820723451,VR2AR-69,549924,14.379,
DEPTH,2026-07-30 22:00:00,2026-07-30 22:01:14.820723,,74.820723451,VR2AR-69,549924,13
ATTITUDE,2026-07-30 22:00:00,2026-07-30 22:01:14.820723,,74.820723451,VR2AR-69,549924,1
TEMP,2026-07-30 23:00:00,2026-07-30 23:01:14.858704,,74.858704826,VR2AR-69,549924,14.485,
DEPTH,2026-07-30 23:00:00,2026-07-30 23:01:14.858704,,74.858704826,VR2AR-69,549924,13
ATTITUDE,2026-07-30 23:00:00,2026-07-30 23:01:14.858704,,74.858704826,VR2AR-69,549924,0
TEMP,2026-07-31 00:00:00,2026-07-31 00:01:14.896686,,74.896686201,VR2AR-69,549924,14.21,
DEPTH,2026-07-31 00:00:00,2026-07-31 00:01:14.896686,,74.896686201,VR2AR-69,549924,14
ATTITUDE,2026-07-31 00:00:00,2026-07-31 00:01:14.896686,,74.896686201,VR2AR-69,549924,1
TEMP,2026-07-31 01:00:00,2026-07-31 01:01:14.934667,,74.934667576,VR2AR-69,549924,14.294,
DEPTH,2026-07-31 01:00:00,2026-07-31 01:01:14.934667,,74.934667576,VR2AR-69,549924,14
ATTITUDE,2026-07-31 01:00:00,2026-07-31 01:01:14.934667,,74.934667576,VR2AR-69,549924,0
TEMP,2026-07-31 02:00:00,2026-07-31 02:01:14.972648,,74.972648951,VR2AR-69,549924,13.537,
DEPTH,2026-07-31 02:00:00,2026-07-31 02:01:14.972648,,74.972648951,VR2AR-69,549924,15
ATTITUDE,2026-07-31 02:00:00,2026-07-31 02:01:14.972648,,74.972648951,VR2AR-69,549924,0
TEMP,2026-07-31 03:00:00,2026-07-31 03:01:15.01063,,75.010630325,VR2AR-69,549924,12.869,
DEPTH,2026-07-31 03:00:00,2026-07-31 03:01:15.01063,,75.010630325,VR2AR-69,549924,16
ATTITUDE,2026-07-31 03:00:00,2026-07-31 03:01:15.01063,,75.010630325,VR2AR-69,549924,0
TEMP,2026-07-31 04:00:00,2026-07-31 04:01:15.048611,,75.048611700,VR2AR-69,549924,13.328,
DEPTH,2026-07-31 04:00:00,2026-07-31 04:01:15.048611,,75.048611700,VR2AR-69,549924,16
ATTITUDE,2026-07-31 04:00:00,2026-07-31 04:01:15.048611,,75.048611700,VR2AR-69,549924,2
TEMP,2026-07-31 05:00:00,2026-07-31 05:01:15.086593,,75.086593075,VR2AR-69,549924,13.81,
DEPTH,2026-07-31 05:00:00,2026-07-31 05:01:15.086593,,75.086593075,VR2AR-69,549924,16
ATTITUDE,2026-07-31 05:00:00,2026-07-31 05:01:15.086593,,75.086593075,VR2AR-69,549924,1
TEMP,2026-07-31 06:00:00,2026-07-31 06:01:15.124574,,75.124574449,VR2AR-69,549924,13.726,
DEPTH,2026-07-31 06:00:00,2026-07-31 06:01:15.124574,,75.124574449,VR2AR-69,549924,16
ATTITUDE,2026-07-31 06:00:00,2026-07-31 06:01:15.124574,,75.124574449,VR2AR-69,549924,1
TEMP,2026-07-31 07:00:00,2026-07-31 07:01:15.162555,,75.162555824,VR2AR-69,549924,13.936,
DEPTH,2026-07-31 07:00:00,2026-07-31 07:01:15.162555,,75.162555824,VR2AR-69,549924,15
ATTITUDE,2026-07-31 07:00:00,2026-07-31 07:01:15.162555,,75.162555824,VR2AR-69,549924,1
TEMP,2026-07-31 08:00:00,2026-07-31 08:01:15.200537,,75.200537200,VR2AR-69,549924,14.147,
DEPTH,2026-07-31 08:00:00,2026-07-31 08:01:15.200537,,75.200537200,VR2AR-69,549924,14
ATTITUDE,2026-07-31 08:00:00,2026-07-31 08:01:15.200537,,75.200537200,VR2AR-69,549924,2
TEMP,2026-07-31 09:00:00,2026-07-31 09:01:15.238518,,75.238518574,VR2AR-69,549924,14.189,
DEPTH,2026-07-31 09:00:00,2026-07-31 09:01:15.238518,,75.238518574,VR2AR-69,549924,14
ATTITUDE,2026-07-31 09:00:00,2026-07-31 09:01:15.238518,,75.238518574,VR2AR-69,549924,1
TEMP,2026-07-31 10:00:00,2026-07-31 10:01:15.276499,,75.276499949,VR2AR-69,549924,14.252,
DEPTH,2026-07-31 10:00:00,2026-07-31 10:01:15.276499,,75.276499949,VR2AR-69,549924,13
ATTITUDE,2026-07-31 10:00:00,2026-07-31 10:01:15.276499,,75.276499949,VR2AR-69,549924,0
TEMP,2026-07-31 11:00:00,2026-07-31 11:01:15.314481,,75.314481323,VR2AR-69,549924,14.273,
DEPTH,2026-07-31 11:00:00,2026-07-31 11:01:15.314481,,75.314481323,VR2AR-69,549924,13
ATTITUDE,2026-07-31 11:00:00,2026-07-31 11:01:15.314481,,75.314481323,VR2AR-69,549924,1
TEMP,2026-07-31 12:00:00,2026-07-31 12:01:15.352462,,75.352462698,VR2AR-69,549924,14.294,
DEPTH,2026-07-31 12:00:00,2026-07-31 12:01:15.352462,,75.352462698,VR2AR-69,549924,13
ATTITUDE,2026-07-31 12:00:00,2026-07-31 12:01:15.352462,,75.352462698,VR2AR-69,549924,0
TEMP,2026-07-31 13:00:00,2026-07-31 13:01:15.390444,,75.390444073,VR2AR-69,549924,14.315,
DEPTH,2026-07-31 13:00:00,2026-07-31 13:01:15.390444,,75.390444073,VR2AR-69,549924,14
ATTITUDE,2026-07-31 13:00:00,2026-07-31 13:01:15.390444,,75.390444073,VR2AR-69,549924,1
TEMP,2026-07-31 14:00:00,2026-07-31 14:01:15.428425,,75.428425448,VR2AR-69,549924,14.062,
DEPTH,2026-07-31 14:00:00,2026-07-31 14:01:15.428425,,75.428425448,VR2AR-69,549924,15
ATTITUDE,2026-07-31 14:00:00,2026-07-31 14:01:15.428425,,75.428425448,VR2AR-69,549924,1
TEMP,2026-07-31 15:00:00,2026-07-31 15:01:15.466406,,75.466406823,VR2AR-69,549924,13.015,
DEPTH,2026-07-31 15:00:00,2026-07-31 15:01:15.466406,,75.466406823,VR2AR-69,549924,15
ATTITUDE,2026-07-31 15:00:00,2026-07-31 15:01:15.466406,,75.466406823,VR2AR-69,549924,1
TEMP,2026-07-31 16:00:00,2026-07-31 16:01:15.504388,,75.504388197,VR2AR-69,549924,12.806,
DEPTH,2026-07-31 16:00:00,2026-07-31 16:01:15.504388,,75.504388197,VR2AR-69,549924,16
ATTITUDE,2026-07-31 16:00:00,2026-07-31 16:01:15.504388,,75.504388197,VR2AR-69,549924,1
TEMP,2026-07-31 17:00:00,2026-07-31 17:01:15.542369,,75.542369572,VR2AR-69,549924,13.182,
DEPTH,2026-07-31 17:00:00,2026-07-31 17:01:15.542369,,75.542369572,VR2AR-69,549924,16
ATTITUDE,2026-07-31 17:00:00,2026-07-31 17:01:15.542369,,75.542369572,VR2AR-69,549924,1
TEMP,2026-07-31 18:00:00,2026-07-31 18:01:15.58035,,75.580350947,VR2AR-69,549924,13.349,
DEPTH,2026-07-31 18:00:00,2026-07-31 18:01:15.58035,,75.580350947,VR2AR-69,549924,16
ATTITUDE,2026-07-31 18:00:00,2026-07-31 18:01:15.58035,,75.580350947,VR2AR-69,549924,1
TEMP,2026-07-31 19:00:00,2026-07-31 19:01:15.618332,,75.618332321,VR2AR-69,549924,13.516,
DEPTH,2026-07-31 19:00:00,2026-07-31 19:01:15.618332,,75.618332321,VR2AR-69,549924,15
ATTITUDE,2026-07-31 19:00:00,2026-07-31 19:01:15.618332,,75.618332321,VR2AR-69,549924,1
TEMP,2026-07-31 20:00:00,2026-07-31 20:01:15.656313,,75.656313696,VR2AR-69,549924,13.978,
DEPTH,2026-07-31 20:00:00,2026-07-31 20:01:15.656313,,75.656313696,VR2AR-69,549924,15
ATTITUDE,2026-07-31 20:00:00,2026-07-31 20:01:15.656313,,75.656313696,VR2AR-69,549924,0
TEMP,2026-07-31 21:00:00,2026-07-31 21:01:15.694295,,75.694295071,VR2AR-69,549924,14.147,
DEPTH,2026-07-31 21:00:00,2026-07-31 21:01:15.694295,,75.694295071,VR2AR-69,549924,14
ATTITUDE,2026-07-31 21:00:00,2026-07-31 21:01:15.694295,,75.694295071,VR2AR-69,549924,0
TEMP,2026-07-31 22:00:00,2026-07-31 22:01:15.732276,,75.732276446,VR2AR-69,549924,14.273,
DEPTH,2026-07-31 22:00:00,2026-07-31 22:01:15.732276,,75.732276446,VR2AR-69,549924,13
ATTITUDE,2026-07-31 22:00:00,2026-07-31 22:01:15.732276,,75.732276446,VR2AR-69,549924,1
TEMP,2026-07-31 23:00:00,2026-07-31 23:01:15.770257,,75.770257821,VR2AR-69,549924,14.485,
DEPTH,2026-07-31 23:00:00,2026-07-31 23:01:15.770257,,75.770257821,VR2AR-69,549924,13
ATTITUDE,2026-07-31 23:00:00,2026-07-31 23:01:15.770257,,75.770257821,VR2AR-69,549924,2
TEMP,2026-08-01 00:00:00,2026-08-01 00:01:15.808239,,75.808239195,VR2AR-69,549924,14.527,
DEPTH,2026-08-01 00:00:00,2026-08-01 00:01:15.808239,,75.808239195,VR2AR-69,549924,13
ATTITUDE,2026-08-01 00:00:00,2026-08-01 00:01:15.808239,,75.808239195,VR2AR-69,549924,2
TEMP,2026-08-01 01:00:00,2026-08-01 01:01:15.84622,,75.846220570,VR2AR-69,549924,14.379,
DEPTH,2026-08-01 01:00:00,2026-08-01 01:01:15.84622,,75.846220570,VR2AR-69,549924,14
ATTITUDE,2026-08-01 01:00:00,2026-08-01 01:01:15.84622,,75.846220570,VR2AR-69,549924,1
TEMP,2026-08-01 02:00:00,2026-08-01 02:01:15.884201,,75.884201945,VR2AR-69,549924,14.294,
DEPTH,2026-08-01 02:00:00,2026-08-01 02:01:15.884201,,75.884201945,VR2AR-69,549924,15
ATTITUDE,2026-08-01 02:00:00,2026-08-01 02:01:15.884201,,75.884201945,VR2AR-69,549924,1
TEMP,2026-08-01 03:00:00,2026-08-01 03:01:15.922183,,75.922183319,VR2AR-69,549924,13.349,
DEPTH,2026-08-01 03:00:00,2026-08-01 03:01:15.922183,,75.922183319,VR2AR-69,549924,15
ATTITUDE,2026-08-01 03:00:00,2026-08-01 03:01:15.922183,,75.922183319,VR2AR-69,549924,0
TEMP,2026-08-01 04:00:00,2026-08-01 04:01:15.960164,,75.960164695,VR2AR-69,549924,13.077,
DEPTH,2026-08-01 04:00:00,2026-08-01 04:01:15.960164,,75.960164695,VR2AR-69,549924,16
ATTITUDE,2026-08-01 04:00:00,2026-08-01 04:01:15.960164,,75.960164695,VR2AR-69,549924,1
TEMP,2026-08-01 05:00:00,2026-08-01 05:01:15.998146,,75.998146070,VR2AR-69,549924,13.411,
DEPTH,2026-08-01 05:00:00,2026-08-01 05:01:15.998146,,75.998146070,VR2AR-69,549924,16
ATTITUDE,2026-08-01 05:00:00,2026-08-01 05:01:15.998146,,75.998146070,VR2AR-69,549924,1
TEMP,2026-08-01 06:00:00,2026-08-01 06:01:16.036127,,76.036127444,VR2AR-69,549924,13.726,
DEPTH,2026-08-01 06:00:00,2026-08-01 06:01:16.036127,,76.036127444,VR2AR-69,549924,16
ATTITUDE,2026-08-01 06:00:00,2026-08-01 06:01:16.036127,,76.036127444,VR2AR-69,549924,0
TEMP,2026-08-01 07:00:00,2026-08-01 07:01:16.074108,,76.074108819,VR2AR-69,549924,13.642,
DEPTH,2026-08-01 07:00:00,2026-08-01 07:01:16.074108,,76.074108819,VR2AR-69,549924,15
ATTITUDE,2026-08-01 07:00:00,2026-08-01 07:01:16.074108,,76.074108819,VR2AR-69,549924,1
TEMP,2026-08-01 08:00:00,2026-08-01 08:01:16.11209,,76.112090193,VR2AR-69,549924,13.873,
DEPTH,2026-08-01 08:00:00,2026-08-01 08:01:16.11209,,76.112090193,VR2AR-69,549924,15
ATTITUDE,2026-08-01 08:00:00,2026-08-01 08:01:16.11209,,76.112090193,VR2AR-69,549924,1
TEMP,2026-08-01 09:00:00,2026-08-01 09:01:16.150071,,76.150071568,VR2AR-69,549924,14.104,
DEPTH,2026-08-01 09:00:00,2026-08-01 09:01:16.150071,,76.150071568,VR2AR-69,549924,14
ATTITUDE,2026-08-01 09:00:00,2026-08-01 09:01:16.150071,,76.150071568,VR2AR-69,549924,1
TEMP,2026-08-01 10:00:00,2026-08-01 10:01:16.188052,,76.188052943,VR2AR-69,549924,14.125,
DEPTH,2026-08-01 10:00:00,2026-08-01 10:01:16.188052,,76.188052943,VR2AR-69,549924,13
ATTITUDE,2026-08-01 10:00:00,2026-08-01 10:01:16.188052,,76.188052943,VR2AR-69,549924,1
TEMP,2026-08-01 11:00:00,2026-08-01 11:01:16.226034,,76.226034318,VR2AR-69,549924,14.168,
DEPTH,2026-08-01 11:00:00,2026-08-01 11:01:16.226034,,76.226034318,VR2AR-69,549924,13
ATTITUDE,2026-08-01 11:00:00,2026-08-01 11:01:16.226034,,76.226034318,VR2AR-69,549924,1
TEMP,2026-08-01 12:00:00,2026-08-01 12:01:16.264015,,76.264015693,VR2AR-69,549924,14.21,
DEPTH,2026-08-01 12:00:00,2026-08-01 12:01:16.264015,,76.264015693,VR2AR-69,549924,13
ATTITUDE,2026-08-01 12:00:00,2026-08-01 12:01:16.264015,,76.264015693,VR2AR-69,549924,2
TEMP,2026-08-01 13:00:00,2026-08-01 13:01:16.301997,,76.301997068,VR2AR-69,549924,14.252,
DEPTH,2026-08-01 13:00:00,2026-08-01 13:01:16.301997,,76.301997068,VR2AR-69,549924,13
ATTITUDE,2026-08-01 13:00:00,2026-08-01 13:01:16.301997,,76.301997068,VR2AR-69,549924,0
TEMP,2026-08-01 14:00:00,2026-08-01 14:01:16.339978,,76.339978442,VR2AR-69,549924,14.21,
DEPTH,2026-08-01 14:00:00,2026-08-01 14:01:16.339978,,76.339978442,VR2AR-69,549924,14
ATTITUDE,2026-08-01 14:00:00,2026-08-01 14:01:16.339978,,76.339978442,VR2AR-69,549924,1
TEMP,2026-08-01 15:00:00,2026-08-01 15:01:16.377959,,76.377959817,VR2AR-69,549924,13.747,
DEPTH,2026-08-01 15:00:00,2026-08-01 15:01:16.377959,,76.377959817,VR2AR-69,549924,15
ATTITUDE,2026-08-01 15:00:00,2026-08-01 15:01:16.377959,,76.377959817,VR2AR-69,549924,1
TEMP,2026-08-01 16:00:00,2026-08-01 16:01:16.415941,,76.415941191,VR2AR-69,549924,12.599,
DEPTH,2026-08-01 16:00:00,2026-08-01 16:01:16.415941,,76.415941191,VR2AR-69,549924,15
ATTITUDE,2026-08-01 16:00:00,2026-08-01 16:01:16.415941,,76.415941191,VR2AR-69,549924,3
TEMP,2026-08-01 17:00:00,2026-08-01 17:01:16.453922,,76.453922566,VR2AR-69,549924,13.015,
DEPTH,2026-08-01 17:00:00,2026-08-01 17:01:16.453922,,76.453922566,VR2AR-69,549924,16
ATTITUDE,2026-08-01 17:00:00,2026-08-01 17:01:16.453922,,76.453922566,VR2AR-69,549924,0
TEMP,2026-08-01 18:00:00,2026-08-01 18:01:16.491903,,76.491903942,VR2AR-69,549924,13.265,
DEPTH,2026-08-01 18:00:00,2026-08-01 18:01:16.491903,,76.491903942,VR2AR-69,549924,16
ATTITUDE,2026-08-01 18:00:00,2026-08-01 18:01:16.491903,,76.491903942,VR2AR-69,549924,1
TEMP,2026-08-01 19:00:00,2026-08-01 19:01:16.529885,,76.529885316,VR2AR-69,549924,13.286,
DEPTH,2026-08-01 19:00:00,2026-08-01 19:01:16.529885,,76.529885316,VR2AR-69,549924,16
ATTITUDE,2026-08-01 19:00:00,2026-08-01 19:01:16.529885,,76.529885316,VR2AR-69,549924,1
TEMP,2026-08-01 20:00:00,2026-08-01 20:01:16.567866,,76.567866691,VR2AR-69,549924,13.621,
DEPTH,2026-08-01 20:00:00,2026-08-01 20:01:16.567866,,76.567866691,VR2AR-69,549924,15
ATTITUDE,2026-08-01 20:00:00,2026-08-01 20:01:16.567866,,76.567866691,VR2AR-69,549924,2
TEMP,2026-08-01 21:00:00,2026-08-01 21:01:16.605848,,76.605848066,VR2AR-69,549924,14.104,
DEPTH,2026-08-01 21:00:00,2026-08-01 21:01:16.605848,,76.605848066,VR2AR-69,549924,14
ATTITUDE,2026-08-01 21:00:00,2026-08-01 21:01:16.605848,,76.605848066,VR2AR-69,549924,2
TEMP,2026-08-01 22:00:00,2026-08-01 22:01:16.643829,,76.643829440,VR2AR-69,549924,14.273,
DEPTH,2026-08-01 22:00:00,2026-08-01 22:01:16.643829,,76.643829440,VR2AR-69,549924,14
ATTITUDE,2026-08-01 22:00:00,2026-08-01 22:01:16.643829,,76.643829440,VR2AR-69,549924,1
TEMP,2026-08-01 23:00:00,2026-08-01 23:01:16.68181,,76.681810815,VR2AR-69,549924,14.337,
DEPTH,2026-08-01 23:00:00,2026-08-01 23:01:16.68181,,76.681810815,VR2AR-69,549924,13
ATTITUDE,2026-08-01 23:00:00,2026-08-01 23:01:16.68181,,76.681810815,VR2AR-69,549924,2
TEMP,2026-08-02 00:00:00,2026-08-02 00:01:16.719792,,76.719792190,VR2AR-69,549924,14.421,
DEPTH,2026-08-02 00:00:00,2026-08-02 00:01:16.719792,,76.719792190,VR2AR-69,549924,13
ATTITUDE,2026-08-02 00:00:00,2026-08-02 00:01:16.719792,,76.719792190,VR2AR-69,549924,1
TEMP,2026-08-02 01:00:00,2026-08-02 01:01:16.757773,,76.757773565,VR2AR-69,549924,14.358,
DEPTH,2026-08-02 01:00:00,2026-08-02 01:01:16.757773,,76.757773565,VR2AR-69,549924,14
ATTITUDE,2026-08-02 01:00:00,2026-08-02 01:01:16.757773,,76.757773565,VR2AR-69,549924,1
TEMP,2026-08-02 02:00:00,2026-08-02 02:01:16.795754,,76.795754940,VR2AR-69,549924,14.231,
DEPTH,2026-08-02 02:00:00,2026-08-02 02:01:16.795754,,76.795754940,VR2AR-69,549924,14
ATTITUDE,2026-08-02 02:00:00,2026-08-02 02:01:16.795754,,76.795754940,VR2AR-69,549924,1
TEMP,2026-08-02 03:00:00,2026-08-02 03:01:16.833736,,76.833736314,VR2AR-69,549924,13.726,
DEPTH,2026-08-02 03:00:00,2026-08-02 03:01:16.833736,,76.833736314,VR2AR-69,549924,15
ATTITUDE,2026-08-02 03:00:00,2026-08-02 03:01:16.833736,,76.833736314,VR2AR-69,549924,2
TEMP,2026-08-02 04:00:00,2026-08-02 04:01:16.871717,,76.871717689,VR2AR-69,549924,13.223,
DEPTH,2026-08-02 04:00:00,2026-08-02 04:01:16.871717,,76.871717689,VR2AR-69,549924,16
ATTITUDE,2026-08-02 04:00:00,2026-08-02 04:01:16.871717,,76.871717689,VR2AR-69,549924,1
TEMP,2026-08-02 05:00:00,2026-08-02 05:01:16.909699,,76.909699064,VR2AR-69,549924,12.723,
DEPTH,2026-08-02 05:00:00,2026-08-02 05:01:16.909699,,76.909699064,VR2AR-69,549924,16
ATTITUDE,2026-08-02 05:00:00,2026-08-02 05:01:16.909699,,76.909699064,VR2AR-69,549924,1
TEMP,2026-08-02 06:00:00,2026-08-02 06:01:16.94768,,76.947680438,VR2AR-69,549924,13.286,
DEPTH,2026-08-02 06:00:00,2026-08-02 06:01:16.94768,,76.947680438,VR2AR-69,549924,16
ATTITUDE,2026-08-02 06:00:00,2026-08-02 06:01:16.94768,,76.947680438,VR2AR-69,549924,1
TEMP,2026-08-02 07:00:00,2026-08-02 07:01:16.985661,,76.985661813,VR2AR-69,549924,13.432,
DEPTH,2026-08-02 07:00:00,2026-08-02 07:01:16.985661,,76.985661813,VR2AR-69,549924,16
ATTITUDE,2026-08-02 07:00:00,2026-08-02 07:01:16.985661,,76.985661813,VR2AR-69,549924,1
TEMP,2026-08-02 08:00:00,2026-08-02 08:01:17.023643,,77.023643188,VR2AR-69,549924,13.663,
DEPTH,2026-08-02 08:00:00,2026-08-02 08:01:17.023643,,77.023643188,VR2AR-69,549924,15
ATTITUDE,2026-08-02 08:00:00,2026-08-02 08:01:17.023643,,77.023643188,VR2AR-69,549924,2
TEMP,2026-08-02 09:00:00,2026-08-02 09:01:17.061624,,77.061624563,VR2AR-69,549924,13.894,
DEPTH,2026-08-02 09:00:00,2026-08-02 09:01:17.061624,,77.061624563,VR2AR-69,549924,14
ATTITUDE,2026-08-02 09:00:00,2026-08-02 09:01:17.061624,,77.061624563,VR2AR-69,549924,1
TEMP,2026-08-02 10:00:00,2026-08-02 10:01:17.099605,,77.099605938,VR2AR-69,549924,14.062,
DEPTH,2026-08-02 10:00:00,2026-08-02 10:01:17.099605,,77.099605938,VR2AR-69,549924,14
ATTITUDE,2026-08-02 10:00:00,2026-08-02 10:01:17.099605,,77.099605938,VR2AR-69,549924,1
TEMP,2026-08-02 11:00:00,2026-08-02 11:01:17.137587,,77.137587312,VR2AR-69,549924,14.125,
DEPTH,2026-08-02 11:00:00,2026-08-02 11:01:17.137587,,77.137587312,VR2AR-69,549924,13
ATTITUDE,2026-08-02 11:00:00,2026-08-02 11:01:17.137587,,77.137587312,VR2AR-69,549924,1
TEMP,2026-08-02 12:00:00,2026-08-02 12:01:17.175568,,77.175568687,VR2AR-69,549924,14.294,
DEPTH,2026-08-02 12:00:00,2026-08-02 12:01:17.175568,,77.175568687,VR2AR-69,549924,13
ATTITUDE,2026-08-02 12:00:00,2026-08-02 12:01:17.175568,,77.175568687,VR2AR-69,549924,1
TEMP,2026-08-02 13:00:00,2026-08-02 13:01:17.21355,,77.213550062,VR2AR-69,549924,14.379,
DEPTH,2026-08-02 13:00:00,2026-08-02 13:01:17.21355,,77.213550062,VR2AR-69,549924,13
ATTITUDE,2026-08-02 13:00:00,2026-08-02 13:01:17.21355,,77.213550062,VR2AR-69,549924,1
TEMP,2026-08-02 14:00:00,2026-08-02 14:01:17.251531,,77.251531437,VR2AR-69,549924,14.252,
DEPTH,2026-08-02 14:00:00,2026-08-02 14:01:17.251531,,77.251531437,VR2AR-69,549924,14
ATTITUDE,2026-08-02 14:00:00,2026-08-02 14:01:17.251531,,77.251531437,VR2AR-69,549924,0
TEMP,2026-08-02 15:00:00,2026-08-02 15:01:17.289512,,77.289512812,VR2AR-69,549924,14.083,
DEPTH,2026-08-02 15:00:00,2026-08-02 15:01:17.289512,,77.289512812,VR2AR-69,549924,14
ATTITUDE,2026-08-02 15:00:00,2026-08-02 15:01:17.289512,,77.289512812,VR2AR-69,549924,1
TEMP,2026-08-02 16:00:00,2026-08-02 16:01:17.327494,,77.327494186,VR2AR-69,549924,13.265,
DEPTH,2026-08-02 16:00:00,2026-08-02 16:01:17.327494,,77.327494186,VR2AR-69,549924,15
ATTITUDE,2026-08-02 16:00:00,2026-08-02 16:01:17.327494,,77.327494186,VR2AR-69,549924,1
TEMP,2026-08-02 17:00:00,2026-08-02 17:01:17.365475,,77.365475561,VR2AR-69,549924,12.869,
DEPTH,2026-08-02 17:00:00,2026-08-02 17:01:17.365475,,77.365475561,VR2AR-69,549924,16
ATTITUDE,2026-08-02 17:00:00,2026-08-02 17:01:17.365475,,77.365475561,VR2AR-69,549924,1
TEMP,2026-08-02 18:00:00,2026-08-02 18:01:17.403456,,77.403456936,VR2AR-69,549924,13.307,
DEPTH,2026-08-02 18:00:00,2026-08-02 18:01:17.403456,,77.403456936,VR2AR-69,549924,16
ATTITUDE,2026-08-02 18:00:00,2026-08-02 18:01:17.403456,,77.403456936,VR2AR-69,549924,1
TEMP,2026-08-02 19:00:00,2026-08-02 19:01:17.441438,,77.441438310,VR2AR-69,549924,13.516,
DEPTH,2026-08-02 19:00:00,2026-08-02 19:01:17.441438,,77.441438310,VR2AR-69,549924,16
ATTITUDE,2026-08-02 19:00:00,2026-08-02 19:01:17.441438,,77.441438310,VR2AR-69,549924,1
TEMP,2026-08-02 20:00:00,2026-08-02 20:01:17.479419,,77.479419685,VR2AR-69,549924,13.474,
DEPTH,2026-08-02 20:00:00,2026-08-02 20:01:17.479419,,77.479419685,VR2AR-69,549924,15
ATTITUDE,2026-08-02 20:00:00,2026-08-02 20:01:17.479419,,77.479419685,VR2AR-69,549924,1
TEMP,2026-08-02 21:00:00,2026-08-02 21:01:17.517401,,77.517401061,VR2AR-69,549924,13.768,
DEPTH,2026-08-02 21:00:00,2026-08-02 21:01:17.517401,,77.517401061,VR2AR-69,549924,15
ATTITUDE,2026-08-02 21:00:00,2026-08-02 21:01:17.517401,,77.517401061,VR2AR-69,549924,1
TEMP,2026-08-02 22:00:00,2026-08-02 22:01:17.555382,,77.555382435,VR2AR-69,549924,14.041,
DEPTH,2026-08-02 22:00:00,2026-08-02 22:01:17.555382,,77.555382435,VR2AR-69,549924,14
ATTITUDE,2026-08-02 22:00:00,2026-08-02 22:01:17.555382,,77.555382435,VR2AR-69,549924,1
TEMP,2026-08-02 23:00:00,2026-08-02 23:01:17.593363,,77.593363810,VR2AR-69,549924,14.125,
DEPTH,2026-08-02 23:00:00,2026-08-02 23:01:17.593363,,77.593363810,VR2AR-69,549924,13
ATTITUDE,2026-08-02 23:00:00,2026-08-02 23:01:17.593363,,77.593363810,VR2AR-69,549924,1
TEMP,2026-08-03 00:00:00,2026-08-03 00:01:17.631345,,77.631345184,VR2AR-69,549924,14.252,
DEPTH,2026-08-03 00:00:00,2026-08-03 00:01:17.631345,,77.631345184,VR2AR-69,549924,13
ATTITUDE,2026-08-03 00:00:00,2026-08-03 00:01:17.631345,,77.631345184,VR2AR-69,549924,1
TEMP,2026-08-03 01:00:00,2026-08-03 01:01:17.669326,,77.669326559,VR2AR-69,549924,14.4,
DEPTH,2026-08-03 01:00:00,2026-08-03 01:01:17.669326,,77.669326559,VR2AR-69,549924,13
ATTITUDE,2026-08-03 01:00:00,2026-08-03 01:01:17.669326,,77.669326559,VR2AR-69,549924,2
TEMP,2026-08-03 02:00:00,2026-08-03 02:01:17.707307,,77.707307934,VR2AR-69,549924,14.273,
DEPTH,2026-08-03 02:00:00,2026-08-03 02:01:17.707307,,77.707307934,VR2AR-69,549924,14
ATTITUDE,2026-08-03 02:00:00,2026-08-03 02:01:17.707307,,77.707307934,VR2AR-69,549924,0
TEMP,2026-08-03 03:00:00,2026-08-03 03:01:17.745289,,77.745289308,VR2AR-69,549924,14.358,
DEPTH,2026-08-03 03:00:00,2026-08-03 03:01:17.745289,,77.745289308,VR2AR-69,549924,14
ATTITUDE,2026-08-03 03:00:00,2026-08-03 03:01:17.745289,,77.745289308,VR2AR-69,549924,1
TEMP,2026-08-03 04:00:00,2026-08-03 04:01:17.78327,,77.783270684,VR2AR-69,549924,13.621,
DEPTH,2026-08-03 04:00:00,2026-08-03 04:01:17.78327,,77.783270684,VR2AR-69,549924,15
ATTITUDE,2026-08-03 04:00:00,2026-08-03 04:01:17.78327,,77.783270684,VR2AR-69,549924,1
TEMP,2026-08-03 05:00:00,2026-08-03 05:01:17.821252,,77.821252058,VR2AR-69,549924,13.056,
DEPTH,2026-08-03 05:00:00,2026-08-03 05:01:17.821252,,77.821252058,VR2AR-69,549924,16
ATTITUDE,2026-08-03 05:00:00,2026-08-03 05:01:17.821252,,77.821252058,VR2AR-69,549924,1
TEMP,2026-08-03 06:00:00,2026-08-03 06:01:17.859233,,77.859233433,VR2AR-69,549924,13.244,
DEPTH,2026-08-03 06:00:00,2026-08-03 06:01:17.859233,,77.859233433,VR2AR-69,549924,16
ATTITUDE,2026-08-03 06:00:00,2026-08-03 06:01:17.859233,,77.859233433,VR2AR-69,549924,1
TEMP,2026-08-03 07:00:00,2026-08-03 07:01:17.897214,,77.897214808,VR2AR-69,549924,13.579,
DEPTH,2026-08-03 07:00:00,2026-08-03 07:01:17.897214,,77.897214808,VR2AR-69,549924,16
ATTITUDE,2026-08-03 07:00:00,2026-08-03 07:01:17.897214,,77.897214808,VR2AR-69,549924,1
TEMP,2026-08-03 08:00:00,2026-08-03 08:01:17.935196,,77.935196182,VR2AR-69,549924,13.579,
DEPTH,2026-08-03 08:00:00,2026-08-03 08:01:17.935196,,77.935196182,VR2AR-69,549924,16
ATTITUDE,2026-08-03 08:00:00,2026-08-03 08:01:17.935196,,77.935196182,VR2AR-69,549924,3
TEMP,2026-08-03 09:00:00,2026-08-03 09:01:17.973177,,77.973177557,VR2AR-69,549924,13.894,
DEPTH,2026-08-03 09:00:00,2026-08-03 09:01:17.973177,,77.973177557,VR2AR-69,549924,15
ATTITUDE,2026-08-03 09:00:00,2026-08-03 09:01:17.973177,,77.973177557,VR2AR-69,549924,2
TEMP,2026-08-03 10:00:00,2026-08-03 10:01:18.011158,,78.011158932,VR2AR-69,549924,14.125,
DEPTH,2026-08-03 10:00:00,2026-08-03 10:01:18.011158,,78.011158932,VR2AR-69,549924,14
ATTITUDE,2026-08-03 10:00:00,2026-08-03 10:01:18.011158,,78.011158932,VR2AR-69,549924,1
TEMP,2026-08-03 11:00:00,2026-08-03 11:01:18.04914,,78.049140307,VR2AR-69,549924,14.21,
DEPTH,2026-08-03 11:00:00,2026-08-03 11:01:18.04914,,78.049140307,VR2AR-69,549924,13
ATTITUDE,2026-08-03 11:00:00,2026-08-03 11:01:18.04914,,78.049140307,VR2AR-69,549924,1
TEMP,2026-08-03 12:00:00,2026-08-03 12:01:18.087121,,78.087121682,VR2AR-69,549924,14.273,
DEPTH,2026-08-03 12:00:00,2026-08-03 12:01:18.087121,,78.087121682,VR2AR-69,549924,13
ATTITUDE,2026-08-03 12:00:00,2026-08-03 12:01:18.087121,,78.087121682,VR2AR-69,549924,1
TEMP,2026-08-03 13:00:00,2026-08-03 13:01:18.125103,,78.125103056,VR2AR-69,549924,14.379,
DEPTH,2026-08-03 13:00:00,2026-08-03 13:01:18.125103,,78.125103056,VR2AR-69,549924,13
ATTITUDE,2026-08-03 13:00:00,2026-08-03 13:01:18.125103,,78.125103056,VR2AR-69,549924,1
TEMP,2026-08-03 14:00:00,2026-08-03 14:01:18.163084,,78.163084431,VR2AR-69,549924,14.421,
DEPTH,2026-08-03 14:00:00,2026-08-03 14:01:18.163084,,78.163084431,VR2AR-69,549924,13
ATTITUDE,2026-08-03 14:00:00,2026-08-03 14:01:18.163084,,78.163084431,VR2AR-69,549924,1
TEMP,2026-08-03 15:00:00,2026-08-03 15:01:18.201065,,78.201065806,VR2AR-69,549924,14.379,
DEPTH,2026-08-03 15:00:00,2026-08-03 15:01:18.201065,,78.201065806,VR2AR-69,549924,14
ATTITUDE,2026-08-03 15:00:00,2026-08-03 15:01:18.201065,,78.201065806,VR2AR-69,549924,0
TEMP,2026-08-03 16:00:00,2026-08-03 16:01:18.239047,,78.239047180,VR2AR-69,549924,14.062,
DEPTH,2026-08-03 16:00:00,2026-08-03 16:01:18.239047,,78.239047180,VR2AR-69,549924,15
ATTITUDE,2026-08-03 16:00:00,2026-08-03 16:01:18.239047,,78.239047180,VR2AR-69,549924,1
TEMP,2026-08-03 17:00:00,2026-08-03 17:01:18.277028,,78.277028555,VR2AR-69,549924,13.223,
DEPTH,2026-08-03 17:00:00,2026-08-03 17:01:18.277028,,78.277028555,VR2AR-69,549924,16
ATTITUDE,2026-08-03 17:00:00,2026-08-03 17:01:18.277028,,78.277028555,VR2AR-69,549924,1
TEMP,2026-08-03 18:00:00,2026-08-03 18:01:18.315009,,78.315009931,VR2AR-69,549924,13.119,
DEPTH,2026-08-03 18:00:00,2026-08-03 18:01:18.315009,,78.315009931,VR2AR-69,549924,16
ATTITUDE,2026-08-03 18:00:00,2026-08-03 18:01:18.315009,,78.315009931,VR2AR-69,549924,1
TEMP,2026-08-03 19:00:00,2026-08-03 19:01:18.352991,,78.352991305,VR2AR-69,549924,13.726,
DEPTH,2026-08-03 19:00:00,2026-08-03 19:01:18.352991,,78.352991305,VR2AR-69,549924,16
ATTITUDE,2026-08-03 19:00:00,2026-08-03 19:01:18.352991,,78.352991305,VR2AR-69,549924,0
TEMP,2026-08-03 20:00:00,2026-08-03 20:01:18.390972,,78.390972680,VR2AR-69,549924,13.705,
DEPTH,2026-08-03 20:00:00,2026-08-03 20:01:18.390972,,78.390972680,VR2AR-69,549924,16
ATTITUDE,2026-08-03 20:00:00,2026-08-03 20:01:18.390972,,78.390972680,VR2AR-69,549924,1
TEMP,2026-08-03 21:00:00,2026-08-03 21:01:18.428954,,78.428954054,VR2AR-69,549924,13.852,
DEPTH,2026-08-03 21:00:00,2026-08-03 21:01:18.428954,,78.428954054,VR2AR-69,549924,15
ATTITUDE,2026-08-03 21:00:00,2026-08-03 21:01:18.428954,,78.428954054,VR2AR-69,549924,4
TEMP,2026-08-03 22:00:00,2026-08-03 22:01:18.466935,,78.466935429,VR2AR-69,549924,14.21,
DEPTH,2026-08-03 22:00:00,2026-08-03 22:01:18.466935,,78.466935429,VR2AR-69,549924,15
ATTITUDE,2026-08-03 22:00:00,2026-08-03 22:01:18.466935,,78.466935429,VR2AR-69,549924,2
TEMP,2026-08-03 23:00:00,2026-08-03 23:01:18.504916,,78.504916804,VR2AR-69,549924,14.294,
DEPTH,2026-08-03 23:00:00,2026-08-03 23:01:18.504916,,78.504916804,VR2AR-69,549924,14
ATTITUDE,2026-08-03 23:00:00,2026-08-03 23:01:18.504916,,78.504916804,VR2AR-69,549924,1
TEMP,2026-08-04 00:00:00,2026-08-04 00:01:18.542898,,78.542898179,VR2AR-69,549924,14.4,
DEPTH,2026-08-04 00:00:00,2026-08-04 00:01:18.542898,,78.542898179,VR2AR-69,549924,13
ATTITUDE,2026-08-04 00:00:00,2026-08-04 00:01:18.542898,,78.542898179,VR2AR-69,549924,0
TEMP,2026-08-04 01:00:00,2026-08-04 01:01:18.580879,,78.580879554,VR2AR-69,549924,14.463,
DEPTH,2026-08-04 01:00:00,2026-08-04 01:01:18.580879,,78.580879554,VR2AR-69,549924,13
ATTITUDE,2026-08-04 01:00:00,2026-08-04 01:01:18.580879,,78.580879554,VR2AR-69,549924,2
TEMP,2026-08-04 02:00:00,2026-08-04 02:01:18.61886,,78.618860929,VR2AR-69,549924,14.463,
DEPTH,2026-08-04 02:00:00,2026-08-04 02:01:18.61886,,78.618860929,VR2AR-69,549924,13
ATTITUDE,2026-08-04 02:00:00,2026-08-04 02:01:18.61886,,78.618860929,VR2AR-69,549924,2
TEMP,2026-08-04 03:00:00,2026-08-04 03:01:18.656842,,78.656842303,VR2AR-69,549924,14.506,
DEPTH,2026-08-04 03:00:00,2026-08-04 03:01:18.656842,,78.656842303,VR2AR-69,549924,14
ATTITUDE,2026-08-04 03:00:00,2026-08-04 03:01:18.656842,,78.656842303,VR2AR-69,549924,1
TEMP,2026-08-04 04:00:00,2026-08-04 04:01:18.694823,,78.694823678,VR2AR-69,549924,14.506,
DEPTH,2026-08-04 04:00:00,2026-08-04 04:01:18.694823,,78.694823678,VR2AR-69,549924,15
ATTITUDE,2026-08-04 04:00:00,2026-08-04 04:01:18.694823,,78.694823678,VR2AR-69,549924,1
TEMP,2026-08-04 05:00:00,2026-08-04 05:01:18.732805,,78.732805052,VR2AR-69,549924,14.379,
DEPTH,2026-08-04 05:00:00,2026-08-04 05:01:18.732805,,78.732805052,VR2AR-69,549924,15
ATTITUDE,2026-08-04 05:00:00,2026-08-04 05:01:18.732805,,78.732805052,VR2AR-69,549924,1
TEMP,2026-08-04 06:00:00,2026-08-04 06:01:18.770786,,78.770786427,VR2AR-69,549924,13.537,
DEPTH,2026-08-04 06:00:00,2026-08-04 06:01:18.770786,,78.770786427,VR2AR-69,549924,16
ATTITUDE,2026-08-04 06:00:00,2026-08-04 06:01:18.770786,,78.770786427,VR2AR-69,549924,1
TEMP,2026-08-04 07:00:00,2026-08-04 07:01:18.808767,,78.808767803,VR2AR-69,549924,13.432,
DEPTH,2026-08-04 07:00:00,2026-08-04 07:01:18.808767,,78.808767803,VR2AR-69,549924,16
ATTITUDE,2026-08-04 07:00:00,2026-08-04 07:01:18.808767,,78.808767803,VR2AR-69,549924,2
TEMP,2026-08-04 08:00:00,2026-08-04 08:01:18.846749,,78.846749177,VR2AR-69,549924,13.81,
DEPTH,2026-08-04 08:00:00,2026-08-04 08:01:18.846749,,78.846749177,VR2AR-69,549924,16
ATTITUDE,2026-08-04 08:00:00,2026-08-04 08:01:18.846749,,78.846749177,VR2AR-69,549924,1
TEMP,2026-08-04 09:00:00,2026-08-04 09:01:18.88473,,78.884730552,VR2AR-69,549924,13.936,
DEPTH,2026-08-04 09:00:00,2026-08-04 09:01:18.88473,,78.884730552,VR2AR-69,549924,15
ATTITUDE,2026-08-04 09:00:00,2026-08-04 09:01:18.88473,,78.884730552,VR2AR-69,549924,2
TEMP,2026-08-04 10:00:00,2026-08-04 10:01:18.922711,,78.922711927,VR2AR-69,549924,14.273,
DEPTH,2026-08-04 10:00:00,2026-08-04 10:01:18.922711,,78.922711927,VR2AR-69,549924,15
ATTITUDE,2026-08-04 10:00:00,2026-08-04 10:01:18.922711,,78.922711927,VR2AR-69,549924,2
TEMP,2026-08-04 11:00:00,2026-08-04 11:01:18.960693,,78.960693301,VR2AR-69,549924,14.315,
DEPTH,2026-08-04 11:00:00,2026-08-04 11:01:18.960693,,78.960693301,VR2AR-69,549924,14
ATTITUDE,2026-08-04 11:00:00,2026-08-04 11:01:18.960693,,78.960693301,VR2AR-69,549924,1
TEMP,2026-08-04 12:00:00,2026-08-04 12:01:18.998674,,78.998674676,VR2AR-69,549924,14.4,
DEPTH,2026-08-04 12:00:00,2026-08-04 12:01:18.998674,,78.998674676,VR2AR-69,549924,13
ATTITUDE,2026-08-04 12:00:00,2026-08-04 12:01:18.998674,,78.998674676,VR2AR-69,549924,2
TEMP,2026-08-04 13:00:00,2026-08-04 13:01:19.036656,,79.036656050,VR2AR-69,549924,14.4,
DEPTH,2026-08-04 13:00:00,2026-08-04 13:01:19.036656,,79.036656050,VR2AR-69,549924,13
ATTITUDE,2026-08-04 13:00:00,2026-08-04 13:01:19.036656,,79.036656050,VR2AR-69,549924,2
TEMP,2026-08-04 14:00:00,2026-08-04 14:01:19.074637,,79.074637426,VR2AR-69,549924,14.485,
DEPTH,2026-08-04 14:00:00,2026-08-04 14:01:19.074637,,79.074637426,VR2AR-69,549924,13
ATTITUDE,2026-08-04 14:00:00,2026-08-04 14:01:19.074637,,79.074637426,VR2AR-69,549924,1
TEMP,2026-08-04 15:00:00,2026-08-04 15:01:19.112618,,79.112618801,VR2AR-69,549924,14.506,
DEPTH,2026-08-04 15:00:00,2026-08-04 15:01:19.112618,,79.112618801,VR2AR-69,549924,14
ATTITUDE,2026-08-04 15:00:00,2026-08-04 15:01:19.112618,,79.112618801,VR2AR-69,549924,1
TEMP,2026-08-04 16:00:00,2026-08-04 16:01:19.1506,,79.150600175,VR2AR-69,549924,14.421,
DEPTH,2026-08-04 16:00:00,2026-08-04 16:01:19.1506,,79.150600175,VR2AR-69,549924,14
ATTITUDE,2026-08-04 16:00:00,2026-08-04 16:01:19.1506,,79.150600175,VR2AR-69,549924,1
TEMP,2026-08-04 17:00:00,2026-08-04 17:01:19.188581,,79.188581550,VR2AR-69,549924,13.978,
DEPTH,2026-08-04 17:00:00,2026-08-04 17:01:19.188581,,79.188581550,VR2AR-69,549924,15
ATTITUDE,2026-08-04 17:00:00,2026-08-04 17:01:19.188581,,79.188581550,VR2AR-69,549924,0
TEMP,2026-08-04 18:00:00,2026-08-04 18:01:19.226562,,79.226562925,VR2AR-69,549924,13.056,
DEPTH,2026-08-04 18:00:00,2026-08-04 18:01:19.226562,,79.226562925,VR2AR-69,549924,16
ATTITUDE,2026-08-04 18:00:00,2026-08-04 18:01:19.226562,,79.226562925,VR2AR-69,549924,2
TEMP,2026-08-04 19:00:00,2026-08-04 19:01:19.264544,,79.264544299,VR2AR-69,549924,12.682,
DEPTH,2026-08-04 19:00:00,2026-08-04 19:01:19.264544,,79.264544299,VR2AR-69,549924,16
ATTITUDE,2026-08-04 19:00:00,2026-08-04 19:01:19.264544,,79.264544299,VR2AR-69,549924,4
TEMP,2026-08-04 20:00:00,2026-08-04 20:01:19.302525,,79.302525674,VR2AR-69,549924,13.328,
DEPTH,2026-08-04 20:00:00,2026-08-04 20:01:19.302525,,79.302525674,VR2AR-69,549924,16
ATTITUDE,2026-08-04 20:00:00,2026-08-04 20:01:19.302525,,79.302525674,VR2AR-69,549924,2
TEMP,2026-08-04 21:00:00,2026-08-04 21:01:19.340507,,79.340507049,VR2AR-69,549924,13.077,
DEPTH,2026-08-04 21:00:00,2026-08-04 21:01:19.340507,,79.340507049,VR2AR-69,549924,16
ATTITUDE,2026-08-04 21:00:00,2026-08-04 21:01:19.340507,,79.340507049,VR2AR-69,549924,3
TEMP,2026-08-04 22:00:00,2026-08-04 22:01:19.378488,,79.378488424,VR2AR-69,549924,13.684,
DEPTH,2026-08-04 22:00:00,2026-08-04 22:01:19.378488,,79.378488424,VR2AR-69,549924,15
ATTITUDE,2026-08-04 22:00:00,2026-08-04 22:01:19.378488,,79.378488424,VR2AR-69,549924,2
TEMP,2026-08-04 23:00:00,2026-08-04 23:01:19.416469,,79.416469799,VR2AR-69,549924,14.147,
DEPTH,2026-08-04 23:00:00,2026-08-04 23:01:19.416469,,79.416469799,VR2AR-69,549924,14
ATTITUDE,2026-08-04 23:00:00,2026-08-04 23:01:19.416469,,79.416469799,VR2AR-69,549924,2
TEMP,2026-08-05 00:00:00,2026-08-05 00:01:19.454451,,79.454451173,VR2AR-69,549924,14.379,
DEPTH,2026-08-05 00:00:00,2026-08-05 00:01:19.454451,,79.454451173,VR2AR-69,549924,14
ATTITUDE,2026-08-05 00:00:00,2026-08-05 00:01:19.454451,,79.454451173,VR2AR-69,549924,1
TEMP,2026-08-05 01:00:00,2026-08-05 01:01:19.492432,,79.492432548,VR2AR-69,549924,14.463,
DEPTH,2026-08-05 01:00:00,2026-08-05 01:01:19.492432,,79.492432548,VR2AR-69,549924,13
ATTITUDE,2026-08-05 01:00:00,2026-08-05 01:01:19.492432,,79.492432548,VR2AR-69,549924,1
TEMP,2026-08-05 02:00:00,2026-08-05 02:01:19.530413,,79.530413923,VR2AR-69,549924,14.485,
DEPTH,2026-08-05 02:00:00,2026-08-05 02:01:19.530413,,79.530413923,VR2AR-69,549924,13
ATTITUDE,2026-08-05 02:00:00,2026-08-05 02:01:19.530413,,79.530413923,VR2AR-69,549924,2
TEMP,2026-08-05 03:00:00,2026-08-05 03:01:19.568395,,79.568395297,VR2AR-69,549924,14.4,
DEPTH,2026-08-05 03:00:00,2026-08-05 03:01:19.568395,,79.568395297,VR2AR-69,549924,13
ATTITUDE,2026-08-05 03:00:00,2026-08-05 03:01:19.568395,,79.568395297,VR2AR-69,549924,1
TEMP,2026-08-05 04:00:00,2026-08-05 04:01:19.606376,,79.606376673,VR2AR-69,549924,14.4,
DEPTH,2026-08-05 04:00:00,2026-08-05 04:01:19.606376,,79.606376673,VR2AR-69,549924,14
ATTITUDE,2026-08-05 04:00:00,2026-08-05 04:01:19.606376,,79.606376673,VR2AR-69,549924,1
TEMP,2026-08-05 05:00:00,2026-08-05 05:01:19.644358,,79.644358047,VR2AR-69,549924,13.642,
DEPTH,2026-08-05 05:00:00,2026-08-05 05:01:19.644358,,79.644358047,VR2AR-69,549924,15
ATTITUDE,2026-08-05 05:00:00,2026-08-05 05:01:19.644358,,79.644358047,VR2AR-69,549924,1
TEMP,2026-08-05 06:00:00,2026-08-05 06:01:19.682339,,79.682339422,VR2AR-69,549924,12.723,
DEPTH,2026-08-05 06:00:00,2026-08-05 06:01:19.682339,,79.682339422,VR2AR-69,549924,15
ATTITUDE,2026-08-05 06:00:00,2026-08-05 06:01:19.682339,,79.682339422,VR2AR-69,549924,1
TEMP,2026-08-05 07:00:00,2026-08-05 07:01:19.72032,,79.720320797,VR2AR-69,549924,12.246,
DEPTH,2026-08-05 07:00:00,2026-08-05 07:01:19.72032,,79.720320797,VR2AR-69,549924,16
ATTITUDE,2026-08-05 07:00:00,2026-08-05 07:01:19.72032,,79.720320797,VR2AR-69,549924,0
TEMP,2026-08-05 08:00:00,2026-08-05 08:01:19.758302,,79.758302171,VR2AR-69,549924,12.578,
DEPTH,2026-08-05 08:00:00,2026-08-05 08:01:19.758302,,79.758302171,VR2AR-69,549924,16
ATTITUDE,2026-08-05 08:00:00,2026-08-05 08:01:19.758302,,79.758302171,VR2AR-69,549924,2
TEMP,2026-08-05 09:00:00,2026-08-05 09:01:19.796283,,79.796283546,VR2AR-69,549924,12.786,
DEPTH,2026-08-05 09:00:00,2026-08-05 09:01:19.796283,,79.796283546,VR2AR-69,549924,16
ATTITUDE,2026-08-05 09:00:00,2026-08-05 09:01:19.796283,,79.796283546,VR2AR-69,549924,2
TEMP,2026-08-05 10:00:00,2026-08-05 10:01:19.834264,,79.834264921,VR2AR-69,549924,12.89,
DEPTH,2026-08-05 10:00:00,2026-08-05 10:01:19.834264,,79.834264921,VR2AR-69,549924,15
ATTITUDE,2026-08-05 10:00:00,2026-08-05 10:01:19.834264,,79.834264921,VR2AR-69,549924,1
TEMP,2026-08-05 11:00:00,2026-08-05 11:01:19.872246,,79.872246296,VR2AR-69,549924,13.495,
DEPTH,2026-08-05 11:00:00,2026-08-05 11:01:19.872246,,79.872246296,VR2AR-69,549924,14
ATTITUDE,2026-08-05 11:00:00,2026-08-05 11:01:19.872246,,79.872246296,VR2AR-69,549924,1
TEMP,2026-08-05 12:00:00,2026-08-05 12:01:19.910227,,79.910227671,VR2AR-69,549924,13.873,
DEPTH,2026-08-05 12:00:00,2026-08-05 12:01:19.910227,,79.910227671,VR2AR-69,549924,14
ATTITUDE,2026-08-05 12:00:00,2026-08-05 12:01:19.910227,,79.910227671,VR2AR-69,549924,1
TEMP,2026-08-05 13:00:00,2026-08-05 13:01:19.948209,,79.948209045,VR2AR-69,549924,14.041,
DEPTH,2026-08-05 13:00:00,2026-08-05 13:01:19.948209,,79.948209045,VR2AR-69,549924,13
ATTITUDE,2026-08-05 13:00:00,2026-08-05 13:01:19.948209,,79.948209045,VR2AR-69,549924,1
TEMP,2026-08-05 14:00:00,2026-08-05 14:01:19.98619,,79.986190420,VR2AR-69,549924,14.189,
DEPTH,2026-08-05 14:00:00,2026-08-05 14:01:19.98619,,79.986190420,VR2AR-69,549924,13
ATTITUDE,2026-08-05 14:00:00,2026-08-05 14:01:19.98619,,79.986190420,VR2AR-69,549924,2
TEMP,2026-08-05 15:00:00,2026-08-05 15:01:20.024171,,80.024171795,VR2AR-69,549924,14.041,
DEPTH,2026-08-05 15:00:00,2026-08-05 15:01:20.024171,,80.024171795,VR2AR-69,549924,13
ATTITUDE,2026-08-05 15:00:00,2026-08-05 15:01:20.024171,,80.024171795,VR2AR-69,549924,2
TEMP,2026-08-05 16:00:00,2026-08-05 16:01:20.062153,,80.062153169,VR2AR-69,549924,13.474,
DEPTH,2026-08-05 16:00:00,2026-08-05 16:01:20.062153,,80.062153169,VR2AR-69,549924,14
ATTITUDE,2026-08-05 16:00:00,2026-08-05 16:01:20.062153,,80.062153169,VR2AR-69,549924,1
TEMP,2026-08-05 17:00:00,2026-08-05 17:01:20.100134,,80.100134545,VR2AR-69,549924,13.684,
DEPTH,2026-08-05 17:00:00,2026-08-05 17:01:20.100134,,80.100134545,VR2AR-69,549924,14
ATTITUDE,2026-08-05 17:00:00,2026-08-05 17:01:20.100134,,80.100134545,VR2AR-69,549924,2
TEMP,2026-08-05 18:00:00,2026-08-05 18:01:20.138115,,80.138115919,VR2AR-69,549924,12.391,
DEPTH,2026-08-05 18:00:00,2026-08-05 18:01:20.138115,,80.138115919,VR2AR-69,549924,15
ATTITUDE,2026-08-05 18:00:00,2026-08-05 18:01:20.138115,,80.138115919,VR2AR-69,549924,2
TEMP,2026-08-05 19:00:00,2026-08-05 19:01:20.176097,,80.176097294,VR2AR-69,549924,12.329,
DEPTH,2026-08-05 19:00:00,2026-08-05 19:01:20.176097,,80.176097294,VR2AR-69,549924,15
ATTITUDE,2026-08-05 19:00:00,2026-08-05 19:01:20.176097,,80.176097294,VR2AR-69,549924,1
TEMP,2026-08-05 20:00:00,2026-08-05 20:01:20.214078,,80.214078669,VR2AR-69,549924,12.599,
DEPTH,2026-08-05 20:00:00,2026-08-05 20:01:20.214078,,80.214078669,VR2AR-69,549924,15
ATTITUDE,2026-08-05 20:00:00,2026-08-05 20:01:20.214078,,80.214078669,VR2AR-69,549924,1
TEMP,2026-08-05 21:00:00,2026-08-05 21:01:20.25206,,80.252060043,VR2AR-69,549924,12.806,
DEPTH,2026-08-05 21:00:00,2026-08-05 21:01:20.25206,,80.252060043,VR2AR-69,549924,15
ATTITUDE,2026-08-05 21:00:00,2026-08-05 21:01:20.25206,,80.252060043,VR2AR-69,549924,1
TEMP,2026-08-05 22:00:00,2026-08-05 22:01:20.290041,,80.290041418,VR2AR-69,549924,12.869,
DEPTH,2026-08-05 22:00:00,2026-08-05 22:01:20.290041,,80.290041418,VR2AR-69,549924,15
ATTITUDE,2026-08-05 22:00:00,2026-08-05 22:01:20.290041,,80.290041418,VR2AR-69,549924,1
TEMP,2026-08-05 23:00:00,2026-08-05 23:01:20.328022,,80.328022793,VR2AR-69,549924,13.307,
DEPTH,2026-08-05 23:00:00,2026-08-05 23:01:20.328022,,80.328022793,VR2AR-69,549924,14
ATTITUDE,2026-08-05 23:00:00,2026-08-05 23:01:20.328022,,80.328022793,VR2AR-69,549924,2
TEMP,2026-08-06 00:00:00,2026-08-06 00:01:20.366004,,80.366004168,VR2AR-69,549924,13.558,
DEPTH,2026-08-06 00:00:00,2026-08-06 00:01:20.366004,,80.366004168,VR2AR-69,549924,14
ATTITUDE,2026-08-06 00:00:00,2026-08-06 00:01:20.366004,,80.366004168,VR2AR-69,549924,1
TEMP,2026-08-06 01:00:00,2026-08-06 01:01:20.403985,,80.403985543,VR2AR-69,549924,13.747,
DEPTH,2026-08-06 01:00:00,2026-08-06 01:01:20.403985,,80.403985543,VR2AR-69,549924,13
ATTITUDE,2026-08-06 01:00:00,2026-08-06 01:01:20.403985,,80.403985543,VR2AR-69,549924,2
TEMP,2026-08-06 02:00:00,2026-08-06 02:01:20.441966,,80.441966917,VR2AR-69,549924,13.873,
DEPTH,2026-08-06 02:00:00,2026-08-06 02:01:20.441966,,80.441966917,VR2AR-69,549924,13
ATTITUDE,2026-08-06 02:00:00,2026-08-06 02:01:20.441966,,80.441966917,VR2AR-69,549924,0
TEMP,2026-08-06 03:00:00,2026-08-06 03:01:20.479948,,80.479948292,VR2AR-69,549924,14.189,
DEPTH,2026-08-06 03:00:00,2026-08-06 03:01:20.479948,,80.479948292,VR2AR-69,549924,13
ATTITUDE,2026-08-06 03:00:00,2026-08-06 03:01:20.479948,,80.479948292,VR2AR-69,549924,1
TEMP,2026-08-06 04:00:00,2026-08-06 04:01:20.517929,,80.517929667,VR2AR-69,549924,14.02,
DEPTH,2026-08-06 04:00:00,2026-08-06 04:01:20.517929,,80.517929667,VR2AR-69,549924,13
ATTITUDE,2026-08-06 04:00:00,2026-08-06 04:01:20.517929,,80.517929667,VR2AR-69,549924,0
TEMP,2026-08-06 05:00:00,2026-08-06 05:01:20.555911,,80.555911041,VR2AR-69,549924,13.894,
DEPTH,2026-08-06 05:00:00,2026-08-06 05:01:20.555911,,80.555911041,VR2AR-69,549924,13
ATTITUDE,2026-08-06 05:00:00,2026-08-06 05:01:20.555911,,80.555911041,VR2AR-69,549924,1
TEMP,2026-08-06 06:00:00,2026-08-06 06:01:20.593892,,80.593892416,VR2AR-69,549924,13.161,
DEPTH,2026-08-06 06:00:00,2026-08-06 06:01:20.593892,,80.593892416,VR2AR-69,549924,14
ATTITUDE,2026-08-06 06:00:00,2026-08-06 06:01:20.593892,,80.593892416,VR2AR-69,549924,2
TEMP,2026-08-06 07:00:00,2026-08-06 07:01:20.631873,,80.631873792,VR2AR-69,549924,12.619,
DEPTH,2026-08-06 07:00:00,2026-08-06 07:01:20.631873,,80.631873792,VR2AR-69,549924,15
ATTITUDE,2026-08-06 07:00:00,2026-08-06 07:01:20.631873,,80.631873792,VR2AR-69,549924,2
TEMP,2026-08-06 08:00:00,2026-08-06 08:01:20.669855,,80.669855166,VR2AR-69,549924,12.329,
DEPTH,2026-08-06 08:00:00,2026-08-06 08:01:20.669855,,80.669855166,VR2AR-69,549924,15
ATTITUDE,2026-08-06 08:00:00,2026-08-06 08:01:20.669855,,80.669855166,VR2AR-69,549924,2
TEMP,2026-08-06 09:00:00,2026-08-06 09:01:20.707836,,80.707836541,VR2AR-69,549924,12.702,
DEPTH,2026-08-06 09:00:00,2026-08-06 09:01:20.707836,,80.707836541,VR2AR-69,549924,15
ATTITUDE,2026-08-06 09:00:00,2026-08-06 09:01:20.707836,,80.707836541,VR2AR-69,549924,0
TEMP,2026-08-06 10:00:00,2026-08-06 10:01:20.745817,,80.745817915,VR2AR-69,549924,12.827,
DEPTH,2026-08-06 10:00:00,2026-08-06 10:01:20.745817,,80.745817915,VR2AR-69,549924,15
ATTITUDE,2026-08-06 10:00:00,2026-08-06 10:01:20.745817,,80.745817915,VR2AR-69,549924,1
TEMP,2026-08-06 11:00:00,2026-08-06 11:01:20.783799,,80.783799290,VR2AR-69,549924,12.91,
DEPTH,2026-08-06 11:00:00,2026-08-06 11:01:20.783799,,80.783799290,VR2AR-69,549924,15
ATTITUDE,2026-08-06 11:00:00,2026-08-06 11:01:20.783799,,80.783799290,VR2AR-69,549924,1
TEMP,2026-08-06 12:00:00,2026-08-06 12:01:20.82178,,80.821780665,VR2AR-69,549924,13.432,
DEPTH,2026-08-06 12:00:00,2026-08-06 12:01:20.82178,,80.821780665,VR2AR-69,549924,14
ATTITUDE,2026-08-06 12:00:00,2026-08-06 12:01:20.82178,,80.821780665,VR2AR-69,549924,2
TEMP,2026-08-06 13:00:00,2026-08-06 13:01:20.859762,,80.859762039,VR2AR-69,549924,13.558,
DEPTH,2026-08-06 13:00:00,2026-08-06 13:01:20.859762,,80.859762039,VR2AR-69,549924,13
ATTITUDE,2026-08-06 13:00:00,2026-08-06 13:01:20.859762,,80.859762039,VR2AR-69,549924,1
TEMP,2026-08-06 14:00:00,2026-08-06 14:01:20.897743,,80.897743415,VR2AR-69,549924,13.621,
DEPTH,2026-08-06 14:00:00,2026-08-06 14:01:20.897743,,80.897743415,VR2AR-69,549924,13
ATTITUDE,2026-08-06 14:00:00,2026-08-06 14:01:20.897743,,80.897743415,VR2AR-69,549924,0
TEMP,2026-08-06 15:00:00,2026-08-06 15:01:20.935724,,80.935724790,VR2AR-69,549924,13.789,
DEPTH,2026-08-06 15:00:00,2026-08-06 15:01:20.935724,,80.935724790,VR2AR-69,549924,13
ATTITUDE,2026-08-06 15:00:00,2026-08-06 15:01:20.935724,,80.935724790,VR2AR-69,549924,1
TEMP,2026-08-06 16:00:00,2026-08-06 16:01:20.973706,,80.973706164,VR2AR-69,549924,13.873,
DEPTH,2026-08-06 16:00:00,2026-08-06 16:01:20.973706,,80.973706164,VR2AR-69,549924,13
ATTITUDE,2026-08-06 16:00:00,2026-08-06 16:01:20.973706,,80.973706164,VR2AR-69,549924,1
TEMP,2026-08-06 17:00:00,2026-08-06 17:01:21.011687,,81.011687539,VR2AR-69,549924,13.684,
DEPTH,2026-08-06 17:00:00,2026-08-06 17:01:21.011687,,81.011687539,VR2AR-69,549924,13
ATTITUDE,2026-08-06 17:00:00,2026-08-06 17:01:21.011687,,81.011687539,VR2AR-69,549924,1
TEMP,2026-08-06 18:00:00,2026-08-06 18:01:21.049668,,81.049668913,VR2AR-69,549924,13.537,
DEPTH,2026-08-06 18:00:00,2026-08-06 18:01:21.049668,,81.049668913,VR2AR-69,549924,14
ATTITUDE,2026-08-06 18:00:00,2026-08-06 18:01:21.049668,,81.049668913,VR2AR-69,549924,1
TEMP,2026-08-06 19:00:00,2026-08-06 19:01:21.08765,,81.087650288,VR2AR-69,549924,13.161,
DEPTH,2026-08-06 19:00:00,2026-08-06 19:01:21.08765,,81.087650288,VR2AR-69,549924,15
ATTITUDE,2026-08-06 19:00:00,2026-08-06 19:01:21.08765,,81.087650288,VR2AR-69,549924,1
TEMP,2026-08-06 20:00:00,2026-08-06 20:01:21.125631,,81.125631663,VR2AR-69,549924,12.806,
DEPTH,2026-08-06 20:00:00,2026-08-06 20:01:21.125631,,81.125631663,VR2AR-69,549924,15
ATTITUDE,2026-08-06 20:00:00,2026-08-06 20:01:21.125631,,81.125631663,VR2AR-69,549924,2
TEMP,2026-08-06 21:00:00,2026-08-06 21:01:21.163613,,81.163613038,VR2AR-69,549924,12.994,
DEPTH,2026-08-06 21:00:00,2026-08-06 21:01:21.163613,,81.163613038,VR2AR-69,549924,16
ATTITUDE,2026-08-06 21:00:00,2026-08-06 21:01:21.163613,,81.163613038,VR2AR-69,549924,1
TEMP,2026-08-06 22:00:00,2026-08-06 22:01:21.201594,,81.201594413,VR2AR-69,549924,13.516,
DEPTH,2026-08-06 22:00:00,2026-08-06 22:01:21.201594,,81.201594413,VR2AR-69,549924,15
ATTITUDE,2026-08-06 22:00:00,2026-08-06 22:01:21.201594,,81.201594413,VR2AR-69,549924,1
TEMP,2026-08-06 23:00:00,2026-08-06 23:01:21.239575,,81.239575788,VR2AR-69,549924,13.223,
DEPTH,2026-08-06 23:00:00,2026-08-06 23:01:21.239575,,81.239575788,VR2AR-69,549924,15
ATTITUDE,2026-08-06 23:00:00,2026-08-06 23:01:21.239575,,81.239575788,VR2AR-69,549924,2
TEMP,2026-08-07 00:00:00,2026-08-07 00:01:21.277557,,81.277557162,VR2AR-69,549924,13.516,
DEPTH,2026-08-07 00:00:00,2026-08-07 00:01:21.277557,,81.277557162,VR2AR-69,549924,14
ATTITUDE,2026-08-07 00:00:00,2026-08-07 00:01:21.277557,,81.277557162,VR2AR-69,549924,2
TEMP,2026-08-07 01:00:00,2026-08-07 01:01:21.315538,,81.315538537,VR2AR-69,549924,13.768,
DEPTH,2026-08-07 01:00:00,2026-08-07 01:01:21.315538,,81.315538537,VR2AR-69,549924,14
ATTITUDE,2026-08-07 01:00:00,2026-08-07 01:01:21.315538,,81.315538537,VR2AR-69,549924,1
TEMP,2026-08-07 02:00:00,2026-08-07 02:01:21.353519,,81.353519911,VR2AR-69,549924,13.915,
DEPTH,2026-08-07 02:00:00,2026-08-07 02:01:21.353519,,81.353519911,VR2AR-69,549924,13
ATTITUDE,2026-08-07 02:00:00,2026-08-07 02:01:21.353519,,81.353519911,VR2AR-69,549924,1
TEMP,2026-08-07 03:00:00,2026-08-07 03:01:21.391501,,81.391501286,VR2AR-69,549924,14.062,
DEPTH,2026-08-07 03:00:00,2026-08-07 03:01:21.391501,,81.391501286,VR2AR-69,549924,13
ATTITUDE,2026-08-07 03:00:00,2026-08-07 03:01:21.391501,,81.391501286,VR2AR-69,549924,1
TEMP,2026-08-07 04:00:00,2026-08-07 04:01:21.429482,,81.429482662,VR2AR-69,549924,14.104,
DEPTH,2026-08-07 04:00:00,2026-08-07 04:01:21.429482,,81.429482662,VR2AR-69,549924,13
ATTITUDE,2026-08-07 04:00:00,2026-08-07 04:01:21.429482,,81.429482662,VR2AR-69,549924,1
TEMP,2026-08-07 05:00:00,2026-08-07 05:01:21.467464,,81.467464036,VR2AR-69,549924,14.041,
DEPTH,2026-08-07 05:00:00,2026-08-07 05:01:21.467464,,81.467464036,VR2AR-69,549924,13
ATTITUDE,2026-08-07 05:00:00,2026-08-07 05:01:21.467464,,81.467464036,VR2AR-69,549924,1
TEMP,2026-08-07 06:00:00,2026-08-07 06:01:21.505445,,81.505445411,VR2AR-69,549924,14.02,
DEPTH,2026-08-07 06:00:00,2026-08-07 06:01:21.505445,,81.505445411,VR2AR-69,549924,13
ATTITUDE,2026-08-07 06:00:00,2026-08-07 06:01:21.505445,,81.505445411,VR2AR-69,549924,1
TEMP,2026-08-07 07:00:00,2026-08-07 07:01:21.543426,,81.543426786,VR2AR-69,549924,13.789,
DEPTH,2026-08-07 07:00:00,2026-08-07 07:01:21.543426,,81.543426786,VR2AR-69,549924,14
ATTITUDE,2026-08-07 07:00:00,2026-08-07 07:01:21.543426,,81.543426786,VR2AR-69,549924,1
TEMP,2026-08-07 08:00:00,2026-08-07 08:01:21.581408,,81.581408160,VR2AR-69,549924,13.056,
DEPTH,2026-08-07 08:00:00,2026-08-07 08:01:21.581408,,81.581408160,VR2AR-69,549924,15
ATTITUDE,2026-08-07 08:00:00,2026-08-07 08:01:21.581408,,81.581408160,VR2AR-69,549924,1
TEMP,2026-08-07 09:00:00,2026-08-07 09:01:21.619389,,81.619389535,VR2AR-69,549924,12.89,
DEPTH,2026-08-07 09:00:00,2026-08-07 09:01:21.619389,,81.619389535,VR2AR-69,549924,15
ATTITUDE,2026-08-07 09:00:00,2026-08-07 09:01:21.619389,,81.619389535,VR2AR-69,549924,2
TEMP,2026-08-07 10:00:00,2026-08-07 10:01:21.65737,,81.657370910,VR2AR-69,549924,13.391,
DEPTH,2026-08-07 10:00:00,2026-08-07 10:01:21.65737,,81.657370910,VR2AR-69,549924,15
ATTITUDE,2026-08-07 10:00:00,2026-08-07 10:01:21.65737,,81.657370910,VR2AR-69,549924,1
TEMP,2026-08-07 11:00:00,2026-08-07 11:01:21.695352,,81.695352285,VR2AR-69,549924,13.391,
DEPTH,2026-08-07 11:00:00,2026-08-07 11:01:21.695352,,81.695352285,VR2AR-69,549924,15
ATTITUDE,2026-08-07 11:00:00,2026-08-07 11:01:21.695352,,81.695352285,VR2AR-69,549924,2
TEMP,2026-08-07 12:00:00,2026-08-07 12:01:21.733333,,81.733333660,VR2AR-69,549924,13.391,
DEPTH,2026-08-07 12:00:00,2026-08-07 12:01:21.733333,,81.733333660,VR2AR-69,549924,14
ATTITUDE,2026-08-07 12:00:00,2026-08-07 12:01:21.733333,,81.733333660,VR2AR-69,549924,1
TEMP,2026-08-07 13:00:00,2026-08-07 13:01:21.771315,,81.771315034,VR2AR-69,549924,13.705,
DEPTH,2026-08-07 13:00:00,2026-08-07 13:01:21.771315,,81.771315034,VR2AR-69,549924,14
ATTITUDE,2026-08-07 13:00:00,2026-08-07 13:01:21.771315,,81.771315034,VR2AR-69,549924,2
TEMP,2026-08-07 14:00:00,2026-08-07 14:01:21.809296,,81.809296409,VR2AR-69,549924,13.768,
DEPTH,2026-08-07 14:00:00,2026-08-07 14:01:21.809296,,81.809296409,VR2AR-69,549924,13
ATTITUDE,2026-08-07 14:00:00,2026-08-07 14:01:21.809296,,81.809296409,VR2AR-69,549924,1
TEMP,2026-08-07 15:00:00,2026-08-07 15:01:21.847277,,81.847277784,VR2AR-69,549924,13.831,
DEPTH,2026-08-07 15:00:00,2026-08-07 15:01:21.847277,,81.847277784,VR2AR-69,549924,13
ATTITUDE,2026-08-07 15:00:00,2026-08-07 15:01:21.847277,,81.847277784,VR2AR-69,549924,1
TEMP,2026-08-07 16:00:00,2026-08-07 16:01:21.885259,,81.885259158,VR2AR-69,549924,13.999,
DEPTH,2026-08-07 16:00:00,2026-08-07 16:01:21.885259,,81.885259158,VR2AR-69,549924,13
ATTITUDE,2026-08-07 16:00:00,2026-08-07 16:01:21.885259,,81.885259158,VR2AR-69,549924,1
TEMP,2026-08-07 17:00:00,2026-08-07 17:01:21.92324,,81.923240534,VR2AR-69,549924,14.062,
DEPTH,2026-08-07 17:00:00,2026-08-07 17:01:21.92324,,81.923240534,VR2AR-69,549924,13
ATTITUDE,2026-08-07 17:00:00,2026-08-07 17:01:21.92324,,81.923240534,VR2AR-69,549924,1
TEMP,2026-08-07 18:00:00,2026-08-07 18:01:21.961221,,81.961221908,VR2AR-69,549924,14.041,
DEPTH,2026-08-07 18:00:00,2026-08-07 18:01:21.961221,,81.961221908,VR2AR-69,549924,13
ATTITUDE,2026-08-07 18:00:00,2026-08-07 18:01:21.961221,,81.961221908,VR2AR-69,549924,1
TEMP,2026-08-07 19:00:00,2026-08-07 19:01:21.999203,,81.999203283,VR2AR-69,549924,13.978,
DEPTH,2026-08-07 19:00:00,2026-08-07 19:01:21.999203,,81.999203283,VR2AR-69,549924,14
ATTITUDE,2026-08-07 19:00:00,2026-08-07 19:01:21.999203,,81.999203283,VR2AR-69,549924,1
TEMP,2026-08-07 20:00:00,2026-08-07 20:01:22.037184,,82.037184658,VR2AR-69,549924,13.621,
DEPTH,2026-08-07 20:00:00,2026-08-07 20:01:22.037184,,82.037184658,VR2AR-69,549924,15
ATTITUDE,2026-08-07 20:00:00,2026-08-07 20:01:22.037184,,82.037184658,VR2AR-69,549924,1
TEMP,2026-08-07 21:00:00,2026-08-07 21:01:22.075166,,82.075166032,VR2AR-69,549924,13.14,
DEPTH,2026-08-07 21:00:00,2026-08-07 21:01:22.075166,,82.075166032,VR2AR-69,549924,15
ATTITUDE,2026-08-07 21:00:00,2026-08-07 21:01:22.075166,,82.075166032,VR2AR-69,549924,1
TEMP,2026-08-07 22:00:00,2026-08-07 22:01:22.113147,,82.113147407,VR2AR-69,549924,13.432,
DEPTH,2026-08-07 22:00:00,2026-08-07 22:01:22.113147,,82.113147407,VR2AR-69,549924,15
ATTITUDE,2026-08-07 22:00:00,2026-08-07 22:01:22.113147,,82.113147407,VR2AR-69,549924,2
TEMP,2026-08-07 23:00:00,2026-08-07 23:01:22.151128,,82.151128781,VR2AR-69,549924,13.789,
DEPTH,2026-08-07 23:00:00,2026-08-07 23:01:22.151128,,82.151128781,VR2AR-69,549924,15
ATTITUDE,2026-08-07 23:00:00,2026-08-07 23:01:22.151128,,82.151128781,VR2AR-69,549924,1
TEMP,2026-08-08 00:00:00,2026-08-08 00:01:22.18911,,82.189110157,VR2AR-69,549924,13.663,
DEPTH,2026-08-08 00:00:00,2026-08-08 00:01:22.18911,,82.189110157,VR2AR-69,549924,15
ATTITUDE,2026-08-08 00:00:00,2026-08-08 00:01:22.18911,,82.189110157,VR2AR-69,549924,1
TEMP,2026-08-08 01:00:00,2026-08-08 01:01:22.227091,,82.227091532,VR2AR-69,549924,13.852,
DEPTH,2026-08-08 01:00:00,2026-08-08 01:01:22.227091,,82.227091532,VR2AR-69,549924,14
ATTITUDE,2026-08-08 01:00:00,2026-08-08 01:01:22.227091,,82.227091532,VR2AR-69,549924,1
TEMP,2026-08-08 02:00:00,2026-08-08 02:01:22.265072,,82.265072906,VR2AR-69,549924,14.083,
DEPTH,2026-08-08 02:00:00,2026-08-08 02:01:22.265072,,82.265072906,VR2AR-69,549924,14
ATTITUDE,2026-08-08 02:00:00,2026-08-08 02:01:22.265072,,82.265072906,VR2AR-69,549924,1
TEMP,2026-08-08 03:00:00,2026-08-08 03:01:22.303054,,82.303054281,VR2AR-69,549924,14.125,
DEPTH,2026-08-08 03:00:00,2026-08-08 03:01:22.303054,,82.303054281,VR2AR-69,549924,13
ATTITUDE,2026-08-08 03:00:00,2026-08-08 03:01:22.303054,,82.303054281,VR2AR-69,549924,1
TEMP,2026-08-08 04:00:00,2026-08-08 04:01:22.341035,,82.341035656,VR2AR-69,549924,14.421,
DEPTH,2026-08-08 04:00:00,2026-08-08 04:01:22.341035,,82.341035656,VR2AR-69,549924,13
ATTITUDE,2026-08-08 04:00:00,2026-08-08 04:01:22.341035,,82.341035656,VR2AR-69,549924,1
TEMP,2026-08-08 05:00:00,2026-08-08 05:01:22.379017,,82.379017030,VR2AR-69,549924,14.421,
DEPTH,2026-08-08 05:00:00,2026-08-08 05:01:22.379017,,82.379017030,VR2AR-69,549924,13
ATTITUDE,2026-08-08 05:00:00,2026-08-08 05:01:22.379017,,82.379017030,VR2AR-69,549924,1
TEMP,2026-08-08 06:00:00,2026-08-08 06:01:22.416998,,82.416998405,VR2AR-69,549924,14.379,
DEPTH,2026-08-08 06:00:00,2026-08-08 06:01:22.416998,,82.416998405,VR2AR-69,549924,13
ATTITUDE,2026-08-08 06:00:00,2026-08-08 06:01:22.416998,,82.416998405,VR2AR-69,549924,1
TEMP,2026-08-08 07:00:00,2026-08-08 07:01:22.454979,,82.454979780,VR2AR-69,549924,14.168,
DEPTH,2026-08-08 07:00:00,2026-08-08 07:01:22.454979,,82.454979780,VR2AR-69,549924,13
ATTITUDE,2026-08-08 07:00:00,2026-08-08 07:01:22.454979,,82.454979780,VR2AR-69,549924,1
TEMP,2026-08-08 08:00:00,2026-08-08 08:01:22.492961,,82.492961155,VR2AR-69,549924,13.852,
DEPTH,2026-08-08 08:00:00,2026-08-08 08:01:22.492961,,82.492961155,VR2AR-69,549924,14
ATTITUDE,2026-08-08 08:00:00,2026-08-08 08:01:22.492961,,82.492961155,VR2AR-69,549924,1
TEMP,2026-08-08 09:00:00,2026-08-08 09:01:22.530942,,82.530942530,VR2AR-69,549924,13.182,
DEPTH,2026-08-08 09:00:00,2026-08-08 09:01:22.530942,,82.530942530,VR2AR-69,549924,15
ATTITUDE,2026-08-08 09:00:00,2026-08-08 09:01:22.530942,,82.530942530,VR2AR-69,549924,1
TEMP,2026-08-08 10:00:00,2026-08-08 10:01:22.568923,,82.568923904,VR2AR-69,549924,13.182,
DEPTH,2026-08-08 10:00:00,2026-08-08 10:01:22.568923,,82.568923904,VR2AR-69,549924,15
ATTITUDE,2026-08-08 10:00:00,2026-08-08 10:01:22.568923,,82.568923904,VR2AR-69,549924,1
TEMP,2026-08-08 11:00:00,2026-08-08 11:01:22.606905,,82.606905279,VR2AR-69,549924,13.621,
DEPTH,2026-08-08 11:00:00,2026-08-08 11:01:22.606905,,82.606905279,VR2AR-69,549924,15
ATTITUDE,2026-08-08 11:00:00,2026-08-08 11:01:22.606905,,82.606905279,VR2AR-69,549924,1
TEMP,2026-08-08 12:00:00,2026-08-08 12:01:22.644886,,82.644886654,VR2AR-69,549924,13.747,
DEPTH,2026-08-08 12:00:00,2026-08-08 12:01:22.644886,,82.644886654,VR2AR-69,549924,15
ATTITUDE,2026-08-08 12:00:00,2026-08-08 12:01:22.644886,,82.644886654,VR2AR-69,549924,2
TEMP,2026-08-08 13:00:00,2026-08-08 13:01:22.682868,,82.682868028,VR2AR-69,549924,13.789,
DEPTH,2026-08-08 13:00:00,2026-08-08 13:01:22.682868,,82.682868028,VR2AR-69,549924,15
ATTITUDE,2026-08-08 13:00:00,2026-08-08 13:01:22.682868,,82.682868028,VR2AR-69,549924,1
TEMP,2026-08-08 14:00:00,2026-08-08 14:01:22.720849,,82.720849404,VR2AR-69,549924,13.936,
DEPTH,2026-08-08 14:00:00,2026-08-08 14:01:22.720849,,82.720849404,VR2AR-69,549924,14
ATTITUDE,2026-08-08 14:00:00,2026-08-08 14:01:22.720849,,82.720849404,VR2AR-69,549924,2
TEMP,2026-08-08 15:00:00,2026-08-08 15:01:22.75883,,82.758830778,VR2AR-69,549924,14.062,
DEPTH,2026-08-08 15:00:00,2026-08-08 15:01:22.75883,,82.758830778,VR2AR-69,549924,13
ATTITUDE,2026-08-08 15:00:00,2026-08-08 15:01:22.75883,,82.758830778,VR2AR-69,549924,1
TEMP,2026-08-08 16:00:00,2026-08-08 16:01:22.796812,,82.796812153,VR2AR-69,549924,14.168,
DEPTH,2026-08-08 16:00:00,2026-08-08 16:01:22.796812,,82.796812153,VR2AR-69,549924,13
ATTITUDE,2026-08-08 16:00:00,2026-08-08 16:01:22.796812,,82.796812153,VR2AR-69,549924,1
TEMP,2026-08-08 17:00:00,2026-08-08 17:01:22.834793,,82.834793528,VR2AR-69,549924,14.337,
DEPTH,2026-08-08 17:00:00,2026-08-08 17:01:22.834793,,82.834793528,VR2AR-69,549924,13
ATTITUDE,2026-08-08 17:00:00,2026-08-08 17:01:22.834793,,82.834793528,VR2AR-69,549924,1
TEMP,2026-08-08 18:00:00,2026-08-08 18:01:22.872774,,82.872774902,VR2AR-69,549924,14.189,
DEPTH,2026-08-08 18:00:00,2026-08-08 18:01:22.872774,,82.872774902,VR2AR-69,549924,13
ATTITUDE,2026-08-08 18:00:00,2026-08-08 18:01:22.872774,,82.872774902,VR2AR-69,549924,1
TEMP,2026-08-08 19:00:00,2026-08-08 19:01:22.910756,,82.910756277,VR2AR-69,549924,14.189,
DEPTH,2026-08-08 19:00:00,2026-08-08 19:01:22.910756,,82.910756277,VR2AR-69,549924,13
ATTITUDE,2026-08-08 19:00:00,2026-08-08 19:01:22.910756,,82.910756277,VR2AR-69,549924,1
TEMP,2026-08-08 20:00:00,2026-08-08 20:01:22.948737,,82.948737652,VR2AR-69,549924,14.104,
DEPTH,2026-08-08 20:00:00,2026-08-08 20:01:22.948737,,82.948737652,VR2AR-69,549924,14
ATTITUDE,2026-08-08 20:00:00,2026-08-08 20:01:22.948737,,82.948737652,VR2AR-69,549924,1
TEMP,2026-08-08 21:00:00,2026-08-08 21:01:22.986719,,82.986719027,VR2AR-69,549924,13.642,
DEPTH,2026-08-08 21:00:00,2026-08-08 21:01:22.986719,,82.986719027,VR2AR-69,549924,15
ATTITUDE,2026-08-08 21:00:00,2026-08-08 21:01:22.986719,,82.986719027,VR2AR-69,549924,2
TEMP,2026-08-08 22:00:00,2026-08-08 22:01:23.0247,,83.024700402,VR2AR-69,549924,13.328,
DEPTH,2026-08-08 22:00:00,2026-08-08 22:01:23.0247,,83.024700402,VR2AR-69,549924,15
ATTITUDE,2026-08-08 22:00:00,2026-08-08 22:01:23.0247,,83.024700402,VR2AR-69,549924,1
TEMP,2026-08-08 23:00:00,2026-08-08 23:01:23.062681,,83.062681776,VR2AR-69,549924,13.684,
DEPTH,2026-08-08 23:00:00,2026-08-08 23:01:23.062681,,83.062681776,VR2AR-69,549924,16
ATTITUDE,2026-08-08 23:00:00,2026-08-08 23:01:23.062681,,83.062681776,VR2AR-69,549924,1
TEMP,2026-08-09 00:00:00,2026-08-09 00:01:23.100663,,83.100663151,VR2AR-69,549924,14.062,
DEPTH,2026-08-09 00:00:00,2026-08-09 00:01:23.100663,,83.100663151,VR2AR-69,549924,15
ATTITUDE,2026-08-09 00:00:00,2026-08-09 00:01:23.100663,,83.100663151,VR2AR-69,549924,1
TEMP,2026-08-09 01:00:00,2026-08-09 01:01:23.138644,,83.138644526,VR2AR-69,549924,13.957,
DEPTH,2026-08-09 01:00:00,2026-08-09 01:01:23.138644,,83.138644526,VR2AR-69,549924,15
ATTITUDE,2026-08-09 01:00:00,2026-08-09 01:01:23.138644,,83.138644526,VR2AR-69,549924,2
TEMP,2026-08-09 02:00:00,2026-08-09 02:01:23.176625,,83.176625900,VR2AR-69,549924,14.125,
DEPTH,2026-08-09 02:00:00,2026-08-09 02:01:23.176625,,83.176625900,VR2AR-69,549924,14
ATTITUDE,2026-08-09 02:00:00,2026-08-09 02:01:23.176625,,83.176625900,VR2AR-69,549924,2
TEMP,2026-08-09 03:00:00,2026-08-09 03:01:23.214607,,83.214607276,VR2AR-69,549924,14.4,
DEPTH,2026-08-09 03:00:00,2026-08-09 03:01:23.214607,,83.214607276,VR2AR-69,549924,14
ATTITUDE,2026-08-09 03:00:00,2026-08-09 03:01:23.214607,,83.214607276,VR2AR-69,549924,1
TEMP,2026-08-09 04:00:00,2026-08-09 04:01:23.252588,,83.252588651,VR2AR-69,549924,14.421,
DEPTH,2026-08-09 04:00:00,2026-08-09 04:01:23.252588,,83.252588651,VR2AR-69,549924,13
ATTITUDE,2026-08-09 04:00:00,2026-08-09 04:01:23.252588,,83.252588651,VR2AR-69,549924,1
TEMP,2026-08-09 05:00:00,2026-08-09 05:01:23.29057,,83.290570025,VR2AR-69,549924,14.506,
DEPTH,2026-08-09 05:00:00,2026-08-09 05:01:23.29057,,83.290570025,VR2AR-69,549924,13
ATTITUDE,2026-08-09 05:00:00,2026-08-09 05:01:23.29057,,83.290570025,VR2AR-69,549924,1
TEMP,2026-08-09 06:00:00,2026-08-09 06:01:23.328551,,83.328551400,VR2AR-69,549924,14.612,
DEPTH,2026-08-09 06:00:00,2026-08-09 06:01:23.328551,,83.328551400,VR2AR-69,549924,12
ATTITUDE,2026-08-09 06:00:00,2026-08-09 06:01:23.328551,,83.328551400,VR2AR-69,549924,1
TEMP,2026-08-09 07:00:00,2026-08-09 07:01:23.366532,,83.366532774,VR2AR-69,549924,14.527,
DEPTH,2026-08-09 07:00:00,2026-08-09 07:01:23.366532,,83.366532774,VR2AR-69,549924,13
ATTITUDE,2026-08-09 07:00:00,2026-08-09 07:01:23.366532,,83.366532774,VR2AR-69,549924,1
TEMP,2026-08-09 08:00:00,2026-08-09 08:01:23.404514,,83.404514149,VR2AR-69,549924,14.4,
DEPTH,2026-08-09 08:00:00,2026-08-09 08:01:23.404514,,83.404514149,VR2AR-69,549924,13
ATTITUDE,2026-08-09 08:00:00,2026-08-09 08:01:23.404514,,83.404514149,VR2AR-69,549924,1
TEMP,2026-08-09 09:00:00,2026-08-09 09:01:23.442495,,83.442495524,VR2AR-69,549924,14.189,
DEPTH,2026-08-09 09:00:00,2026-08-09 09:01:23.442495,,83.442495524,VR2AR-69,549924,14
ATTITUDE,2026-08-09 09:00:00,2026-08-09 09:01:23.442495,,83.442495524,VR2AR-69,549924,1
TEMP,2026-08-09 10:00:00,2026-08-09 10:01:23.480476,,83.480476899,VR2AR-69,549924,13.81,
DEPTH,2026-08-09 10:00:00,2026-08-09 10:01:23.480476,,83.480476899,VR2AR-69,549924,14
ATTITUDE,2026-08-09 10:00:00,2026-08-09 10:01:23.480476,,83.480476899,VR2AR-69,549924,1
TEMP,2026-08-09 11:00:00,2026-08-09 11:01:23.518458,,83.518458274,VR2AR-69,549924,13.768,
DEPTH,2026-08-09 11:00:00,2026-08-09 11:01:23.518458,,83.518458274,VR2AR-69,549924,15
ATTITUDE,2026-08-09 11:00:00,2026-08-09 11:01:23.518458,,83.518458274,VR2AR-69,549924,1
TEMP,2026-08-09 12:00:00,2026-08-09 12:01:23.556439,,83.556439649,VR2AR-69,549924,14.231,
DEPTH,2026-08-09 12:00:00,2026-08-09 12:01:23.556439,,83.556439649,VR2AR-69,549924,15
ATTITUDE,2026-08-09 12:00:00,2026-08-09 12:01:23.556439,,83.556439649,VR2AR-69,549924,1
TEMP,2026-08-09 13:00:00,2026-08-09 13:01:23.594421,,83.594421023,VR2AR-69,549924,14.252,
DEPTH,2026-08-09 13:00:00,2026-08-09 13:01:23.594421,,83.594421023,VR2AR-69,549924,15
ATTITUDE,2026-08-09 13:00:00,2026-08-09 13:01:23.594421,,83.594421023,VR2AR-69,549924,1
TEMP,2026-08-09 14:00:00,2026-08-09 14:01:23.632402,,83.632402398,VR2AR-69,549924,13.852,
DEPTH,2026-08-09 14:00:00,2026-08-09 14:01:23.632402,,83.632402398,VR2AR-69,549924,15
ATTITUDE,2026-08-09 14:00:00,2026-08-09 14:01:23.632402,,83.632402398,VR2AR-69,549924,1
TEMP,2026-08-09 15:00:00,2026-08-09 15:01:23.670383,,83.670383772,VR2AR-69,549924,14.252,
DEPTH,2026-08-09 15:00:00,2026-08-09 15:01:23.670383,,83.670383772,VR2AR-69,549924,14
ATTITUDE,2026-08-09 15:00:00,2026-08-09 15:01:23.670383,,83.670383772,VR2AR-69,549924,2
TEMP,2026-08-09 16:00:00,2026-08-09 16:01:23.708365,,83.708365147,VR2AR-69,549924,14.4,
DEPTH,2026-08-09 16:00:00,2026-08-09 16:01:23.708365,,83.708365147,VR2AR-69,549924,13
ATTITUDE,2026-08-09 16:00:00,2026-08-09 16:01:23.708365,,83.708365147,VR2AR-69,549924,1
TEMP,2026-08-09 17:00:00,2026-08-09 17:01:23.746346,,83.746346523,VR2AR-69,549924,14.421,
DEPTH,2026-08-09 17:00:00,2026-08-09 17:01:23.746346,,83.746346523,VR2AR-69,549924,13
ATTITUDE,2026-08-09 17:00:00,2026-08-09 17:01:23.746346,,83.746346523,VR2AR-69,549924,0
TEMP,2026-08-09 18:00:00,2026-08-09 18:01:23.784327,,83.784327897,VR2AR-69,549924,14.548,
DEPTH,2026-08-09 18:00:00,2026-08-09 18:01:23.784327,,83.784327897,VR2AR-69,549924,13
ATTITUDE,2026-08-09 18:00:00,2026-08-09 18:01:23.784327,,83.784327897,VR2AR-69,549924,1
TEMP,2026-08-09 19:00:00,2026-08-09 19:01:23.822309,,83.822309272,VR2AR-69,549924,14.633,
DEPTH,2026-08-09 19:00:00,2026-08-09 19:01:23.822309,,83.822309272,VR2AR-69,549924,13
ATTITUDE,2026-08-09 19:00:00,2026-08-09 19:01:23.822309,,83.822309272,VR2AR-69,549924,1
TEMP,2026-08-09 20:00:00,2026-08-09 20:01:23.86029,,83.860290647,VR2AR-69,549924,14.527,
DEPTH,2026-08-09 20:00:00,2026-08-09 20:01:23.86029,,83.860290647,VR2AR-69,549924,13
ATTITUDE,2026-08-09 20:00:00,2026-08-09 20:01:23.86029,,83.860290647,VR2AR-69,549924,0
TEMP,2026-08-09 21:00:00,2026-08-09 21:01:23.898272,,83.898272021,VR2AR-69,549924,14.527,
DEPTH,2026-08-09 21:00:00,2026-08-09 21:01:23.898272,,83.898272021,VR2AR-69,549924,14
ATTITUDE,2026-08-09 21:00:00,2026-08-09 21:01:23.898272,,83.898272021,VR2AR-69,549924,1
TEMP,2026-08-09 22:00:00,2026-08-09 22:01:23.936253,,83.936253396,VR2AR-69,549924,13.915,
DEPTH,2026-08-09 22:00:00,2026-08-09 22:01:23.936253,,83.936253396,VR2AR-69,549924,15
ATTITUDE,2026-08-09 22:00:00,2026-08-09 22:01:23.936253,,83.936253396,VR2AR-69,549924,0
TEMP,2026-08-09 23:00:00,2026-08-09 23:01:23.974234,,83.974234770,VR2AR-69,549924,13.768,
DEPTH,2026-08-09 23:00:00,2026-08-09 23:01:23.974234,,83.974234770,VR2AR-69,549924,15
ATTITUDE,2026-08-09 23:00:00,2026-08-09 23:01:23.974234,,83.974234770,VR2AR-69,549924,0
TEMP,2026-08-10 00:00:00,2026-08-10 00:01:24.012216,,84.012216146,VR2AR-69,549924,13.957,
DEPTH,2026-08-10 00:00:00,2026-08-10 00:01:24.012216,,84.012216146,VR2AR-69,549924,16
ATTITUDE,2026-08-10 00:00:00,2026-08-10 00:01:24.012216,,84.012216146,VR2AR-69,549924,0
TEMP,2026-08-10 01:00:00,2026-08-10 01:01:24.050197,,84.050197521,VR2AR-69,549924,14.294,
DEPTH,2026-08-10 01:00:00,2026-08-10 01:01:24.050197,,84.050197521,VR2AR-69,549924,16
ATTITUDE,2026-08-10 01:00:00,2026-08-10 01:01:24.050197,,84.050197521,VR2AR-69,549924,1
TEMP,2026-08-10 02:00:00,2026-08-10 02:01:24.088178,,84.088178895,VR2AR-69,549924,14.21,
DEPTH,2026-08-10 02:00:00,2026-08-10 02:01:24.088178,,84.088178895,VR2AR-69,549924,15
ATTITUDE,2026-08-10 02:00:00,2026-08-10 02:01:24.088178,,84.088178895,VR2AR-69,549924,1
TEMP,2026-08-10 03:00:00,2026-08-10 03:01:24.12616,,84.126160270,VR2AR-69,549924,14.379,
DEPTH,2026-08-10 03:00:00,2026-08-10 03:01:24.12616,,84.126160270,VR2AR-69,549924,15
ATTITUDE,2026-08-10 03:00:00,2026-08-10 03:01:24.12616,,84.126160270,VR2AR-69,549924,2
TEMP,2026-08-10 04:00:00,2026-08-10 04:01:24.164141,,84.164141644,VR2AR-69,549924,14.548,
DEPTH,2026-08-10 04:00:00,2026-08-10 04:01:24.164141,,84.164141644,VR2AR-69,549924,14
ATTITUDE,2026-08-10 04:00:00,2026-08-10 04:01:24.164141,,84.164141644,VR2AR-69,549924,1
TEMP,2026-08-10 05:00:00,2026-08-10 05:01:24.202123,,84.202123019,VR2AR-69,549924,14.718,
DEPTH,2026-08-10 05:00:00,2026-08-10 05:01:24.202123,,84.202123019,VR2AR-69,549924,13
ATTITUDE,2026-08-10 05:00:00,2026-08-10 05:01:24.202123,,84.202123019,VR2AR-69,549924,0
TEMP,2026-08-10 06:00:00,2026-08-10 06:01:24.240104,,84.240104394,VR2AR-69,549924,14.739,
DEPTH,2026-08-10 06:00:00,2026-08-10 06:01:24.240104,,84.240104394,VR2AR-69,549924,12
ATTITUDE,2026-08-10 06:00:00,2026-08-10 06:01:24.240104,,84.240104394,VR2AR-69,549924,0
TEMP,2026-08-10 07:00:00,2026-08-10 07:01:24.278085,,84.278085769,VR2AR-69,549924,14.909,
DEPTH,2026-08-10 07:00:00,2026-08-10 07:01:24.278085,,84.278085769,VR2AR-69,549924,12
ATTITUDE,2026-08-10 07:00:00,2026-08-10 07:01:24.278085,,84.278085769,VR2AR-69,549924,1
TEMP,2026-08-10 08:00:00,2026-08-10 08:01:24.316067,,84.316067144,VR2AR-69,549924,14.973,
DEPTH,2026-08-10 08:00:00,2026-08-10 08:01:24.316067,,84.316067144,VR2AR-69,549924,12
ATTITUDE,2026-08-10 08:00:00,2026-08-10 08:01:24.316067,,84.316067144,VR2AR-69,549924,0
TEMP,2026-08-10 09:00:00,2026-08-10 09:01:24.354048,,84.354048519,VR2AR-69,549924,14.866,
DEPTH,2026-08-10 09:00:00,2026-08-10 09:01:24.354048,,84.354048519,VR2AR-69,549924,13
ATTITUDE,2026-08-10 09:00:00,2026-08-10 09:01:24.354048,,84.354048519,VR2AR-69,549924,0
TEMP,2026-08-10 10:00:00,2026-08-10 10:01:24.392029,,84.392029893,VR2AR-69,549924,14.442,
DEPTH,2026-08-10 10:00:00,2026-08-10 10:01:24.392029,,84.392029893,VR2AR-69,549924,14
ATTITUDE,2026-08-10 10:00:00,2026-08-10 10:01:24.392029,,84.392029893,VR2AR-69,549924,1
TEMP,2026-08-10 11:00:00,2026-08-10 11:01:24.430011,,84.430011268,VR2AR-69,549924,13.474,
DEPTH,2026-08-10 11:00:00,2026-08-10 11:01:24.430011,,84.430011268,VR2AR-69,549924,15
ATTITUDE,2026-08-10 11:00:00,2026-08-10 11:01:24.430011,,84.430011268,VR2AR-69,549924,1
TEMP,2026-08-10 12:00:00,2026-08-10 12:01:24.467992,,84.467992642,VR2AR-69,549924,12.931,
DEPTH,2026-08-10 12:00:00,2026-08-10 12:01:24.467992,,84.467992642,VR2AR-69,549924,15
ATTITUDE,2026-08-10 12:00:00,2026-08-10 12:01:24.467992,,84.467992642,VR2AR-69,549924,1
TEMP,2026-08-10 13:00:00,2026-08-10 13:01:24.505974,,84.505974018,VR2AR-69,549924,13.516,
DEPTH,2026-08-10 13:00:00,2026-08-10 13:01:24.505974,,84.505974018,VR2AR-69,549924,15
ATTITUDE,2026-08-10 13:00:00,2026-08-10 13:01:24.505974,,84.505974018,VR2AR-69,549924,2
TEMP,2026-08-10 14:00:00,2026-08-10 14:01:24.543955,,84.543955393,VR2AR-69,549924,13.579,
DEPTH,2026-08-10 14:00:00,2026-08-10 14:01:24.543955,,84.543955393,VR2AR-69,549924,15
ATTITUDE,2026-08-10 14:00:00,2026-08-10 14:01:24.543955,,84.543955393,VR2AR-69,549924,1
TEMP,2026-08-10 15:00:00,2026-08-10 15:01:24.581936,,84.581936767,VR2AR-69,549924,13.537,
DEPTH,2026-08-10 15:00:00,2026-08-10 15:01:24.581936,,84.581936767,VR2AR-69,549924,15
ATTITUDE,2026-08-10 15:00:00,2026-08-10 15:01:24.581936,,84.581936767,VR2AR-69,549924,1
TEMP,2026-08-10 16:00:00,2026-08-10 16:01:24.619918,,84.619918142,VR2AR-69,549924,14.062,
DEPTH,2026-08-10 16:00:00,2026-08-10 16:01:24.619918,,84.619918142,VR2AR-69,549924,14
ATTITUDE,2026-08-10 16:00:00,2026-08-10 16:01:24.619918,,84.619918142,VR2AR-69,549924,2
TEMP,2026-08-10 17:00:00,2026-08-10 17:01:24.657899,,84.657899517,VR2AR-69,549924,14.4,
DEPTH,2026-08-10 17:00:00,2026-08-10 17:01:24.657899,,84.657899517,VR2AR-69,549924,13
ATTITUDE,2026-08-10 17:00:00,2026-08-10 17:01:24.657899,,84.657899517,VR2AR-69,549924,1
TEMP,2026-08-10 18:00:00,2026-08-10 18:01:24.69588,,84.695880891,VR2AR-69,549924,14.548,
DEPTH,2026-08-10 18:00:00,2026-08-10 18:01:24.69588,,84.695880891,VR2AR-69,549924,13
ATTITUDE,2026-08-10 18:00:00,2026-08-10 18:01:24.69588,,84.695880891,VR2AR-69,549924,0
TEMP,2026-08-10 19:00:00,2026-08-10 19:01:24.733862,,84.733862266,VR2AR-69,549924,14.973,
DEPTH,2026-08-10 19:00:00,2026-08-10 19:01:24.733862,,84.733862266,VR2AR-69,549924,13
ATTITUDE,2026-08-10 19:00:00,2026-08-10 19:01:24.733862,,84.733862266,VR2AR-69,549924,1
TEMP,2026-08-10 20:00:00,2026-08-10 20:01:24.771843,,84.771843641,VR2AR-69,549924,14.994,
DEPTH,2026-08-10 20:00:00,2026-08-10 20:01:24.771843,,84.771843641,VR2AR-69,549924,13
ATTITUDE,2026-08-10 20:00:00,2026-08-10 20:01:24.771843,,84.771843641,VR2AR-69,549924,1
TEMP,2026-08-10 21:00:00,2026-08-10 21:01:24.809825,,84.809825016,VR2AR-69,549924,14.548,
DEPTH,2026-08-10 21:00:00,2026-08-10 21:01:24.809825,,84.809825016,VR2AR-69,549924,13
ATTITUDE,2026-08-10 21:00:00,2026-08-10 21:01:24.809825,,84.809825016,VR2AR-69,549924,1
TEMP,2026-08-10 22:00:00,2026-08-10 22:01:24.847806,,84.847806391,VR2AR-69,549924,14.421,
DEPTH,2026-08-10 22:00:00,2026-08-10 22:01:24.847806,,84.847806391,VR2AR-69,549924,14
ATTITUDE,2026-08-10 22:00:00,2026-08-10 22:01:24.847806,,84.847806391,VR2AR-69,549924,1
TEMP,2026-08-10 23:00:00,2026-08-10 23:01:24.885787,,84.885787765,VR2AR-69,549924,13.705,
DEPTH,2026-08-10 23:00:00,2026-08-10 23:01:24.885787,,84.885787765,VR2AR-69,549924,15
ATTITUDE,2026-08-10 23:00:00,2026-08-10 23:01:24.885787,,84.885787765,VR2AR-69,549924,0
TEMP,2026-08-11 00:00:00,2026-08-11 00:01:24.923769,,84.923769140,VR2AR-69,549924,13.663,
DEPTH,2026-08-11 00:00:00,2026-08-11 00:01:24.923769,,84.923769140,VR2AR-69,549924,15
ATTITUDE,2026-08-11 00:00:00,2026-08-11 00:01:24.923769,,84.923769140,VR2AR-69,549924,2
TEMP,2026-08-11 01:00:00,2026-08-11 01:01:24.96175,,84.961750515,VR2AR-69,549924,13.81,
DEPTH,2026-08-11 01:00:00,2026-08-11 01:01:24.96175,,84.961750515,VR2AR-69,549924,16
ATTITUDE,2026-08-11 01:00:00,2026-08-11 01:01:24.96175,,84.961750515,VR2AR-69,549924,1
TEMP,2026-08-11 02:00:00,2026-08-11 02:01:24.999731,,84.999731889,VR2AR-69,549924,14.041,
DEPTH,2026-08-11 02:00:00,2026-08-11 02:01:24.999731,,84.999731889,VR2AR-69,549924,16
ATTITUDE,2026-08-11 02:00:00,2026-08-11 02:01:24.999731,,84.999731889,VR2AR-69,549924,1
TEMP,2026-08-11 03:00:00,2026-08-11 03:01:25.037713,,85.037713265,VR2AR-69,549924,13.684,
DEPTH,2026-08-11 03:00:00,2026-08-11 03:01:25.037713,,85.037713265,VR2AR-69,549924,15
ATTITUDE,2026-08-11 03:00:00,2026-08-11 03:01:25.037713,,85.037713265,VR2AR-69,549924,1
TEMP,2026-08-11 04:00:00,2026-08-11 04:01:25.075694,,85.075694639,VR2AR-69,549924,14.083,
DEPTH,2026-08-11 04:00:00,2026-08-11 04:01:25.075694,,85.075694639,VR2AR-69,549924,15
ATTITUDE,2026-08-11 04:00:00,2026-08-11 04:01:25.075694,,85.075694639,VR2AR-69,549924,2
TEMP,2026-08-11 05:00:00,2026-08-11 05:01:25.113676,,85.113676014,VR2AR-69,549924,14.337,
DEPTH,2026-08-11 05:00:00,2026-08-11 05:01:25.113676,,85.113676014,VR2AR-69,549924,14
ATTITUDE,2026-08-11 05:00:00,2026-08-11 05:01:25.113676,,85.113676014,VR2AR-69,549924,1
TEMP,2026-08-11 06:00:00,2026-08-11 06:01:25.151657,,85.151657389,VR2AR-69,549924,14.4,
DEPTH,2026-08-11 06:00:00,2026-08-11 06:01:25.151657,,85.151657389,VR2AR-69,549924,13
ATTITUDE,2026-08-11 06:00:00,2026-08-11 06:01:25.151657,,85.151657389,VR2AR-69,549924,1
TEMP,2026-08-11 07:00:00,2026-08-11 07:01:25.189638,,85.189638763,VR2AR-69,549924,14.506,
DEPTH,2026-08-11 07:00:00,2026-08-11 07:01:25.189638,,85.189638763,VR2AR-69,549924,12
ATTITUDE,2026-08-11 07:00:00,2026-08-11 07:01:25.189638,,85.189638763,VR2AR-69,549924,0
TEMP,2026-08-11 08:00:00,2026-08-11 08:01:25.22762,,85.227620138,VR2AR-69,549924,14.675,
DEPTH,2026-08-11 08:00:00,2026-08-11 08:01:25.22762,,85.227620138,VR2AR-69,549924,12
ATTITUDE,2026-08-11 08:00:00,2026-08-11 08:01:25.22762,,85.227620138,VR2AR-69,549924,1
TEMP,2026-08-11 09:00:00,2026-08-11 09:01:25.265601,,85.265601513,VR2AR-69,549924,14.696,
DEPTH,2026-08-11 09:00:00,2026-08-11 09:01:25.265601,,85.265601513,VR2AR-69,549924,12
ATTITUDE,2026-08-11 09:00:00,2026-08-11 09:01:25.265601,,85.265601513,VR2AR-69,549924,1
TEMP,2026-08-11 10:00:00,2026-08-11 10:01:25.303582,,85.303582888,VR2AR-69,549924,14.654,
DEPTH,2026-08-11 10:00:00,2026-08-11 10:01:25.303582,,85.303582888,VR2AR-69,549924,13
ATTITUDE,2026-08-11 10:00:00,2026-08-11 10:01:25.303582,,85.303582888,VR2AR-69,549924,1
TEMP,2026-08-11 11:00:00,2026-08-11 11:01:25.341564,,85.341564263,VR2AR-69,549924,14.315,
DEPTH,2026-08-11 11:00:00,2026-08-11 11:01:25.341564,,85.341564263,VR2AR-69,549924,14
ATTITUDE,2026-08-11 11:00:00,2026-08-11 11:01:25.341564,,85.341564263,VR2AR-69,549924,1
TEMP,2026-08-11 12:00:00,2026-08-11 12:01:25.379545,,85.379545637,VR2AR-69,549924,13.663,
DEPTH,2026-08-11 12:00:00,2026-08-11 12:01:25.379545,,85.379545637,VR2AR-69,549924,15
ATTITUDE,2026-08-11 12:00:00,2026-08-11 12:01:25.379545,,85.379545637,VR2AR-69,549924,1
TEMP,2026-08-11 13:00:00,2026-08-11 13:01:25.417527,,85.417527012,VR2AR-69,549924,12.931,
DEPTH,2026-08-11 13:00:00,2026-08-11 13:01:25.417527,,85.417527012,VR2AR-69,549924,15
ATTITUDE,2026-08-11 13:00:00,2026-08-11 13:01:25.417527,,85.417527012,VR2AR-69,549924,1
TEMP,2026-08-11 14:00:00,2026-08-11 14:01:25.455508,,85.455508387,VR2AR-69,549924,13.161,
DEPTH,2026-08-11 14:00:00,2026-08-11 14:01:25.455508,,85.455508387,VR2AR-69,549924,15
ATTITUDE,2026-08-11 14:00:00,2026-08-11 14:01:25.455508,,85.455508387,VR2AR-69,549924,2
TEMP,2026-08-11 15:00:00,2026-08-11 15:01:25.493489,,85.493489761,VR2AR-69,549924,13.495,
DEPTH,2026-08-11 15:00:00,2026-08-11 15:01:25.493489,,85.493489761,VR2AR-69,549924,15
ATTITUDE,2026-08-11 15:00:00,2026-08-11 15:01:25.493489,,85.493489761,VR2AR-69,549924,1
TEMP,2026-08-11 16:00:00,2026-08-11 16:01:25.531471,,85.531471136,VR2AR-69,549924,13.516,
DEPTH,2026-08-11 16:00:00,2026-08-11 16:01:25.531471,,85.531471136,VR2AR-69,549924,15
ATTITUDE,2026-08-11 16:00:00,2026-08-11 16:01:25.531471,,85.531471136,VR2AR-69,549924,2
TEMP,2026-08-11 17:00:00,2026-08-11 17:01:25.569452,,85.569452512,VR2AR-69,549924,14.041,
DEPTH,2026-08-11 17:00:00,2026-08-11 17:01:25.569452,,85.569452512,VR2AR-69,549924,14
ATTITUDE,2026-08-11 17:00:00,2026-08-11 17:01:25.569452,,85.569452512,VR2AR-69,549924,1
TEMP,2026-08-11 18:00:00,2026-08-11 18:01:25.607433,,85.607433886,VR2AR-69,549924,14.337,
DEPTH,2026-08-11 18:00:00,2026-08-11 18:01:25.607433,,85.607433886,VR2AR-69,549924,13
ATTITUDE,2026-08-11 18:00:00,2026-08-11 18:01:25.607433,,85.607433886,VR2AR-69,549924,1
TEMP,2026-08-11 19:00:00,2026-08-11 19:01:25.645415,,85.645415261,VR2AR-69,549924,14.379,
DEPTH,2026-08-11 19:00:00,2026-08-11 19:01:25.645415,,85.645415261,VR2AR-69,549924,13
ATTITUDE,2026-08-11 19:00:00,2026-08-11 19:01:25.645415,,85.645415261,VR2AR-69,549924,1
TEMP,2026-08-11 20:00:00,2026-08-11 20:01:25.683396,,85.683396635,VR2AR-69,549924,14.59,
DEPTH,2026-08-11 20:00:00,2026-08-11 20:01:25.683396,,85.683396635,VR2AR-69,549924,12
ATTITUDE,2026-08-11 20:00:00,2026-08-11 20:01:25.683396,,85.683396635,VR2AR-69,549924,0
TEMP,2026-08-11 21:00:00,2026-08-11 21:01:25.721378,,85.721378010,VR2AR-69,549924,14.718,
DEPTH,2026-08-11 21:00:00,2026-08-11 21:01:25.721378,,85.721378010,VR2AR-69,549924,13
ATTITUDE,2026-08-11 21:00:00,2026-08-11 21:01:25.721378,,85.721378010,VR2AR-69,549924,0
TEMP,2026-08-11 22:00:00,2026-08-11 22:01:25.759359,,85.759359385,VR2AR-69,549924,14.654,
DEPTH,2026-08-11 22:00:00,2026-08-11 22:01:25.759359,,85.759359385,VR2AR-69,549924,13
ATTITUDE,2026-08-11 22:00:00,2026-08-11 22:01:25.759359,,85.759359385,VR2AR-69,549924,1
TEMP,2026-08-11 23:00:00,2026-08-11 23:01:25.79734,,85.797340760,VR2AR-69,549924,14.548,
DEPTH,2026-08-11 23:00:00,2026-08-11 23:01:25.79734,,85.797340760,VR2AR-69,549924,14
ATTITUDE,2026-08-11 23:00:00,2026-08-11 23:01:25.79734,,85.797340760,VR2AR-69,549924,1
TEMP,2026-08-12 00:00:00,2026-08-12 00:01:25.835322,,85.835322135,VR2AR-69,549924,13.789,
DEPTH,2026-08-12 00:00:00,2026-08-12 00:01:25.835322,,85.835322135,VR2AR-69,549924,15
ATTITUDE,2026-08-12 00:00:00,2026-08-12 00:01:25.835322,,85.835322135,VR2AR-69,549924,1
TEMP,2026-08-12 01:00:00,2026-08-12 01:01:25.873303,,85.873303510,VR2AR-69,549924,13.37,
DEPTH,2026-08-12 01:00:00,2026-08-12 01:01:25.873303,,85.873303510,VR2AR-69,549924,16
ATTITUDE,2026-08-12 01:00:00,2026-08-12 01:01:25.873303,,85.873303510,VR2AR-69,549924,1
TEMP,2026-08-12 02:00:00,2026-08-12 02:01:25.911284,,85.911284884,VR2AR-69,549924,13.244,
DEPTH,2026-08-12 02:00:00,2026-08-12 02:01:25.911284,,85.911284884,VR2AR-69,549924,16
ATTITUDE,2026-08-12 02:00:00,2026-08-12 02:01:25.911284,,85.911284884,VR2AR-69,549924,1
TEMP,2026-08-12 03:00:00,2026-08-12 03:01:25.949266,,85.949266259,VR2AR-69,549924,13.684,
DEPTH,2026-08-12 03:00:00,2026-08-12 03:01:25.949266,,85.949266259,VR2AR-69,549924,16
ATTITUDE,2026-08-12 03:00:00,2026-08-12 03:01:25.949266,,85.949266259,VR2AR-69,549924,1
TEMP,2026-08-12 04:00:00,2026-08-12 04:01:25.987247,,85.987247633,VR2AR-69,549924,13.642,
DEPTH,2026-08-12 04:00:00,2026-08-12 04:01:25.987247,,85.987247633,VR2AR-69,549924,15
ATTITUDE,2026-08-12 04:00:00,2026-08-12 04:01:25.987247,,85.987247633,VR2AR-69,549924,1
TEMP,2026-08-12 05:00:00,2026-08-12 05:01:26.025229,,86.025229008,VR2AR-69,549924,13.999,
DEPTH,2026-08-12 05:00:00,2026-08-12 05:01:26.025229,,86.025229008,VR2AR-69,549924,15
ATTITUDE,2026-08-12 05:00:00,2026-08-12 05:01:26.025229,,86.025229008,VR2AR-69,549924,2
TEMP,2026-08-12 06:00:00,2026-08-12 06:01:26.06321,,86.063210383,VR2AR-69,549924,14.294,
DEPTH,2026-08-12 06:00:00,2026-08-12 06:01:26.06321,,86.063210383,VR2AR-69,549924,14
ATTITUDE,2026-08-12 06:00:00,2026-08-12 06:01:26.06321,,86.063210383,VR2AR-69,549924,1
TEMP,2026-08-12 07:00:00,2026-08-12 07:01:26.101191,,86.101191758,VR2AR-69,549924,14.358,
DEPTH,2026-08-12 07:00:00,2026-08-12 07:01:26.101191,,86.101191758,VR2AR-69,549924,13
ATTITUDE,2026-08-12 07:00:00,2026-08-12 07:01:26.101191,,86.101191758,VR2AR-69,549924,1
TEMP,2026-08-12 08:00:00,2026-08-12 08:01:26.139173,,86.139173133,VR2AR-69,549924,14.4,
DEPTH,2026-08-12 08:00:00,2026-08-12 08:01:26.139173,,86.139173133,VR2AR-69,549924,12
ATTITUDE,2026-08-12 08:00:00,2026-08-12 08:01:26.139173,,86.139173133,VR2AR-69,549924,1
TEMP,2026-08-12 09:00:00,2026-08-12 09:01:26.177154,,86.177154508,VR2AR-69,549924,14.463,
DEPTH,2026-08-12 09:00:00,2026-08-12 09:01:26.177154,,86.177154508,VR2AR-69,549924,12
ATTITUDE,2026-08-12 09:00:00,2026-08-12 09:01:26.177154,,86.177154508,VR2AR-69,549924,1
TEMP,2026-08-12 10:00:00,2026-08-12 10:01:26.215135,,86.215135882,VR2AR-69,549924,14.527,
DEPTH,2026-08-12 10:00:00,2026-08-12 10:01:26.215135,,86.215135882,VR2AR-69,549924,12
ATTITUDE,2026-08-12 10:00:00,2026-08-12 10:01:26.215135,,86.215135882,VR2AR-69,549924,0
TEMP,2026-08-12 11:00:00,2026-08-12 11:01:26.253117,,86.253117257,VR2AR-69,549924,14.463,
DEPTH,2026-08-12 11:00:00,2026-08-12 11:01:26.253117,,86.253117257,VR2AR-69,549924,13
ATTITUDE,2026-08-12 11:00:00,2026-08-12 11:01:26.253117,,86.253117257,VR2AR-69,549924,0
TEMP,2026-08-12 12:00:00,2026-08-12 12:01:26.291098,,86.291098631,VR2AR-69,549924,14.358,
DEPTH,2026-08-12 12:00:00,2026-08-12 12:01:26.291098,,86.291098631,VR2AR-69,549924,14
ATTITUDE,2026-08-12 12:00:00,2026-08-12 12:01:26.291098,,86.291098631,VR2AR-69,549924,1
TEMP,2026-08-12 13:00:00,2026-08-12 13:01:26.32908,,86.329080007,VR2AR-69,549924,13.537,
DEPTH,2026-08-12 13:00:00,2026-08-12 13:01:26.32908,,86.329080007,VR2AR-69,549924,15
ATTITUDE,2026-08-12 13:00:00,2026-08-12 13:01:26.32908,,86.329080007,VR2AR-69,549924,1
TEMP,2026-08-12 14:00:00,2026-08-12 14:01:26.367061,,86.367061382,VR2AR-69,549924,12.869,
DEPTH,2026-08-12 14:00:00,2026-08-12 14:01:26.367061,,86.367061382,VR2AR-69,549924,15
ATTITUDE,2026-08-12 14:00:00,2026-08-12 14:01:26.367061,,86.367061382,VR2AR-69,549924,2
TEMP,2026-08-12 15:00:00,2026-08-12 15:01:26.405042,,86.405042756,VR2AR-69,549924,12.827,
DEPTH,2026-08-12 15:00:00,2026-08-12 15:01:26.405042,,86.405042756,VR2AR-69,549924,16
ATTITUDE,2026-08-12 15:00:00,2026-08-12 15:01:26.405042,,86.405042756,VR2AR-69,549924,1
TEMP,2026-08-12 16:00:00,2026-08-12 16:01:26.443024,,86.443024131,VR2AR-69,549924,13.244,
DEPTH,2026-08-12 16:00:00,2026-08-12 16:01:26.443024,,86.443024131,VR2AR-69,549924,15
ATTITUDE,2026-08-12 16:00:00,2026-08-12 16:01:26.443024,,86.443024131,VR2AR-69,549924,1
TEMP,2026-08-12 17:00:00,2026-08-12 17:01:26.481005,,86.481005505,VR2AR-69,549924,13.265,
DEPTH,2026-08-12 17:00:00,2026-08-12 17:01:26.481005,,86.481005505,VR2AR-69,549924,15
ATTITUDE,2026-08-12 17:00:00,2026-08-12 17:01:26.481005,,86.481005505,VR2AR-69,549924,1
TEMP,2026-08-12 18:00:00,2026-08-12 18:01:26.518986,,86.518986880,VR2AR-69,549924,13.852,
DEPTH,2026-08-12 18:00:00,2026-08-12 18:01:26.518986,,86.518986880,VR2AR-69,549924,14
ATTITUDE,2026-08-12 18:00:00,2026-08-12 18:01:26.518986,,86.518986880,VR2AR-69,549924,2
TEMP,2026-08-12 19:00:00,2026-08-12 19:01:26.556968,,86.556968255,VR2AR-69,549924,14.125,
DEPTH,2026-08-12 19:00:00,2026-08-12 19:01:26.556968,,86.556968255,VR2AR-69,549924,13
ATTITUDE,2026-08-12 19:00:00,2026-08-12 19:01:26.556968,,86.556968255,VR2AR-69,549924,1
TEMP,2026-08-12 20:00:00,2026-08-12 20:01:26.594949,,86.594949630,VR2AR-69,549924,14.273,
DEPTH,2026-08-12 20:00:00,2026-08-12 20:01:26.594949,,86.594949630,VR2AR-69,549924,13
ATTITUDE,2026-08-12 20:00:00,2026-08-12 20:01:26.594949,,86.594949630,VR2AR-69,549924,1
TEMP,2026-08-12 21:00:00,2026-08-12 21:01:26.632931,,86.632931005,VR2AR-69,549924,14.548,
DEPTH,2026-08-12 21:00:00,2026-08-12 21:01:26.632931,,86.632931005,VR2AR-69,549924,12
ATTITUDE,2026-08-12 21:00:00,2026-08-12 21:01:26.632931,,86.632931005,VR2AR-69,549924,0
TEMP,2026-08-12 22:00:00,2026-08-12 22:01:26.670912,,86.670912380,VR2AR-69,549924,14.59,
DEPTH,2026-08-12 22:00:00,2026-08-12 22:01:26.670912,,86.670912380,VR2AR-69,549924,13
ATTITUDE,2026-08-12 22:00:00,2026-08-12 22:01:26.670912,,86.670912380,VR2AR-69,549924,1
TEMP,2026-08-12 23:00:00,2026-08-12 23:01:26.708893,,86.708893754,VR2AR-69,549924,14.506,
DEPTH,2026-08-12 23:00:00,2026-08-12 23:01:26.708893,,86.708893754,VR2AR-69,549924,13
ATTITUDE,2026-08-12 23:00:00,2026-08-12 23:01:26.708893,,86.708893754,VR2AR-69,549924,0
TEMP,2026-08-13 00:00:00,2026-08-13 00:01:26.746875,,86.746875129,VR2AR-69,549924,14.463,
DEPTH,2026-08-13 00:00:00,2026-08-13 00:01:26.746875,,86.746875129,VR2AR-69,549924,14
ATTITUDE,2026-08-13 00:00:00,2026-08-13 00:01:26.746875,,86.746875129,VR2AR-69,549924,1
TEMP,2026-08-13 01:00:00,2026-08-13 01:01:26.784856,,86.784856503,VR2AR-69,549924,13.873,
DEPTH,2026-08-13 01:00:00,2026-08-13 01:01:26.784856,,86.784856503,VR2AR-69,549924,15
ATTITUDE,2026-08-13 01:00:00,2026-08-13 01:01:26.784856,,86.784856503,VR2AR-69,549924,1
TEMP,2026-08-13 02:00:00,2026-08-13 02:01:26.822837,,86.822837878,VR2AR-69,549924,13.516,
DEPTH,2026-08-13 02:00:00,2026-08-13 02:01:26.822837,,86.822837878,VR2AR-69,549924,16
ATTITUDE,2026-08-13 02:00:00,2026-08-13 02:01:26.822837,,86.822837878,VR2AR-69,549924,1
TEMP,2026-08-13 03:00:00,2026-08-13 03:01:26.860819,,86.860819254,VR2AR-69,549924,13.6,
DEPTH,2026-08-13 03:00:00,2026-08-13 03:01:26.860819,,86.860819254,VR2AR-69,549924,16
ATTITUDE,2026-08-13 03:00:00,2026-08-13 03:01:26.860819,,86.860819254,VR2AR-69,549924,1
TEMP,2026-08-13 04:00:00,2026-08-13 04:01:26.8988,,86.898800628,VR2AR-69,549924,13.726,
DEPTH,2026-08-13 04:00:00,2026-08-13 04:01:26.8988,,86.898800628,VR2AR-69,549924,16
ATTITUDE,2026-08-13 04:00:00,2026-08-13 04:01:26.8988,,86.898800628,VR2AR-69,549924,1
TEMP,2026-08-13 05:00:00,2026-08-13 05:01:26.936782,,86.936782003,VR2AR-69,549924,13.663,
DEPTH,2026-08-13 05:00:00,2026-08-13 05:01:26.936782,,86.936782003,VR2AR-69,549924,15
ATTITUDE,2026-08-13 05:00:00,2026-08-13 05:01:26.936782,,86.936782003,VR2AR-69,549924,2
TEMP,2026-08-13 06:00:00,2026-08-13 06:01:26.974763,,86.974763378,VR2AR-69,549924,13.978,
DEPTH,2026-08-13 06:00:00,2026-08-13 06:01:26.974763,,86.974763378,VR2AR-69,549924,15
ATTITUDE,2026-08-13 06:00:00,2026-08-13 06:01:26.974763,,86.974763378,VR2AR-69,549924,2
TEMP,2026-08-13 07:00:00,2026-08-13 07:01:27.012744,,87.012744752,VR2AR-69,549924,14.252,
DEPTH,2026-08-13 07:00:00,2026-08-13 07:01:27.012744,,87.012744752,VR2AR-69,549924,14
ATTITUDE,2026-08-13 07:00:00,2026-08-13 07:01:27.012744,,87.012744752,VR2AR-69,549924,1
TEMP,2026-08-13 08:00:00,2026-08-13 08:01:27.050726,,87.050726127,VR2AR-69,549924,14.252,
DEPTH,2026-08-13 08:00:00,2026-08-13 08:01:27.050726,,87.050726127,VR2AR-69,549924,13
ATTITUDE,2026-08-13 08:00:00,2026-08-13 08:01:27.050726,,87.050726127,VR2AR-69,549924,0
TEMP,2026-08-13 09:00:00,2026-08-13 09:01:27.088707,,87.088707502,VR2AR-69,549924,14.358,
DEPTH,2026-08-13 09:00:00,2026-08-13 09:01:27.088707,,87.088707502,VR2AR-69,549924,12
ATTITUDE,2026-08-13 09:00:00,2026-08-13 09:01:27.088707,,87.088707502,VR2AR-69,549924,1
TEMP,2026-08-13 10:00:00,2026-08-13 10:01:27.126688,,87.126688877,VR2AR-69,549924,14.4,
DEPTH,2026-08-13 10:00:00,2026-08-13 10:01:27.126688,,87.126688877,VR2AR-69,549924,12
ATTITUDE,2026-08-13 10:00:00,2026-08-13 10:01:27.126688,,87.126688877,VR2AR-69,549924,1
TEMP,2026-08-13 11:00:00,2026-08-13 11:01:27.16467,,87.164670252,VR2AR-69,549924,14.358,
DEPTH,2026-08-13 11:00:00,2026-08-13 11:01:27.16467,,87.164670252,VR2AR-69,549924,12
ATTITUDE,2026-08-13 11:00:00,2026-08-13 11:01:27.16467,,87.164670252,VR2AR-69,549924,1
TEMP,2026-08-13 12:00:00,2026-08-13 12:01:27.202651,,87.202651626,VR2AR-69,549924,14.252,
DEPTH,2026-08-13 12:00:00,2026-08-13 12:01:27.202651,,87.202651626,VR2AR-69,549924,13
ATTITUDE,2026-08-13 12:00:00,2026-08-13 12:01:27.202651,,87.202651626,VR2AR-69,549924,1
TEMP,2026-08-13 13:00:00,2026-08-13 13:01:27.240633,,87.240633001,VR2AR-69,549924,14.147,
DEPTH,2026-08-13 13:00:00,2026-08-13 13:01:27.240633,,87.240633001,VR2AR-69,549924,14
ATTITUDE,2026-08-13 13:00:00,2026-08-13 13:01:27.240633,,87.240633001,VR2AR-69,549924,1
TEMP,2026-08-13 14:00:00,2026-08-13 14:01:27.278614,,87.278614376,VR2AR-69,549924,13.747,
DEPTH,2026-08-13 14:00:00,2026-08-13 14:01:27.278614,,87.278614376,VR2AR-69,549924,15
ATTITUDE,2026-08-13 14:00:00,2026-08-13 14:01:27.278614,,87.278614376,VR2AR-69,549924,1
TEMP,2026-08-13 15:00:00,2026-08-13 15:01:27.316595,,87.316595750,VR2AR-69,549924,13.056,
DEPTH,2026-08-13 15:00:00,2026-08-13 15:01:27.316595,,87.316595750,VR2AR-69,549924,15
ATTITUDE,2026-08-13 15:00:00,2026-08-13 15:01:27.316595,,87.316595750,VR2AR-69,549924,2
TEMP,2026-08-13 16:00:00,2026-08-13 16:01:27.354577,,87.354577125,VR2AR-69,549924,13.098,
DEPTH,2026-08-13 16:00:00,2026-08-13 16:01:27.354577,,87.354577125,VR2AR-69,549924,16
ATTITUDE,2026-08-13 16:00:00,2026-08-13 16:01:27.354577,,87.354577125,VR2AR-69,549924,1
TEMP,2026-08-13 17:00:00,2026-08-13 17:01:27.392558,,87.392558500,VR2AR-69,549924,13.328,
DEPTH,2026-08-13 17:00:00,2026-08-13 17:01:27.392558,,87.392558500,VR2AR-69,549924,15
ATTITUDE,2026-08-13 17:00:00,2026-08-13 17:01:27.392558,,87.392558500,VR2AR-69,549924,1
TEMP,2026-08-13 18:00:00,2026-08-13 18:01:27.430539,,87.430539875,VR2AR-69,549924,13.432,
DEPTH,2026-08-13 18:00:00,2026-08-13 18:01:27.430539,,87.430539875,VR2AR-69,549924,15
ATTITUDE,2026-08-13 18:00:00,2026-08-13 18:01:27.430539,,87.430539875,VR2AR-69,549924,2
TEMP,2026-08-13 19:00:00,2026-08-13 19:01:27.468521,,87.468521250,VR2AR-69,549924,13.915,
DEPTH,2026-08-13 19:00:00,2026-08-13 19:01:27.468521,,87.468521250,VR2AR-69,549924,14
ATTITUDE,2026-08-13 19:00:00,2026-08-13 19:01:27.468521,,87.468521250,VR2AR-69,549924,2
TEMP,2026-08-13 20:00:00,2026-08-13 20:01:27.506502,,87.506502624,VR2AR-69,549924,14.147,
DEPTH,2026-08-13 20:00:00,2026-08-13 20:01:27.506502,,87.506502624,VR2AR-69,549924,13
ATTITUDE,2026-08-13 20:00:00,2026-08-13 20:01:27.506502,,87.506502624,VR2AR-69,549924,1
TEMP,2026-08-13 21:00:00,2026-08-13 21:01:27.544483,,87.544483999,VR2AR-69,549924,14.273,
DEPTH,2026-08-13 21:00:00,2026-08-13 21:01:27.544483,,87.544483999,VR2AR-69,549924,13
ATTITUDE,2026-08-13 21:00:00,2026-08-13 21:01:27.544483,,87.544483999,VR2AR-69,549924,1
TEMP,2026-08-13 22:00:00,2026-08-13 22:01:27.582465,,87.582465374,VR2AR-69,549924,14.421,
DEPTH,2026-08-13 22:00:00,2026-08-13 22:01:27.582465,,87.582465374,VR2AR-69,549924,12
ATTITUDE,2026-08-13 22:00:00,2026-08-13 22:01:27.582465,,87.582465374,VR2AR-69,549924,1
TEMP,2026-08-13 23:00:00,2026-08-13 23:01:27.620446,,87.620446749,VR2AR-69,549924,14.463,
DEPTH,2026-08-13 23:00:00,2026-08-13 23:01:27.620446,,87.620446749,VR2AR-69,549924,13
ATTITUDE,2026-08-13 23:00:00,2026-08-13 23:01:27.620446,,87.620446749,VR2AR-69,549924,1
TEMP,2026-08-14 00:00:00,2026-08-14 00:01:27.658428,,87.658428124,VR2AR-69,549924,14.463,
DEPTH,2026-08-14 00:00:00,2026-08-14 00:01:27.658428,,87.658428124,VR2AR-69,549924,13
ATTITUDE,2026-08-14 00:00:00,2026-08-14 00:01:27.658428,,87.658428124,VR2AR-69,549924,1
TEMP,2026-08-14 01:00:00,2026-08-14 01:01:27.696409,,87.696409498,VR2AR-69,549924,14.315,
DEPTH,2026-08-14 01:00:00,2026-08-14 01:01:27.696409,,87.696409498,VR2AR-69,549924,14
ATTITUDE,2026-08-14 01:00:00,2026-08-14 01:01:27.696409,,87.696409498,VR2AR-69,549924,1
TEMP,2026-08-14 02:00:00,2026-08-14 02:01:27.73439,,87.734390873,VR2AR-69,549924,14.083,
DEPTH,2026-08-14 02:00:00,2026-08-14 02:01:27.73439,,87.734390873,VR2AR-69,549924,15
ATTITUDE,2026-08-14 02:00:00,2026-08-14 02:01:27.73439,,87.734390873,VR2AR-69,549924,1
TEMP,2026-08-14 03:00:00,2026-08-14 03:01:27.772372,,87.772372248,VR2AR-69,549924,13.726,
DEPTH,2026-08-14 03:00:00,2026-08-14 03:01:27.772372,,87.772372248,VR2AR-69,549924,16
ATTITUDE,2026-08-14 03:00:00,2026-08-14 03:01:27.772372,,87.772372248,VR2AR-69,549924,1
TEMP,2026-08-14 04:00:00,2026-08-14 04:01:27.810353,,87.810353622,VR2AR-69,549924,13.579,
DEPTH,2026-08-14 04:00:00,2026-08-14 04:01:27.810353,,87.810353622,VR2AR-69,549924,16
ATTITUDE,2026-08-14 04:00:00,2026-08-14 04:01:27.810353,,87.810353622,VR2AR-69,549924,1
TEMP,2026-08-14 05:00:00,2026-08-14 05:01:27.848334,,87.848334997,VR2AR-69,549924,13.81,
DEPTH,2026-08-14 05:00:00,2026-08-14 05:01:27.848334,,87.848334997,VR2AR-69,549924,16
ATTITUDE,2026-08-14 05:00:00,2026-08-14 05:01:27.848334,,87.848334997,VR2AR-69,549924,1
TEMP,2026-08-14 06:00:00,2026-08-14 06:01:27.886316,,87.886316373,VR2AR-69,549924,13.894,
DEPTH,2026-08-14 06:00:00,2026-08-14 06:01:27.886316,,87.886316373,VR2AR-69,549924,15
ATTITUDE,2026-08-14 06:00:00,2026-08-14 06:01:27.886316,,87.886316373,VR2AR-69,549924,2
TEMP,2026-08-14 07:00:00,2026-08-14 07:01:27.924297,,87.924297747,VR2AR-69,549924,14.125,
DEPTH,2026-08-14 07:00:00,2026-08-14 07:01:27.924297,,87.924297747,VR2AR-69,549924,14
ATTITUDE,2026-08-14 07:00:00,2026-08-14 07:01:27.924297,,87.924297747,VR2AR-69,549924,2
TEMP,2026-08-14 08:00:00,2026-08-14 08:01:27.962279,,87.962279122,VR2AR-69,549924,14.252,
DEPTH,2026-08-14 08:00:00,2026-08-14 08:01:27.962279,,87.962279122,VR2AR-69,549924,13
ATTITUDE,2026-08-14 08:00:00,2026-08-14 08:01:27.962279,,87.962279122,VR2AR-69,549924,1
TEMP,2026-08-14 09:00:00,2026-08-14 09:01:28.00026,,88.000260496,VR2AR-69,549924,14.252,
DEPTH,2026-08-14 09:00:00,2026-08-14 09:01:28.00026,,88.000260496,VR2AR-69,549924,13
ATTITUDE,2026-08-14 09:00:00,2026-08-14 09:01:28.00026,,88.000260496,VR2AR-69,549924,1
TEMP,2026-08-14 10:00:00,2026-08-14 10:01:28.038241,,88.038241871,VR2AR-69,549924,14.273,
DEPTH,2026-08-14 10:00:00,2026-08-14 10:01:28.038241,,88.038241871,VR2AR-69,549924,12
ATTITUDE,2026-08-14 10:00:00,2026-08-14 10:01:28.038241,,88.038241871,VR2AR-69,549924,1
TEMP,2026-08-14 11:00:00,2026-08-14 11:01:28.076223,,88.076223246,VR2AR-69,549924,14.337,
DEPTH,2026-08-14 11:00:00,2026-08-14 11:01:28.076223,,88.076223246,VR2AR-69,549924,12
ATTITUDE,2026-08-14 11:00:00,2026-08-14 11:01:28.076223,,88.076223246,VR2AR-69,549924,0
TEMP,2026-08-14 12:00:00,2026-08-14 12:01:28.114204,,88.114204620,VR2AR-69,549924,14.358,
DEPTH,2026-08-14 12:00:00,2026-08-14 12:01:28.114204,,88.114204620,VR2AR-69,549924,13
ATTITUDE,2026-08-14 12:00:00,2026-08-14 12:01:28.114204,,88.114204620,VR2AR-69,549924,1
TEMP,2026-08-14 13:00:00,2026-08-14 13:01:28.152185,,88.152185996,VR2AR-69,549924,14.147,
DEPTH,2026-08-14 13:00:00,2026-08-14 13:01:28.152185,,88.152185996,VR2AR-69,549924,13
ATTITUDE,2026-08-14 13:00:00,2026-08-14 13:01:28.152185,,88.152185996,VR2AR-69,549924,1
TEMP,2026-08-14 14:00:00,2026-08-14 14:01:28.190167,,88.190167371,VR2AR-69,549924,14.02,
DEPTH,2026-08-14 14:00:00,2026-08-14 14:01:28.190167,,88.190167371,VR2AR-69,549924,14
ATTITUDE,2026-08-14 14:00:00,2026-08-14 14:01:28.190167,,88.190167371,VR2AR-69,549924,1
TEMP,2026-08-14 15:00:00,2026-08-14 15:01:28.228148,,88.228148745,VR2AR-69,549924,13.579,
DEPTH,2026-08-14 15:00:00,2026-08-14 15:01:28.228148,,88.228148745,VR2AR-69,549924,15
ATTITUDE,2026-08-14 15:00:00,2026-08-14 15:01:28.228148,,88.228148745,VR2AR-69,549924,1
TEMP,2026-08-14 16:00:00,2026-08-14 16:01:28.26613,,88.266130120,VR2AR-69,549924,13.182,
DEPTH,2026-08-14 16:00:00,2026-08-14 16:01:28.26613,,88.266130120,VR2AR-69,549924,16
ATTITUDE,2026-08-14 16:00:00,2026-08-14 16:01:28.26613,,88.266130120,VR2AR-69,549924,1
TEMP,2026-08-14 17:00:00,2026-08-14 17:01:28.304111,,88.304111494,VR2AR-69,549924,13.077,
DEPTH,2026-08-14 17:00:00,2026-08-14 17:01:28.304111,,88.304111494,VR2AR-69,549924,16
ATTITUDE,2026-08-14 17:00:00,2026-08-14 17:01:28.304111,,88.304111494,VR2AR-69,549924,1
TEMP,2026-08-14 18:00:00,2026-08-14 18:01:28.342092,,88.342092869,VR2AR-69,549924,13.161,
DEPTH,2026-08-14 18:00:00,2026-08-14 18:01:28.342092,,88.342092869,VR2AR-69,549924,15
ATTITUDE,2026-08-14 18:00:00,2026-08-14 18:01:28.342092,,88.342092869,VR2AR-69,549924,1
TEMP,2026-08-14 19:00:00,2026-08-14 19:01:28.380074,,88.380074244,VR2AR-69,549924,13.411,
DEPTH,2026-08-14 19:00:00,2026-08-14 19:01:28.380074,,88.380074244,VR2AR-69,549924,15
ATTITUDE,2026-08-14 19:00:00,2026-08-14 19:01:28.380074,,88.380074244,VR2AR-69,549924,2
TEMP,2026-08-14 20:00:00,2026-08-14 20:01:28.418055,,88.418055619,VR2AR-69,549924,13.957,
DEPTH,2026-08-14 20:00:00,2026-08-14 20:01:28.418055,,88.418055619,VR2AR-69,549924,14
ATTITUDE,2026-08-14 20:00:00,2026-08-14 20:01:28.418055,,88.418055619,VR2AR-69,549924,2
TEMP,2026-08-14 21:00:00,2026-08-14 21:01:28.456036,,88.456036994,VR2AR-69,549924,14.168,
DEPTH,2026-08-14 21:00:00,2026-08-14 21:01:28.456036,,88.456036994,VR2AR-69,549924,13
ATTITUDE,2026-08-14 21:00:00,2026-08-14 21:01:28.456036,,88.456036994,VR2AR-69,549924,1
TEMP,2026-08-14 22:00:00,2026-08-14 22:01:28.494018,,88.494018368,VR2AR-69,549924,14.358,
DEPTH,2026-08-14 22:00:00,2026-08-14 22:01:28.494018,,88.494018368,VR2AR-69,549924,12
ATTITUDE,2026-08-14 22:00:00,2026-08-14 22:01:28.494018,,88.494018368,VR2AR-69,549924,1
TEMP,2026-08-14 23:00:00,2026-08-14 23:01:28.531999,,88.531999744,VR2AR-69,549924,14.421,
DEPTH,2026-08-14 23:00:00,2026-08-14 23:01:28.531999,,88.531999744,VR2AR-69,549924,12
ATTITUDE,2026-08-14 23:00:00,2026-08-14 23:01:28.531999,,88.531999744,VR2AR-69,549924,0
TEMP,2026-08-15 00:00:00,2026-08-15 00:01:28.569981,,88.569981118,VR2AR-69,549924,14.4,
DEPTH,2026-08-15 00:00:00,2026-08-15 00:01:28.569981,,88.569981118,VR2AR-69,549924,13
ATTITUDE,2026-08-15 00:00:00,2026-08-15 00:01:28.569981,,88.569981118,VR2AR-69,549924,1
TEMP,2026-08-15 01:00:00,2026-08-15 01:01:28.607962,,88.607962492,VR2AR-69,549924,14.358,
DEPTH,2026-08-15 01:00:00,2026-08-15 01:01:28.607962,,88.607962492,VR2AR-69,549924,13
ATTITUDE,2026-08-15 01:00:00,2026-08-15 01:01:28.607962,,88.607962492,VR2AR-69,549924,0
TEMP,2026-08-15 02:00:00,2026-08-15 02:01:28.645943,,88.645943867,VR2AR-69,549924,14.294,
DEPTH,2026-08-15 02:00:00,2026-08-15 02:01:28.645943,,88.645943867,VR2AR-69,549924,14
ATTITUDE,2026-08-15 02:00:00,2026-08-15 02:01:28.645943,,88.645943867,VR2AR-69,549924,0
TEMP,2026-08-15 03:00:00,2026-08-15 03:01:28.683925,,88.683925243,VR2AR-69,549924,13.957,
DEPTH,2026-08-15 03:00:00,2026-08-15 03:01:28.683925,,88.683925243,VR2AR-69,549924,15
ATTITUDE,2026-08-15 03:00:00,2026-08-15 03:01:28.683925,,88.683925243,VR2AR-69,549924,2
TEMP,2026-08-15 04:00:00,2026-08-15 04:01:28.721906,,88.721906617,VR2AR-69,549924,13.747,
DEPTH,2026-08-15 04:00:00,2026-08-15 04:01:28.721906,,88.721906617,VR2AR-69,549924,16
ATTITUDE,2026-08-15 04:00:00,2026-08-15 04:01:28.721906,,88.721906617,VR2AR-69,549924,1
TEMP,2026-08-15 05:00:00,2026-08-15 05:01:28.759887,,88.759887991,VR2AR-69,549924,13.516,
DEPTH,2026-08-15 05:00:00,2026-08-15 05:01:28.759887,,88.759887991,VR2AR-69,549924,16
ATTITUDE,2026-08-15 05:00:00,2026-08-15 05:01:28.759887,,88.759887991,VR2AR-69,549924,1
TEMP,2026-08-15 06:00:00,2026-08-15 06:01:28.797869,,88.797869367,VR2AR-69,549924,13.579,
DEPTH,2026-08-15 06:00:00,2026-08-15 06:01:28.797869,,88.797869367,VR2AR-69,549924,16
ATTITUDE,2026-08-15 06:00:00,2026-08-15 06:01:28.797869,,88.797869367,VR2AR-69,549924,1
TEMP,2026-08-15 07:00:00,2026-08-15 07:01:28.83585,,88.835850741,VR2AR-69,549924,13.726,
DEPTH,2026-08-15 07:00:00,2026-08-15 07:01:28.83585,,88.835850741,VR2AR-69,549924,15
ATTITUDE,2026-08-15 07:00:00,2026-08-15 07:01:28.83585,,88.835850741,VR2AR-69,549924,2
TEMP,2026-08-15 08:00:00,2026-08-15 08:01:28.873832,,88.873832115,VR2AR-69,549924,13.978,
DEPTH,2026-08-15 08:00:00,2026-08-15 08:01:28.873832,,88.873832115,VR2AR-69,549924,14
ATTITUDE,2026-08-15 08:00:00,2026-08-15 08:01:28.873832,,88.873832115,VR2AR-69,549924,2
TEMP,2026-08-15 09:00:00,2026-08-15 09:01:28.911813,,88.911813491,VR2AR-69,549924,14.083,
DEPTH,2026-08-15 09:00:00,2026-08-15 09:01:28.911813,,88.911813491,VR2AR-69,549924,13
ATTITUDE,2026-08-15 09:00:00,2026-08-15 09:01:28.911813,,88.911813491,VR2AR-69,549924,1
TEMP,2026-08-15 10:00:00,2026-08-15 10:01:28.949794,,88.949794866,VR2AR-69,549924,14.104,
DEPTH,2026-08-15 10:00:00,2026-08-15 10:01:28.949794,,88.949794866,VR2AR-69,549924,13
ATTITUDE,2026-08-15 10:00:00,2026-08-15 10:01:28.949794,,88.949794866,VR2AR-69,549924,1
TEMP,2026-08-15 11:00:00,2026-08-15 11:01:28.987776,,88.987776240,VR2AR-69,549924,14.147,
DEPTH,2026-08-15 11:00:00,2026-08-15 11:01:28.987776,,88.987776240,VR2AR-69,549924,12
ATTITUDE,2026-08-15 11:00:00,2026-08-15 11:01:28.987776,,88.987776240,VR2AR-69,549924,1
TEMP,2026-08-15 12:00:00,2026-08-15 12:01:29.025757,,89.025757616,VR2AR-69,549924,14.104,
DEPTH,2026-08-15 12:00:00,2026-08-15 12:01:29.025757,,89.025757616,VR2AR-69,549924,12
ATTITUDE,2026-08-15 12:00:00,2026-08-15 12:01:29.025757,,89.025757616,VR2AR-69,549924,1
TEMP,2026-08-15 13:00:00,2026-08-15 13:01:29.063738,,89.063738990,VR2AR-69,549924,14.083,
DEPTH,2026-08-15 13:00:00,2026-08-15 13:01:29.063738,,89.063738990,VR2AR-69,549924,13
ATTITUDE,2026-08-15 13:00:00,2026-08-15 13:01:29.063738,,89.063738990,VR2AR-69,549924,1
TEMP,2026-08-15 14:00:00,2026-08-15 14:01:29.10172,,89.101720364,VR2AR-69,549924,14.02,
DEPTH,2026-08-15 14:00:00,2026-08-15 14:01:29.10172,,89.101720364,VR2AR-69,549924,14
ATTITUDE,2026-08-15 14:00:00,2026-08-15 14:01:29.10172,,89.101720364,VR2AR-69,549924,1
TEMP,2026-08-15 15:00:00,2026-08-15 15:01:29.139701,,89.139701740,VR2AR-69,549924,14.041,
DEPTH,2026-08-15 15:00:00,2026-08-15 15:01:29.139701,,89.139701740,VR2AR-69,549924,14
ATTITUDE,2026-08-15 15:00:00,2026-08-15 15:01:29.139701,,89.139701740,VR2AR-69,549924,1
TEMP,2026-08-15 16:00:00,2026-08-15 16:01:29.177683,,89.177683115,VR2AR-69,549924,13.81,
DEPTH,2026-08-15 16:00:00,2026-08-15 16:01:29.177683,,89.177683115,VR2AR-69,549924,15
ATTITUDE,2026-08-15 16:00:00,2026-08-15 16:01:29.177683,,89.177683115,VR2AR-69,549924,2
TEMP,2026-08-15 17:00:00,2026-08-15 17:01:29.215664,,89.215664489,VR2AR-69,549924,13.474,
DEPTH,2026-08-15 17:00:00,2026-08-15 17:01:29.215664,,89.215664489,VR2AR-69,549924,15
ATTITUDE,2026-08-15 17:00:00,2026-08-15 17:01:29.215664,,89.215664489,VR2AR-69,549924,1
TEMP,2026-08-15 18:00:00,2026-08-15 18:01:29.253645,,89.253645863,VR2AR-69,549924,13.642,
DEPTH,2026-08-15 18:00:00,2026-08-15 18:01:29.253645,,89.253645863,VR2AR-69,549924,16
ATTITUDE,2026-08-15 18:00:00,2026-08-15 18:01:29.253645,,89.253645863,VR2AR-69,549924,1
TEMP,2026-08-15 19:00:00,2026-08-15 19:01:29.291627,,89.291627239,VR2AR-69,549924,13.516,
DEPTH,2026-08-15 19:00:00,2026-08-15 19:01:29.291627,,89.291627239,VR2AR-69,549924,15
ATTITUDE,2026-08-15 19:00:00,2026-08-15 19:01:29.291627,,89.291627239,VR2AR-69,549924,2
TEMP,2026-08-15 20:00:00,2026-08-15 20:01:29.329608,,89.329608613,VR2AR-69,549924,13.831,
DEPTH,2026-08-15 20:00:00,2026-08-15 20:01:29.329608,,89.329608613,VR2AR-69,549924,15
ATTITUDE,2026-08-15 20:00:00,2026-08-15 20:01:29.329608,,89.329608613,VR2AR-69,549924,2
TEMP,2026-08-15 21:00:00,2026-08-15 21:01:29.367589,,89.367589987,VR2AR-69,549924,14.104,
DEPTH,2026-08-15 21:00:00,2026-08-15 21:01:29.367589,,89.367589987,VR2AR-69,549924,14
ATTITUDE,2026-08-15 21:00:00,2026-08-15 21:01:29.367589,,89.367589987,VR2AR-69,549924,2
TEMP,2026-08-15 22:00:00,2026-08-15 22:01:29.405571,,89.405571363,VR2AR-69,549924,14.168,
DEPTH,2026-08-15 22:00:00,2026-08-15 22:01:29.405571,,89.405571363,VR2AR-69,549924,13
ATTITUDE,2026-08-15 22:00:00,2026-08-15 22:01:29.405571,,89.405571363,VR2AR-69,549924,1
TEMP,2026-08-15 23:00:00,2026-08-15 23:01:29.443552,,89.443552738,VR2AR-69,549924,14.252,
DEPTH,2026-08-15 23:00:00,2026-08-15 23:01:29.443552,,89.443552738,VR2AR-69,549924,12
ATTITUDE,2026-08-15 23:00:00,2026-08-15 23:01:29.443552,,89.443552738,VR2AR-69,549924,0
TEMP,2026-08-16 00:00:00,2026-08-16 00:01:29.481534,,89.481534112,VR2AR-69,549924,14.294,
DEPTH,2026-08-16 00:00:00,2026-08-16 00:01:29.481534,,89.481534112,VR2AR-69,549924,12
ATTITUDE,2026-08-16 00:00:00,2026-08-16 00:01:29.481534,,89.481534112,VR2AR-69,549924,1
TEMP,2026-08-16 01:00:00,2026-08-16 01:01:29.519515,,89.519515488,VR2AR-69,549924,14.252,
DEPTH,2026-08-16 01:00:00,2026-08-16 01:01:29.519515,,89.519515488,VR2AR-69,549924,13
ATTITUDE,2026-08-16 01:00:00,2026-08-16 01:01:29.519515,,89.519515488,VR2AR-69,549924,1
TEMP,2026-08-16 02:00:00,2026-08-16 02:01:29.557496,,89.557496862,VR2AR-69,549924,14.231,
DEPTH,2026-08-16 02:00:00,2026-08-16 02:01:29.557496,,89.557496862,VR2AR-69,549924,13
ATTITUDE,2026-08-16 02:00:00,2026-08-16 02:01:29.557496,,89.557496862,VR2AR-69,549924,0
TEMP,2026-08-16 03:00:00,2026-08-16 03:01:29.595478,,89.595478236,VR2AR-69,549924,14.125,
DEPTH,2026-08-16 03:00:00,2026-08-16 03:01:29.595478,,89.595478236,VR2AR-69,549924,14
ATTITUDE,2026-08-16 03:00:00,2026-08-16 03:01:29.595478,,89.595478236,VR2AR-69,549924,1
TEMP,2026-08-16 04:00:00,2026-08-16 04:01:29.633459,,89.633459612,VR2AR-69,549924,14.02,
DEPTH,2026-08-16 04:00:00,2026-08-16 04:01:29.633459,,89.633459612,VR2AR-69,549924,15
ATTITUDE,2026-08-16 04:00:00,2026-08-16 04:01:29.633459,,89.633459612,VR2AR-69,549924,1
TEMP,2026-08-16 05:00:00,2026-08-16 05:01:29.67144,,89.671440986,VR2AR-69,549924,13.411,
DEPTH,2026-08-16 05:00:00,2026-08-16 05:01:29.67144,,89.671440986,VR2AR-69,549924,15
ATTITUDE,2026-08-16 05:00:00,2026-08-16 05:01:29.67144,,89.671440986,VR2AR-69,549924,1
TEMP,2026-08-16 06:00:00,2026-08-16 06:01:29.709422,,89.709422361,VR2AR-69,549924,13.391,
DEPTH,2026-08-16 06:00:00,2026-08-16 06:01:29.709422,,89.709422361,VR2AR-69,549924,16
ATTITUDE,2026-08-16 06:00:00,2026-08-16 06:01:29.709422,,89.709422361,VR2AR-69,549924,1
TEMP,2026-08-16 07:00:00,2026-08-16 07:01:29.747403,,89.747403737,VR2AR-69,549924,13.579,
DEPTH,2026-08-16 07:00:00,2026-08-16 07:01:29.747403,,89.747403737,VR2AR-69,549924,15
ATTITUDE,2026-08-16 07:00:00,2026-08-16 07:01:29.747403,,89.747403737,VR2AR-69,549924,2
TEMP,2026-08-16 08:00:00,2026-08-16 08:01:29.785385,,89.785385111,VR2AR-69,549924,13.621,
DEPTH,2026-08-16 08:00:00,2026-08-16 08:01:29.785385,,89.785385111,VR2AR-69,549924,15
ATTITUDE,2026-08-16 08:00:00,2026-08-16 08:01:29.785385,,89.785385111,VR2AR-69,549924,1
TEMP,2026-08-16 09:00:00,2026-08-16 09:01:29.823366,,89.823366485,VR2AR-69,549924,13.915,
DEPTH,2026-08-16 09:00:00,2026-08-16 09:01:29.823366,,89.823366485,VR2AR-69,549924,14
ATTITUDE,2026-08-16 09:00:00,2026-08-16 09:01:29.823366,,89.823366485,VR2AR-69,549924,2
TEMP,2026-08-16 10:00:00,2026-08-16 10:01:29.861347,,89.861347859,VR2AR-69,549924,13.999,
DEPTH,2026-08-16 10:00:00,2026-08-16 10:01:29.861347,,89.861347859,VR2AR-69,549924,13
ATTITUDE,2026-08-16 10:00:00,2026-08-16 10:01:29.861347,,89.861347859,VR2AR-69,549924,1
TEMP,2026-08-16 11:00:00,2026-08-16 11:01:29.899329,,89.899329235,VR2AR-69,549924,14.041,
DEPTH,2026-08-16 11:00:00,2026-08-16 11:01:29.899329,,89.899329235,VR2AR-69,549924,13
ATTITUDE,2026-08-16 11:00:00,2026-08-16 11:01:29.899329,,89.899329235,VR2AR-69,549924,1
TEMP,2026-08-16 12:00:00,2026-08-16 12:01:29.93731,,89.937310609,VR2AR-69,549924,14.104,
DEPTH,2026-08-16 12:00:00,2026-08-16 12:01:29.93731,,89.937310609,VR2AR-69,549924,12
ATTITUDE,2026-08-16 12:00:00,2026-08-16 12:01:29.93731,,89.937310609,VR2AR-69,549924,1
TEMP,2026-08-16 13:00:00,2026-08-16 13:01:29.975291,,89.975291984,VR2AR-69,549924,14.168,
DEPTH,2026-08-16 13:00:00,2026-08-16 13:01:29.975291,,89.975291984,VR2AR-69,549924,13
ATTITUDE,2026-08-16 13:00:00,2026-08-16 13:01:29.975291,,89.975291984,VR2AR-69,549924,1
TEMP,2026-08-16 14:00:00,2026-08-16 14:01:30.013273,,90.013273360,VR2AR-69,549924,14.168,
DEPTH,2026-08-16 14:00:00,2026-08-16 14:01:30.013273,,90.013273360,VR2AR-69,549924,13
ATTITUDE,2026-08-16 14:00:00,2026-08-16 14:01:30.013273,,90.013273360,VR2AR-69,549924,1
TEMP,2026-08-16 15:00:00,2026-08-16 15:01:30.051254,,90.051254734,VR2AR-69,549924,14.083,
DEPTH,2026-08-16 15:00:00,2026-08-16 15:01:30.051254,,90.051254734,VR2AR-69,549924,14
ATTITUDE,2026-08-16 15:00:00,2026-08-16 15:01:30.051254,,90.051254734,VR2AR-69,549924,1
TEMP,2026-08-16 16:00:00,2026-08-16 16:01:30.089236,,90.089236108,VR2AR-69,549924,13.999,
DEPTH,2026-08-16 16:00:00,2026-08-16 16:01:30.089236,,90.089236108,VR2AR-69,549924,15
ATTITUDE,2026-08-16 16:00:00,2026-08-16 16:01:30.089236,,90.089236108,VR2AR-69,549924,1
TEMP,2026-08-16 17:00:00,2026-08-16 17:01:30.127217,,90.127217484,VR2AR-69,549924,13.6,
DEPTH,2026-08-16 17:00:00,2026-08-16 17:01:30.127217,,90.127217484,VR2AR-69,549924,15
ATTITUDE,2026-08-16 17:00:00,2026-08-16 17:01:30.127217,,90.127217484,VR2AR-69,549924,1
TEMP,2026-08-16 18:00:00,2026-08-16 18:01:30.165198,,90.165198858,VR2AR-69,549924,13.265,
DEPTH,2026-08-16 18:00:00,2026-08-16 18:01:30.165198,,90.165198858,VR2AR-69,549924,16
ATTITUDE,2026-08-16 18:00:00,2026-08-16 18:01:30.165198,,90.165198858,VR2AR-69,549924,1
TEMP,2026-08-16 19:00:00,2026-08-16 19:01:30.20318,,90.203180233,VR2AR-69,549924,13.432,
DEPTH,2026-08-16 19:00:00,2026-08-16 19:01:30.20318,,90.203180233,VR2AR-69,549924,16
ATTITUDE,2026-08-16 19:00:00,2026-08-16 19:01:30.20318,,90.203180233,VR2AR-69,549924,1
TEMP,2026-08-16 20:00:00,2026-08-16 20:01:30.241161,,90.241161609,VR2AR-69,549924,13.474,
DEPTH,2026-08-16 20:00:00,2026-08-16 20:01:30.241161,,90.241161609,VR2AR-69,549924,15
ATTITUDE,2026-08-16 20:00:00,2026-08-16 20:01:30.241161,,90.241161609,VR2AR-69,549924,1
TEMP,2026-08-16 21:00:00,2026-08-16 21:01:30.279142,,90.279142983,VR2AR-69,549924,13.831,
DEPTH,2026-08-16 21:00:00,2026-08-16 21:01:30.279142,,90.279142983,VR2AR-69,549924,14
ATTITUDE,2026-08-16 21:00:00,2026-08-16 21:01:30.279142,,90.279142983,VR2AR-69,549924,2
TEMP,2026-08-16 22:00:00,2026-08-16 22:01:30.317124,,90.317124357,VR2AR-69,549924,14.083,
DEPTH,2026-08-16 22:00:00,2026-08-16 22:01:30.317124,,90.317124357,VR2AR-69,549924,13
ATTITUDE,2026-08-16 22:00:00,2026-08-16 22:01:30.317124,,90.317124357,VR2AR-69,549924,2
TEMP,2026-08-16 23:00:00,2026-08-16 23:01:30.355105,,90.355105733,VR2AR-69,549924,14.104,
DEPTH,2026-08-16 23:00:00,2026-08-16 23:01:30.355105,,90.355105733,VR2AR-69,549924,13
ATTITUDE,2026-08-16 23:00:00,2026-08-16 23:01:30.355105,,90.355105733,VR2AR-69,549924,0
TEMP,2026-08-17 00:00:00,2026-08-17 00:01:30.393087,,90.393087107,VR2AR-69,549924,14.315,
DEPTH,2026-08-17 00:00:00,2026-08-17 00:01:30.393087,,90.393087107,VR2AR-69,549924,13
ATTITUDE,2026-08-17 00:00:00,2026-08-17 00:01:30.393087,,90.393087107,VR2AR-69,549924,1
TEMP,2026-08-17 01:00:00,2026-08-17 01:01:30.431068,,90.431068481,VR2AR-69,549924,14.358,
DEPTH,2026-08-17 01:00:00,2026-08-17 01:01:30.431068,,90.431068481,VR2AR-69,549924,13
ATTITUDE,2026-08-17 01:00:00,2026-08-17 01:01:30.431068,,90.431068481,VR2AR-69,549924,1
TEMP,2026-08-17 02:00:00,2026-08-17 02:01:30.469049,,90.469049856,VR2AR-69,549924,14.294,
DEPTH,2026-08-17 02:00:00,2026-08-17 02:01:30.469049,,90.469049856,VR2AR-69,549924,13
ATTITUDE,2026-08-17 02:00:00,2026-08-17 02:01:30.469049,,90.469049856,VR2AR-69,549924,1
TEMP,2026-08-17 03:00:00,2026-08-17 03:01:30.507031,,90.507031232,VR2AR-69,549924,14.273,
DEPTH,2026-08-17 03:00:00,2026-08-17 03:01:30.507031,,90.507031232,VR2AR-69,549924,13
ATTITUDE,2026-08-17 03:00:00,2026-08-17 03:01:30.507031,,90.507031232,VR2AR-69,549924,1
TEMP,2026-08-17 04:00:00,2026-08-17 04:01:30.545012,,90.545012606,VR2AR-69,549924,14.147,
DEPTH,2026-08-17 04:00:00,2026-08-17 04:01:30.545012,,90.545012606,VR2AR-69,549924,14
ATTITUDE,2026-08-17 04:00:00,2026-08-17 04:01:30.545012,,90.545012606,VR2AR-69,549924,1
TEMP,2026-08-17 05:00:00,2026-08-17 05:01:30.582993,,90.582993980,VR2AR-69,549924,13.852,
DEPTH,2026-08-17 05:00:00,2026-08-17 05:01:30.582993,,90.582993980,VR2AR-69,549924,15
ATTITUDE,2026-08-17 05:00:00,2026-08-17 05:01:30.582993,,90.582993980,VR2AR-69,549924,1
TEMP,2026-08-17 06:00:00,2026-08-17 06:01:30.620975,,90.620975356,VR2AR-69,549924,13.579,
DEPTH,2026-08-17 06:00:00,2026-08-17 06:01:30.620975,,90.620975356,VR2AR-69,549924,15
ATTITUDE,2026-08-17 06:00:00,2026-08-17 06:01:30.620975,,90.620975356,VR2AR-69,549924,1
TEMP,2026-08-17 07:00:00,2026-08-17 07:01:30.658956,,90.658956730,VR2AR-69,549924,13.852,
DEPTH,2026-08-17 07:00:00,2026-08-17 07:01:30.658956,,90.658956730,VR2AR-69,549924,15
ATTITUDE,2026-08-17 07:00:00,2026-08-17 07:01:30.658956,,90.658956730,VR2AR-69,549924,1
TEMP,2026-08-17 08:00:00,2026-08-17 08:01:30.696938,,90.696938104,VR2AR-69,549924,13.915,
DEPTH,2026-08-17 08:00:00,2026-08-17 08:01:30.696938,,90.696938104,VR2AR-69,549924,15
ATTITUDE,2026-08-17 08:00:00,2026-08-17 08:01:30.696938,,90.696938104,VR2AR-69,549924,1
TEMP,2026-08-17 09:00:00,2026-08-17 09:01:30.734919,,90.734919480,VR2AR-69,549924,13.894,
DEPTH,2026-08-17 09:00:00,2026-08-17 09:01:30.734919,,90.734919480,VR2AR-69,549924,15
ATTITUDE,2026-08-17 09:00:00,2026-08-17 09:01:30.734919,,90.734919480,VR2AR-69,549924,2
TEMP,2026-08-17 10:00:00,2026-08-17 10:01:30.7729,,90.772900855,VR2AR-69,549924,14.168,
DEPTH,2026-08-17 10:00:00,2026-08-17 10:01:30.7729,,90.772900855,VR2AR-69,549924,14
ATTITUDE,2026-08-17 10:00:00,2026-08-17 10:01:30.7729,,90.772900855,VR2AR-69,549924,2
TEMP,2026-08-17 11:00:00,2026-08-17 11:01:30.810882,,90.810882229,VR2AR-69,549924,14.231,
DEPTH,2026-08-17 11:00:00,2026-08-17 11:01:30.810882,,90.810882229,VR2AR-69,549924,13
ATTITUDE,2026-08-17 11:00:00,2026-08-17 11:01:30.810882,,90.810882229,VR2AR-69,549924,1
TEMP,2026-08-17 12:00:00,2026-08-17 12:01:30.848863,,90.848863605,VR2AR-69,549924,14.231,
DEPTH,2026-08-17 12:00:00,2026-08-17 12:01:30.848863,,90.848863605,VR2AR-69,549924,13
ATTITUDE,2026-08-17 12:00:00,2026-08-17 12:01:30.848863,,90.848863605,VR2AR-69,549924,0
TEMP,2026-08-17 13:00:00,2026-08-17 13:01:30.886844,,90.886844979,VR2AR-69,549924,14.231,
DEPTH,2026-08-17 13:00:00,2026-08-17 13:01:30.886844,,90.886844979,VR2AR-69,549924,13
ATTITUDE,2026-08-17 13:00:00,2026-08-17 13:01:30.886844,,90.886844979,VR2AR-69,549924,0
TEMP,2026-08-17 14:00:00,2026-08-17 14:01:30.924826,,90.924826353,VR2AR-69,549924,14.231,
DEPTH,2026-08-17 14:00:00,2026-08-17 14:01:30.924826,,90.924826353,VR2AR-69,549924,13
ATTITUDE,2026-08-17 14:00:00,2026-08-17 14:01:30.924826,,90.924826353,VR2AR-69,549924,1
TEMP,2026-08-17 15:00:00,2026-08-17 15:01:30.962807,,90.962807727,VR2AR-69,549924,14.273,
DEPTH,2026-08-17 15:00:00,2026-08-17 15:01:30.962807,,90.962807727,VR2AR-69,549924,13
ATTITUDE,2026-08-17 15:00:00,2026-08-17 15:01:30.962807,,90.962807727,VR2AR-69,549924,0
TEMP,2026-08-17 16:00:00,2026-08-17 16:01:31.000789,,91.000789104,VR2AR-69,549924,14.273,
DEPTH,2026-08-17 16:00:00,2026-08-17 16:01:31.000789,,91.000789104,VR2AR-69,549924,14
ATTITUDE,2026-08-17 16:00:00,2026-08-17 16:01:31.000789,,91.000789104,VR2AR-69,549924,0
TEMP,2026-08-17 17:00:00,2026-08-17 17:01:31.03877,,91.038770478,VR2AR-69,549924,14.231,
DEPTH,2026-08-17 17:00:00,2026-08-17 17:01:31.03877,,91.038770478,VR2AR-69,549924,15
ATTITUDE,2026-08-17 17:00:00,2026-08-17 17:01:31.03877,,91.038770478,VR2AR-69,549924,1
TEMP,2026-08-17 18:00:00,2026-08-17 18:01:31.076751,,91.076751852,VR2AR-69,549924,14.125,
DEPTH,2026-08-17 18:00:00,2026-08-17 18:01:31.076751,,91.076751852,VR2AR-69,549924,15
ATTITUDE,2026-08-17 18:00:00,2026-08-17 18:01:31.076751,,91.076751852,VR2AR-69,549924,0
TEMP,2026-08-17 19:00:00,2026-08-17 19:01:31.114733,,91.114733228,VR2AR-69,549924,13.852,
DEPTH,2026-08-17 19:00:00,2026-08-17 19:01:31.114733,,91.114733228,VR2AR-69,549924,15
ATTITUDE,2026-08-17 19:00:00,2026-08-17 19:01:31.114733,,91.114733228,VR2AR-69,549924,1
TEMP,2026-08-17 20:00:00,2026-08-17 20:01:31.152714,,91.152714602,VR2AR-69,549924,13.852,
DEPTH,2026-08-17 20:00:00,2026-08-17 20:01:31.152714,,91.152714602,VR2AR-69,549924,15
ATTITUDE,2026-08-17 20:00:00,2026-08-17 20:01:31.152714,,91.152714602,VR2AR-69,549924,2
TEMP,2026-08-17 21:00:00,2026-08-17 21:01:31.190695,,91.190695976,VR2AR-69,549924,13.873,
DEPTH,2026-08-17 21:00:00,2026-08-17 21:01:31.190695,,91.190695976,VR2AR-69,549924,15
ATTITUDE,2026-08-17 21:00:00,2026-08-17 21:01:31.190695,,91.190695976,VR2AR-69,549924,1
TEMP,2026-08-17 22:00:00,2026-08-17 22:01:31.228677,,91.228677352,VR2AR-69,549924,14.104,
DEPTH,2026-08-17 22:00:00,2026-08-17 22:01:31.228677,,91.228677352,VR2AR-69,549924,14
ATTITUDE,2026-08-17 22:00:00,2026-08-17 22:01:31.228677,,91.228677352,VR2AR-69,549924,2
TEMP,2026-08-17 23:00:00,2026-08-17 23:01:31.266658,,91.266658727,VR2AR-69,549924,14.252,
DEPTH,2026-08-17 23:00:00,2026-08-17 23:01:31.266658,,91.266658727,VR2AR-69,549924,13
ATTITUDE,2026-08-17 23:00:00,2026-08-17 23:01:31.266658,,91.266658727,VR2AR-69,549924,1
TEMP,2026-08-18 00:00:00,2026-08-18 00:01:31.30464,,91.304640101,VR2AR-69,549924,14.273,
DEPTH,2026-08-18 00:00:00,2026-08-18 00:01:31.30464,,91.304640101,VR2AR-69,549924,13
ATTITUDE,2026-08-18 00:00:00,2026-08-18 00:01:31.30464,,91.304640101,VR2AR-69,549924,1
TEMP,2026-08-18 01:00:00,2026-08-18 01:01:31.342621,,91.342621477,VR2AR-69,549924,14.315,
DEPTH,2026-08-18 01:00:00,2026-08-18 01:01:31.342621,,91.342621477,VR2AR-69,549924,13
ATTITUDE,2026-08-18 01:00:00,2026-08-18 01:01:31.342621,,91.342621477,VR2AR-69,549924,1
TEMP,2026-08-18 02:00:00,2026-08-18 02:01:31.380602,,91.380602851,VR2AR-69,549924,14.358,
DEPTH,2026-08-18 02:00:00,2026-08-18 02:01:31.380602,,91.380602851,VR2AR-69,549924,13
ATTITUDE,2026-08-18 02:00:00,2026-08-18 02:01:31.380602,,91.380602851,VR2AR-69,549924,1
TEMP,2026-08-18 03:00:00,2026-08-18 03:01:31.418584,,91.418584225,VR2AR-69,549924,14.358,
DEPTH,2026-08-18 03:00:00,2026-08-18 03:01:31.418584,,91.418584225,VR2AR-69,549924,13
ATTITUDE,2026-08-18 03:00:00,2026-08-18 03:01:31.418584,,91.418584225,VR2AR-69,549924,1
TEMP,2026-08-18 04:00:00,2026-08-18 04:01:31.456565,,91.456565601,VR2AR-69,549924,14.337,
DEPTH,2026-08-18 04:00:00,2026-08-18 04:01:31.456565,,91.456565601,VR2AR-69,549924,14
ATTITUDE,2026-08-18 04:00:00,2026-08-18 04:01:31.456565,,91.456565601,VR2AR-69,549924,1
TEMP,2026-08-18 05:00:00,2026-08-18 05:01:31.494546,,91.494546975,VR2AR-69,549924,14.231,
DEPTH,2026-08-18 05:00:00,2026-08-18 05:01:31.494546,,91.494546975,VR2AR-69,549924,14
ATTITUDE,2026-08-18 05:00:00,2026-08-18 05:01:31.494546,,91.494546975,VR2AR-69,549924,1
TEMP,2026-08-18 06:00:00,2026-08-18 06:01:31.532528,,91.532528350,VR2AR-69,549924,13.684,
DEPTH,2026-08-18 06:00:00,2026-08-18 06:01:31.532528,,91.532528350,VR2AR-69,549924,15
ATTITUDE,2026-08-18 06:00:00,2026-08-18 06:01:31.532528,,91.532528350,VR2AR-69,549924,1
TEMP,2026-08-18 07:00:00,2026-08-18 07:01:31.570509,,91.570509724,VR2AR-69,549924,13.328,
DEPTH,2026-08-18 07:00:00,2026-08-18 07:01:31.570509,,91.570509724,VR2AR-69,549924,15
ATTITUDE,2026-08-18 07:00:00,2026-08-18 07:01:31.570509,,91.570509724,VR2AR-69,549924,2
TEMP,2026-08-18 08:00:00,2026-08-18 08:01:31.608491,,91.608491100,VR2AR-69,549924,13.37,
DEPTH,2026-08-18 08:00:00,2026-08-18 08:01:31.608491,,91.608491100,VR2AR-69,549924,15
ATTITUDE,2026-08-18 08:00:00,2026-08-18 08:01:31.608491,,91.608491100,VR2AR-69,549924,1
TEMP,2026-08-18 09:00:00,2026-08-18 09:01:31.646472,,91.646472474,VR2AR-69,549924,13.411,
DEPTH,2026-08-18 09:00:00,2026-08-18 09:01:31.646472,,91.646472474,VR2AR-69,549924,15
ATTITUDE,2026-08-18 09:00:00,2026-08-18 09:01:31.646472,,91.646472474,VR2AR-69,549924,1
TEMP,2026-08-18 10:00:00,2026-08-18 10:01:31.684453,,91.684453848,VR2AR-69,549924,13.747,
DEPTH,2026-08-18 10:00:00,2026-08-18 10:01:31.684453,,91.684453848,VR2AR-69,549924,14
ATTITUDE,2026-08-18 10:00:00,2026-08-18 10:01:31.684453,,91.684453848,VR2AR-69,549924,1
TEMP,2026-08-18 11:00:00,2026-08-18 11:01:31.722435,,91.722435224,VR2AR-69,549924,14.041,
DEPTH,2026-08-18 11:00:00,2026-08-18 11:01:31.722435,,91.722435224,VR2AR-69,549924,14
ATTITUDE,2026-08-18 11:00:00,2026-08-18 11:01:31.722435,,91.722435224,VR2AR-69,549924,1
TEMP,2026-08-18 12:00:00,2026-08-18 12:01:31.760416,,91.760416598,VR2AR-69,549924,14.168,
DEPTH,2026-08-18 12:00:00,2026-08-18 12:01:31.760416,,91.760416598,VR2AR-69,549924,13
ATTITUDE,2026-08-18 12:00:00,2026-08-18 12:01:31.760416,,91.760416598,VR2AR-69,549924,1
TEMP,2026-08-18 13:00:00,2026-08-18 13:01:31.798397,,91.798397973,VR2AR-69,549924,14.273,
DEPTH,2026-08-18 13:00:00,2026-08-18 13:01:31.798397,,91.798397973,VR2AR-69,549924,13
ATTITUDE,2026-08-18 13:00:00,2026-08-18 13:01:31.798397,,91.798397973,VR2AR-69,549924,1
TEMP,2026-08-18 14:00:00,2026-08-18 14:01:31.836379,,91.836379349,VR2AR-69,549924,14.379,
DEPTH,2026-08-18 14:00:00,2026-08-18 14:01:31.836379,,91.836379349,VR2AR-69,549924,13
ATTITUDE,2026-08-18 14:00:00,2026-08-18 14:01:31.836379,,91.836379349,VR2AR-69,549924,1
TEMP,2026-08-18 15:00:00,2026-08-18 15:01:31.87436,,91.874360723,VR2AR-69,549924,14.4,
DEPTH,2026-08-18 15:00:00,2026-08-18 15:01:31.87436,,91.874360723,VR2AR-69,549924,13
ATTITUDE,2026-08-18 15:00:00,2026-08-18 15:01:31.87436,,91.874360723,VR2AR-69,549924,0
TEMP,2026-08-18 16:00:00,2026-08-18 16:01:31.912342,,91.912342097,VR2AR-69,549924,14.379,
DEPTH,2026-08-18 16:00:00,2026-08-18 16:01:31.912342,,91.912342097,VR2AR-69,549924,13
ATTITUDE,2026-08-18 16:00:00,2026-08-18 16:01:31.912342,,91.912342097,VR2AR-69,549924,1
TEMP,2026-08-18 17:00:00,2026-08-18 17:01:31.950323,,91.950323473,VR2AR-69,549924,14.21,
DEPTH,2026-08-18 17:00:00,2026-08-18 17:01:31.950323,,91.950323473,VR2AR-69,549924,14
ATTITUDE,2026-08-18 17:00:00,2026-08-18 17:01:31.950323,,91.950323473,VR2AR-69,549924,1
TEMP,2026-08-18 18:00:00,2026-08-18 18:01:31.988304,,91.988304847,VR2AR-69,549924,13.621,
DEPTH,2026-08-18 18:00:00,2026-08-18 18:01:31.988304,,91.988304847,VR2AR-69,549924,15
ATTITUDE,2026-08-18 18:00:00,2026-08-18 18:01:31.988304,,91.988304847,VR2AR-69,549924,1
TEMP,2026-08-18 19:00:00,2026-08-18 19:01:32.026286,,92.026286222,VR2AR-69,549924,13.37,
DEPTH,2026-08-18 19:00:00,2026-08-18 19:01:32.026286,,92.026286222,VR2AR-69,549924,15
ATTITUDE,2026-08-18 19:00:00,2026-08-18 19:01:32.026286,,92.026286222,VR2AR-69,549924,1
TEMP,2026-08-18 20:00:00,2026-08-18 20:01:32.064267,,92.064267598,VR2AR-69,549924,13.432,
DEPTH,2026-08-18 20:00:00,2026-08-18 20:01:32.064267,,92.064267598,VR2AR-69,549924,15
ATTITUDE,2026-08-18 20:00:00,2026-08-18 20:01:32.064267,,92.064267598,VR2AR-69,549924,1
TEMP,2026-08-18 21:00:00,2026-08-18 21:01:32.102248,,92.102248972,VR2AR-69,549924,13.579,
DEPTH,2026-08-18 21:00:00,2026-08-18 21:01:32.102248,,92.102248972,VR2AR-69,549924,15
ATTITUDE,2026-08-18 21:00:00,2026-08-18 21:01:32.102248,,92.102248972,VR2AR-69,549924,1
TEMP,2026-08-18 22:00:00,2026-08-18 22:01:32.14023,,92.140230346,VR2AR-69,549924,13.768,
DEPTH,2026-08-18 22:00:00,2026-08-18 22:01:32.14023,,92.140230346,VR2AR-69,549924,15
ATTITUDE,2026-08-18 22:00:00,2026-08-18 22:01:32.14023,,92.140230346,VR2AR-69,549924,2
TEMP,2026-08-18 23:00:00,2026-08-18 23:01:32.178211,,92.178211720,VR2AR-69,549924,14.083,
DEPTH,2026-08-18 23:00:00,2026-08-18 23:01:32.178211,,92.178211720,VR2AR-69,549924,14
ATTITUDE,2026-08-18 23:00:00,2026-08-18 23:01:32.178211,,92.178211720,VR2AR-69,549924,2
TEMP,2026-08-19 00:00:00,2026-08-19 00:01:32.216193,,92.216193096,VR2AR-69,549924,14.273,
DEPTH,2026-08-19 00:00:00,2026-08-19 00:01:32.216193,,92.216193096,VR2AR-69,549924,13
ATTITUDE,2026-08-19 00:00:00,2026-08-19 00:01:32.216193,,92.216193096,VR2AR-69,549924,1
TEMP,2026-08-19 01:00:00,2026-08-19 01:01:32.254174,,92.254174470,VR2AR-69,549924,14.315,
DEPTH,2026-08-19 01:00:00,2026-08-19 01:01:32.254174,,92.254174470,VR2AR-69,549924,13
ATTITUDE,2026-08-19 01:00:00,2026-08-19 01:01:32.254174,,92.254174470,VR2AR-69,549924,2
TEMP,2026-08-19 02:00:00,2026-08-19 02:01:32.292155,,92.292155845,VR2AR-69,549924,14.4,
DEPTH,2026-08-19 02:00:00,2026-08-19 02:01:32.292155,,92.292155845,VR2AR-69,549924,13
ATTITUDE,2026-08-19 02:00:00,2026-08-19 02:01:32.292155,,92.292155845,VR2AR-69,549924,0
TEMP,2026-08-19 03:00:00,2026-08-19 03:01:32.330137,,92.330137221,VR2AR-69,549924,14.548,
DEPTH,2026-08-19 03:00:00,2026-08-19 03:01:32.330137,,92.330137221,VR2AR-69,549924,13
ATTITUDE,2026-08-19 03:00:00,2026-08-19 03:01:32.330137,,92.330137221,VR2AR-69,549924,1
TEMP,2026-08-19 04:00:00,2026-08-19 04:01:32.368118,,92.368118595,VR2AR-69,549924,14.442,
DEPTH,2026-08-19 04:00:00,2026-08-19 04:01:32.368118,,92.368118595,VR2AR-69,549924,13
ATTITUDE,2026-08-19 04:00:00,2026-08-19 04:01:32.368118,,92.368118595,VR2AR-69,549924,0
TEMP,2026-08-19 05:00:00,2026-08-19 05:01:32.406099,,92.406099969,VR2AR-69,549924,14.442,
DEPTH,2026-08-19 05:00:00,2026-08-19 05:01:32.406099,,92.406099969,VR2AR-69,549924,14
ATTITUDE,2026-08-19 05:00:00,2026-08-19 05:01:32.406099,,92.406099969,VR2AR-69,549924,1
TEMP,2026-08-19 06:00:00,2026-08-19 06:01:32.444081,,92.444081345,VR2AR-69,549924,13.915,
DEPTH,2026-08-19 06:00:00,2026-08-19 06:01:32.444081,,92.444081345,VR2AR-69,549924,14
ATTITUDE,2026-08-19 06:00:00,2026-08-19 06:01:32.444081,,92.444081345,VR2AR-69,549924,2
TEMP,2026-08-19 07:00:00,2026-08-19 07:01:32.482062,,92.482062719,VR2AR-69,549924,13.349,
DEPTH,2026-08-19 07:00:00,2026-08-19 07:01:32.482062,,92.482062719,VR2AR-69,549924,15
ATTITUDE,2026-08-19 07:00:00,2026-08-19 07:01:32.482062,,92.482062719,VR2AR-69,549924,1
TEMP,2026-08-19 08:00:00,2026-08-19 08:01:32.520044,,92.520044093,VR2AR-69,549924,13.286,
DEPTH,2026-08-19 08:00:00,2026-08-19 08:01:32.520044,,92.520044093,VR2AR-69,549924,15
ATTITUDE,2026-08-19 08:00:00,2026-08-19 08:01:32.520044,,92.520044093,VR2AR-69,549924,0
TEMP,2026-08-19 09:00:00,2026-08-19 09:01:32.558025,,92.558025470,VR2AR-69,549924,13.432,
DEPTH,2026-08-19 09:00:00,2026-08-19 09:01:32.558025,,92.558025470,VR2AR-69,549924,15
ATTITUDE,2026-08-19 09:00:00,2026-08-19 09:01:32.558025,,92.558025470,VR2AR-69,549924,2
TEMP,2026-08-19 10:00:00,2026-08-19 10:01:32.596006,,92.596006844,VR2AR-69,549924,13.6,
DEPTH,2026-08-19 10:00:00,2026-08-19 10:01:32.596006,,92.596006844,VR2AR-69,549924,15
ATTITUDE,2026-08-19 10:00:00,2026-08-19 10:01:32.596006,,92.596006844,VR2AR-69,549924,0
TEMP,2026-08-19 11:00:00,2026-08-19 11:01:32.633988,,92.633988218,VR2AR-69,549924,13.978,
DEPTH,2026-08-19 11:00:00,2026-08-19 11:01:32.633988,,92.633988218,VR2AR-69,549924,14
ATTITUDE,2026-08-19 11:00:00,2026-08-19 11:01:32.633988,,92.633988218,VR2AR-69,549924,1
TEMP,2026-08-19 12:00:00,2026-08-19 12:01:32.671969,,92.671969594,VR2AR-69,549924,14.147,
DEPTH,2026-08-19 12:00:00,2026-08-19 12:01:32.671969,,92.671969594,VR2AR-69,549924,14
ATTITUDE,2026-08-19 12:00:00,2026-08-19 12:01:32.671969,,92.671969594,VR2AR-69,549924,1
TEMP,2026-08-19 13:00:00,2026-08-19 13:01:32.70995,,92.709950968,VR2AR-69,549924,14.21,
DEPTH,2026-08-19 13:00:00,2026-08-19 13:01:32.70995,,92.709950968,VR2AR-69,549924,13
ATTITUDE,2026-08-19 13:00:00,2026-08-19 13:01:32.70995,,92.709950968,VR2AR-69,549924,0
TEMP,2026-08-19 14:00:00,2026-08-19 14:01:32.747932,,92.747932342,VR2AR-69,549924,14.337,
DEPTH,2026-08-19 14:00:00,2026-08-19 14:01:32.747932,,92.747932342,VR2AR-69,549924,13
ATTITUDE,2026-08-19 14:00:00,2026-08-19 14:01:32.747932,,92.747932342,VR2AR-69,549924,1
TEMP,2026-08-19 15:00:00,2026-08-19 15:01:32.785913,,92.785913717,VR2AR-69,549924,14.4,
DEPTH,2026-08-19 15:00:00,2026-08-19 15:01:32.785913,,92.785913717,VR2AR-69,549924,13
ATTITUDE,2026-08-19 15:00:00,2026-08-19 15:01:32.785913,,92.785913717,VR2AR-69,549924,0
TEMP,2026-08-19 16:00:00,2026-08-19 16:01:32.823895,,92.823895093,VR2AR-69,549924,14.4,
DEPTH,2026-08-19 16:00:00,2026-08-19 16:01:32.823895,,92.823895093,VR2AR-69,549924,13
ATTITUDE,2026-08-19 16:00:00,2026-08-19 16:01:32.823895,,92.823895093,VR2AR-69,549924,1
TEMP,2026-08-19 17:00:00,2026-08-19 17:01:32.861876,,92.861876467,VR2AR-69,549924,14.337,
DEPTH,2026-08-19 17:00:00,2026-08-19 17:01:32.861876,,92.861876467,VR2AR-69,549924,14
ATTITUDE,2026-08-19 17:00:00,2026-08-19 17:01:32.861876,,92.861876467,VR2AR-69,549924,1
TEMP,2026-08-19 18:00:00,2026-08-19 18:01:32.899857,,92.899857841,VR2AR-69,549924,14.21,
DEPTH,2026-08-19 18:00:00,2026-08-19 18:01:32.899857,,92.899857841,VR2AR-69,549924,14
ATTITUDE,2026-08-19 18:00:00,2026-08-19 18:01:32.899857,,92.899857841,VR2AR-69,549924,1
TEMP,2026-08-19 19:00:00,2026-08-19 19:01:32.937839,,92.937839217,VR2AR-69,549924,13.663,
DEPTH,2026-08-19 19:00:00,2026-08-19 19:01:32.937839,,92.937839217,VR2AR-69,549924,15
ATTITUDE,2026-08-19 19:00:00,2026-08-19 19:01:32.937839,,92.937839217,VR2AR-69,549924,2
TEMP,2026-08-19 20:00:00,2026-08-19 20:01:32.97582,,92.975820591,VR2AR-69,549924,13.474,
DEPTH,2026-08-19 20:00:00,2026-08-19 20:01:32.97582,,92.975820591,VR2AR-69,549924,15
ATTITUDE,2026-08-19 20:00:00,2026-08-19 20:01:32.97582,,92.975820591,VR2AR-69,549924,0
TEMP,2026-08-19 21:00:00,2026-08-19 21:01:33.013801,,93.013801965,VR2AR-69,549924,13.747,
DEPTH,2026-08-19 21:00:00,2026-08-19 21:01:33.013801,,93.013801965,VR2AR-69,549924,15
ATTITUDE,2026-08-19 21:00:00,2026-08-19 21:01:33.013801,,93.013801965,VR2AR-69,549924,1
TEMP,2026-08-19 22:00:00,2026-08-19 22:01:33.051783,,93.051783341,VR2AR-69,549924,13.852,
DEPTH,2026-08-19 22:00:00,2026-08-19 22:01:33.051783,,93.051783341,VR2AR-69,549924,15
ATTITUDE,2026-08-19 22:00:00,2026-08-19 22:01:33.051783,,93.051783341,VR2AR-69,549924,2
TEMP,2026-08-19 23:00:00,2026-08-19 23:01:33.089764,,93.089764716,VR2AR-69,549924,13.915,
DEPTH,2026-08-19 23:00:00,2026-08-19 23:01:33.089764,,93.089764716,VR2AR-69,549924,15
ATTITUDE,2026-08-19 23:00:00,2026-08-19 23:01:33.089764,,93.089764716,VR2AR-69,549924,1
TEMP,2026-08-20 00:00:00,2026-08-20 00:01:33.127746,,93.127746090,VR2AR-69,549924,14.231,
DEPTH,2026-08-20 00:00:00,2026-08-20 00:01:33.127746,,93.127746090,VR2AR-69,549924,14
ATTITUDE,2026-08-20 00:00:00,2026-08-20 00:01:33.127746,,93.127746090,VR2AR-69,549924,2
TEMP,2026-08-20 01:00:00,2026-08-20 01:01:33.165727,,93.165727466,VR2AR-69,549924,14.252,
DEPTH,2026-08-20 01:00:00,2026-08-20 01:01:33.165727,,93.165727466,VR2AR-69,549924,13
ATTITUDE,2026-08-20 01:00:00,2026-08-20 01:01:33.165727,,93.165727466,VR2AR-69,549924,1
TEMP,2026-08-20 02:00:00,2026-08-20 02:01:33.203708,,93.203708840,VR2AR-69,549924,14.315,
DEPTH,2026-08-20 02:00:00,2026-08-20 02:01:33.203708,,93.203708840,VR2AR-69,549924,13
ATTITUDE,2026-08-20 02:00:00,2026-08-20 02:01:33.203708,,93.203708840,VR2AR-69,549924,1
TEMP,2026-08-20 03:00:00,2026-08-20 03:01:33.24169,,93.241690214,VR2AR-69,549924,14.463,
DEPTH,2026-08-20 03:00:00,2026-08-20 03:01:33.24169,,93.241690214,VR2AR-69,549924,13
ATTITUDE,2026-08-20 03:00:00,2026-08-20 03:01:33.24169,,93.241690214,VR2AR-69,549924,1
TEMP,2026-08-20 04:00:00,2026-08-20 04:01:33.279671,,93.279671588,VR2AR-69,549924,14.506,
DEPTH,2026-08-20 04:00:00,2026-08-20 04:01:33.279671,,93.279671588,VR2AR-69,549924,13
ATTITUDE,2026-08-20 04:00:00,2026-08-20 04:01:33.279671,,93.279671588,VR2AR-69,549924,0
TEMP,2026-08-20 05:00:00,2026-08-20 05:01:33.317652,,93.317652964,VR2AR-69,549924,14.421,
DEPTH,2026-08-20 05:00:00,2026-08-20 05:01:33.317652,,93.317652964,VR2AR-69,549924,13
ATTITUDE,2026-08-20 05:00:00,2026-08-20 05:01:33.317652,,93.317652964,VR2AR-69,549924,2
TEMP,2026-08-20 06:00:00,2026-08-20 06:01:33.355634,,93.355634339,VR2AR-69,549924,14.421,
DEPTH,2026-08-20 06:00:00,2026-08-20 06:01:33.355634,,93.355634339,VR2AR-69,549924,14
ATTITUDE,2026-08-20 06:00:00,2026-08-20 06:01:33.355634,,93.355634339,VR2AR-69,549924,1
TEMP,2026-08-20 07:00:00,2026-08-20 07:01:33.393615,,93.393615713,VR2AR-69,549924,14.125,
DEPTH,2026-08-20 07:00:00,2026-08-20 07:01:33.393615,,93.393615713,VR2AR-69,549924,14
ATTITUDE,2026-08-20 07:00:00,2026-08-20 07:01:33.393615,,93.393615713,VR2AR-69,549924,1
TEMP,2026-08-20 08:00:00,2026-08-20 08:01:33.431597,,93.431597089,VR2AR-69,549924,13.663,
DEPTH,2026-08-20 08:00:00,2026-08-20 08:01:33.431597,,93.431597089,VR2AR-69,549924,15
ATTITUDE,2026-08-20 08:00:00,2026-08-20 08:01:33.431597,,93.431597089,VR2AR-69,549924,2
TEMP,2026-08-20 09:00:00,2026-08-20 09:01:33.469578,,93.469578463,VR2AR-69,549924,13.349,
DEPTH,2026-08-20 09:00:00,2026-08-20 09:01:33.469578,,93.469578463,VR2AR-69,549924,15
ATTITUDE,2026-08-20 09:00:00,2026-08-20 09:01:33.469578,,93.469578463,VR2AR-69,549924,1
TEMP,2026-08-20 10:00:00,2026-08-20 10:01:33.507559,,93.507559837,VR2AR-69,549924,13.81,
DEPTH,2026-08-20 10:00:00,2026-08-20 10:01:33.507559,,93.507559837,VR2AR-69,549924,15
ATTITUDE,2026-08-20 10:00:00,2026-08-20 10:01:33.507559,,93.507559837,VR2AR-69,549924,1
TEMP,2026-08-20 11:00:00,2026-08-20 11:01:33.545541,,93.545541213,VR2AR-69,549924,13.873,
DEPTH,2026-08-20 11:00:00,2026-08-20 11:01:33.545541,,93.545541213,VR2AR-69,549924,15
ATTITUDE,2026-08-20 11:00:00,2026-08-20 11:01:33.545541,,93.545541213,VR2AR-69,549924,1
TEMP,2026-08-20 12:00:00,2026-08-20 12:01:33.583522,,93.583522588,VR2AR-69,549924,13.978,
DEPTH,2026-08-20 12:00:00,2026-08-20 12:01:33.583522,,93.583522588,VR2AR-69,549924,14
ATTITUDE,2026-08-20 12:00:00,2026-08-20 12:01:33.583522,,93.583522588,VR2AR-69,549924,1
TEMP,2026-08-20 13:00:00,2026-08-20 13:01:33.621503,,93.621503962,VR2AR-69,549924,14.252,
DEPTH,2026-08-20 13:00:00,2026-08-20 13:01:33.621503,,93.621503962,VR2AR-69,549924,14
ATTITUDE,2026-08-20 13:00:00,2026-08-20 13:01:33.621503,,93.621503962,VR2AR-69,549924,2
TEMP,2026-08-20 14:00:00,2026-08-20 14:01:33.659485,,93.659485338,VR2AR-69,549924,14.273,
DEPTH,2026-08-20 14:00:00,2026-08-20 14:01:33.659485,,93.659485338,VR2AR-69,549924,13
ATTITUDE,2026-08-20 14:00:00,2026-08-20 14:01:33.659485,,93.659485338,VR2AR-69,549924,1
TEMP,2026-08-20 15:00:00,2026-08-20 15:01:33.697466,,93.697466712,VR2AR-69,549924,14.358,
DEPTH,2026-08-20 15:00:00,2026-08-20 15:01:33.697466,,93.697466712,VR2AR-69,549924,13
ATTITUDE,2026-08-20 15:00:00,2026-08-20 15:01:33.697466,,93.697466712,VR2AR-69,549924,0
TEMP,2026-08-20 16:00:00,2026-08-20 16:01:33.735448,,93.735448086,VR2AR-69,549924,14.421,
DEPTH,2026-08-20 16:00:00,2026-08-20 16:01:33.735448,,93.735448086,VR2AR-69,549924,13
ATTITUDE,2026-08-20 16:00:00,2026-08-20 16:01:33.735448,,93.735448086,VR2AR-69,549924,1
TEMP,2026-08-20 17:00:00,2026-08-20 17:01:33.773429,,93.773429462,VR2AR-69,549924,14.4,
DEPTH,2026-08-20 17:00:00,2026-08-20 17:01:33.773429,,93.773429462,VR2AR-69,549924,13
ATTITUDE,2026-08-20 17:00:00,2026-08-20 17:01:33.773429,,93.773429462,VR2AR-69,549924,0
TEMP,2026-08-20 18:00:00,2026-08-20 18:01:33.81141,,93.811410836,VR2AR-69,549924,14.4,
DEPTH,2026-08-20 18:00:00,2026-08-20 18:01:33.81141,,93.811410836,VR2AR-69,549924,14
ATTITUDE,2026-08-20 18:00:00,2026-08-20 18:01:33.81141,,93.811410836,VR2AR-69,549924,1
TEMP,2026-08-20 19:00:00,2026-08-20 19:01:33.849392,,93.849392211,VR2AR-69,549924,14.21,
DEPTH,2026-08-20 19:00:00,2026-08-20 19:01:33.849392,,93.849392211,VR2AR-69,549924,14
ATTITUDE,2026-08-20 19:00:00,2026-08-20 19:01:33.849392,,93.849392211,VR2AR-69,549924,1
TEMP,2026-08-20 20:00:00,2026-08-20 20:01:33.887373,,93.887373585,VR2AR-69,549924,13.915,
DEPTH,2026-08-20 20:00:00,2026-08-20 20:01:33.887373,,93.887373585,VR2AR-69,549924,15
ATTITUDE,2026-08-20 20:00:00,2026-08-20 20:01:33.887373,,93.887373585,VR2AR-69,549924,1
TEMP,2026-08-20 21:00:00,2026-08-20 21:01:33.925354,,93.925354961,VR2AR-69,549924,13.915,
DEPTH,2026-08-20 21:00:00,2026-08-20 21:01:33.925354,,93.925354961,VR2AR-69,549924,15
ATTITUDE,2026-08-20 21:00:00,2026-08-20 21:01:33.925354,,93.925354961,VR2AR-69,549924,1
TEMP,2026-08-20 22:00:00,2026-08-20 22:01:33.963336,,93.963336335,VR2AR-69,549924,14.125,
DEPTH,2026-08-20 22:00:00,2026-08-20 22:01:33.963336,,93.963336335,VR2AR-69,549924,15
ATTITUDE,2026-08-20 22:00:00,2026-08-20 22:01:33.963336,,93.963336335,VR2AR-69,549924,1
TEMP,2026-08-20 23:00:00,2026-08-20 23:01:34.001317,,94.001317709,VR2AR-69,549924,14.21,
DEPTH,2026-08-20 23:00:00,2026-08-20 23:01:34.001317,,94.001317709,VR2AR-69,549924,15
ATTITUDE,2026-08-20 23:00:00,2026-08-20 23:01:34.001317,,94.001317709,VR2AR-69,549924,2
TEMP,2026-08-21 00:00:00,2026-08-21 00:01:34.039299,,94.039299085,VR2AR-69,549924,14.147,
DEPTH,2026-08-21 00:00:00,2026-08-21 00:01:34.039299,,94.039299085,VR2AR-69,549924,14
ATTITUDE,2026-08-21 00:00:00,2026-08-21 00:01:34.039299,,94.039299085,VR2AR-69,549924,1
TEMP,2026-08-21 01:00:00,2026-08-21 01:01:34.07728,,94.077280459,VR2AR-69,549924,14.358,
DEPTH,2026-08-21 01:00:00,2026-08-21 01:01:34.07728,,94.077280459,VR2AR-69,549924,14
ATTITUDE,2026-08-21 01:00:00,2026-08-21 01:01:34.07728,,94.077280459,VR2AR-69,549924,1
TEMP,2026-08-21 02:00:00,2026-08-21 02:01:34.115261,,94.115261834,VR2AR-69,549924,14.4,
DEPTH,2026-08-21 02:00:00,2026-08-21 02:01:34.115261,,94.115261834,VR2AR-69,549924,13
ATTITUDE,2026-08-21 02:00:00,2026-08-21 02:01:34.115261,,94.115261834,VR2AR-69,549924,1
TEMP,2026-08-21 03:00:00,2026-08-21 03:01:34.153243,,94.153243210,VR2AR-69,549924,14.506,
DEPTH,2026-08-21 03:00:00,2026-08-21 03:01:34.153243,,94.153243210,VR2AR-69,549924,13
ATTITUDE,2026-08-21 03:00:00,2026-08-21 03:01:34.153243,,94.153243210,VR2AR-69,549924,1
TEMP,2026-08-21 04:00:00,2026-08-21 04:01:34.191224,,94.191224584,VR2AR-69,549924,14.569,
DEPTH,2026-08-21 04:00:00,2026-08-21 04:01:34.191224,,94.191224584,VR2AR-69,549924,13
ATTITUDE,2026-08-21 04:00:00,2026-08-21 04:01:34.191224,,94.191224584,VR2AR-69,549924,1
TEMP,2026-08-21 05:00:00,2026-08-21 05:01:34.229205,,94.229205958,VR2AR-69,549924,14.781,
DEPTH,2026-08-21 05:00:00,2026-08-21 05:01:34.229205,,94.229205958,VR2AR-69,549924,13
ATTITUDE,2026-08-21 05:00:00,2026-08-21 05:01:34.229205,,94.229205958,VR2AR-69,549924,0
TEMP,2026-08-21 06:00:00,2026-08-21 06:01:34.267187,,94.267187334,VR2AR-69,549924,14.548,
DEPTH,2026-08-21 06:00:00,2026-08-21 06:01:34.267187,,94.267187334,VR2AR-69,549924,13
ATTITUDE,2026-08-21 06:00:00,2026-08-21 06:01:34.267187,,94.267187334,VR2AR-69,549924,1
TEMP,2026-08-21 07:00:00,2026-08-21 07:01:34.305168,,94.305168708,VR2AR-69,549924,14.506,
DEPTH,2026-08-21 07:00:00,2026-08-21 07:01:34.305168,,94.305168708,VR2AR-69,549924,14
ATTITUDE,2026-08-21 07:00:00,2026-08-21 07:01:34.305168,,94.305168708,VR2AR-69,549924,1
TEMP,2026-08-21 08:00:00,2026-08-21 08:01:34.34315,,94.343150082,VR2AR-69,549924,14.189,
DEPTH,2026-08-21 08:00:00,2026-08-21 08:01:34.34315,,94.343150082,VR2AR-69,549924,14
ATTITUDE,2026-08-21 08:00:00,2026-08-21 08:01:34.34315,,94.343150082,VR2AR-69,549924,1
TEMP,2026-08-21 09:00:00,2026-08-21 09:01:34.381131,,94.381131459,VR2AR-69,549924,13.894,
DEPTH,2026-08-21 09:00:00,2026-08-21 09:01:34.381131,,94.381131459,VR2AR-69,549924,15
ATTITUDE,2026-08-21 09:00:00,2026-08-21 09:01:34.381131,,94.381131459,VR2AR-69,549924,1
TEMP,2026-08-21 10:00:00,2026-08-21 10:01:34.419112,,94.419112833,VR2AR-69,549924,14.02,
DEPTH,2026-08-21 10:00:00,2026-08-21 10:01:34.419112,,94.419112833,VR2AR-69,549924,15
ATTITUDE,2026-08-21 10:00:00,2026-08-21 10:01:34.419112,,94.419112833,VR2AR-69,549924,1
TEMP,2026-08-21 11:00:00,2026-08-21 11:01:34.457094,,94.457094207,VR2AR-69,549924,14.083,
DEPTH,2026-08-21 11:00:00,2026-08-21 11:01:34.457094,,94.457094207,VR2AR-69,549924,15
ATTITUDE,2026-08-21 11:00:00,2026-08-21 11:01:34.457094,,94.457094207,VR2AR-69,549924,1
TEMP,2026-08-21 12:00:00,2026-08-21 12:01:34.495075,,94.495075581,VR2AR-69,549924,14.125,
DEPTH,2026-08-21 12:00:00,2026-08-21 12:01:34.495075,,94.495075581,VR2AR-69,549924,14
ATTITUDE,2026-08-21 12:00:00,2026-08-21 12:01:34.495075,,94.495075581,VR2AR-69,549924,1
TEMP,2026-08-21 13:00:00,2026-08-21 13:01:34.533056,,94.533056957,VR2AR-69,549924,14.231,
DEPTH,2026-08-21 13:00:00,2026-08-21 13:01:34.533056,,94.533056957,VR2AR-69,549924,14
ATTITUDE,2026-08-21 13:00:00,2026-08-21 13:01:34.533056,,94.533056957,VR2AR-69,549924,1
TEMP,2026-08-21 14:00:00,2026-08-21 14:01:34.571038,,94.571038331,VR2AR-69,549924,14.442,
DEPTH,2026-08-21 14:00:00,2026-08-21 14:01:34.571038,,94.571038331,VR2AR-69,549924,14
ATTITUDE,2026-08-21 14:00:00,2026-08-21 14:01:34.571038,,94.571038331,VR2AR-69,549924,1
TEMP,2026-08-21 15:00:00,2026-08-21 15:01:34.609019,,94.609019706,VR2AR-69,549924,14.506,
DEPTH,2026-08-21 15:00:00,2026-08-21 15:01:34.609019,,94.609019706,VR2AR-69,549924,13
ATTITUDE,2026-08-21 15:00:00,2026-08-21 15:01:34.609019,,94.609019706,VR2AR-69,549924,0
TEMP,2026-08-21 16:00:00,2026-08-21 16:01:34.647001,,94.647001082,VR2AR-69,549924,14.569,
DEPTH,2026-08-21 16:00:00,2026-08-21 16:01:34.647001,,94.647001082,VR2AR-69,549924,13
ATTITUDE,2026-08-21 16:00:00,2026-08-21 16:01:34.647001,,94.647001082,VR2AR-69,549924,0
TEMP,2026-08-21 17:00:00,2026-08-21 17:01:34.684982,,94.684982456,VR2AR-69,549924,14.675,
DEPTH,2026-08-21 17:00:00,2026-08-21 17:01:34.684982,,94.684982456,VR2AR-69,549924,13
ATTITUDE,2026-08-21 17:00:00,2026-08-21 17:01:34.684982,,94.684982456,VR2AR-69,549924,1
TEMP,2026-08-21 18:00:00,2026-08-21 18:01:34.722963,,94.722963830,VR2AR-69,549924,14.506,
DEPTH,2026-08-21 18:00:00,2026-08-21 18:01:34.722963,,94.722963830,VR2AR-69,549924,13
ATTITUDE,2026-08-21 18:00:00,2026-08-21 18:01:34.722963,,94.722963830,VR2AR-69,549924,1
TEMP,2026-08-21 19:00:00,2026-08-21 19:01:34.760945,,94.760945206,VR2AR-69,549924,14.442,
DEPTH,2026-08-21 19:00:00,2026-08-21 19:01:34.760945,,94.760945206,VR2AR-69,549924,14
ATTITUDE,2026-08-21 19:00:00,2026-08-21 19:01:34.760945,,94.760945206,VR2AR-69,549924,0
TEMP,2026-08-21 20:00:00,2026-08-21 20:01:34.798926,,94.798926580,VR2AR-69,549924,14.4,
DEPTH,2026-08-21 20:00:00,2026-08-21 20:01:34.798926,,94.798926580,VR2AR-69,549924,14
ATTITUDE,2026-08-21 20:00:00,2026-08-21 20:01:34.798926,,94.798926580,VR2AR-69,549924,0
TEMP,2026-08-21 21:00:00,2026-08-21 21:01:34.836907,,94.836907954,VR2AR-69,549924,14.358,
DEPTH,2026-08-21 21:00:00,2026-08-21 21:01:34.836907,,94.836907954,VR2AR-69,549924,15
ATTITUDE,2026-08-21 21:00:00,2026-08-21 21:01:34.836907,,94.836907954,VR2AR-69,549924,0
TEMP,2026-08-21 22:00:00,2026-08-21 22:01:34.874889,,94.874889330,VR2AR-69,549924,14.442,
DEPTH,2026-08-21 22:00:00,2026-08-21 22:01:34.874889,,94.874889330,VR2AR-69,549924,15
ATTITUDE,2026-08-21 22:00:00,2026-08-21 22:01:34.874889,,94.874889330,VR2AR-69,549924,1
TEMP,2026-08-21 23:00:00,2026-08-21 23:01:34.91287,,94.912870705,VR2AR-69,549924,14.633,
DEPTH,2026-08-21 23:00:00,2026-08-21 23:01:34.91287,,94.912870705,VR2AR-69,549924,15
ATTITUDE,2026-08-21 23:00:00,2026-08-21 23:01:34.91287,,94.912870705,VR2AR-69,549924,1
TEMP,2026-08-22 00:00:00,2026-08-22 00:01:34.950852,,94.950852079,VR2AR-69,549924,14.654,
DEPTH,2026-08-22 00:00:00,2026-08-22 00:01:34.950852,,94.950852079,VR2AR-69,549924,15
ATTITUDE,2026-08-22 00:00:00,2026-08-22 00:01:34.950852,,94.950852079,VR2AR-69,549924,1
TEMP,2026-08-22 01:00:00,2026-08-22 01:01:34.988833,,94.988833453,VR2AR-69,549924,14.273,
DEPTH,2026-08-22 01:00:00,2026-08-22 01:01:34.988833,,94.988833453,VR2AR-69,549924,14
ATTITUDE,2026-08-22 01:00:00,2026-08-22 01:01:34.988833,,94.988833453,VR2AR-69,549924,2
TEMP,2026-08-22 02:00:00,2026-08-22 02:01:35.026814,,95.026814829,VR2AR-69,549924,14.633,
DEPTH,2026-08-22 02:00:00,2026-08-22 02:01:35.026814,,95.026814829,VR2AR-69,549924,14
ATTITUDE,2026-08-22 02:00:00,2026-08-22 02:01:35.026814,,95.026814829,VR2AR-69,549924,1
TEMP,2026-08-22 03:00:00,2026-08-22 03:01:35.064796,,95.064796203,VR2AR-69,549924,14.718,
DEPTH,2026-08-22 03:00:00,2026-08-22 03:01:35.064796,,95.064796203,VR2AR-69,549924,13
ATTITUDE,2026-08-22 03:00:00,2026-08-22 03:01:35.064796,,95.064796203,VR2AR-69,549924,1
TEMP,2026-08-22 04:00:00,2026-08-22 04:01:35.102777,,95.102777577,VR2AR-69,549924,14.781,
DEPTH,2026-08-22 04:00:00,2026-08-22 04:01:35.102777,,95.102777577,VR2AR-69,549924,13
ATTITUDE,2026-08-22 04:00:00,2026-08-22 04:01:35.102777,,95.102777577,VR2AR-69,549924,0
TEMP,2026-08-22 05:00:00,2026-08-22 05:01:35.140758,,95.140758953,VR2AR-69,549924,14.845,
DEPTH,2026-08-22 05:00:00,2026-08-22 05:01:35.140758,,95.140758953,VR2AR-69,549924,13
ATTITUDE,2026-08-22 05:00:00,2026-08-22 05:01:35.140758,,95.140758953,VR2AR-69,549924,1
TEMP,2026-08-22 06:00:00,2026-08-22 06:01:35.17874,,95.178740328,VR2AR-69,549924,14.994,
DEPTH,2026-08-22 06:00:00,2026-08-22 06:01:35.17874,,95.178740328,VR2AR-69,549924,13
ATTITUDE,2026-08-22 06:00:00,2026-08-22 06:01:35.17874,,95.178740328,VR2AR-69,549924,1
TEMP,2026-08-22 07:00:00,2026-08-22 07:01:35.216721,,95.216721702,VR2AR-69,549924,14.866,
DEPTH,2026-08-22 07:00:00,2026-08-22 07:01:35.216721,,95.216721702,VR2AR-69,549924,13
ATTITUDE,2026-08-22 07:00:00,2026-08-22 07:01:35.216721,,95.216721702,VR2AR-69,549924,1
TEMP,2026-08-22 08:00:00,2026-08-22 08:01:35.254703,,95.254703078,VR2AR-69,549924,14.76,
DEPTH,2026-08-22 08:00:00,2026-08-22 08:01:35.254703,,95.254703078,VR2AR-69,549924,14
ATTITUDE,2026-08-22 08:00:00,2026-08-22 08:01:35.254703,,95.254703078,VR2AR-69,549924,0
TEMP,2026-08-22 09:00:00,2026-08-22 09:01:35.292684,,95.292684452,VR2AR-69,549924,14.569,
DEPTH,2026-08-22 09:00:00,2026-08-22 09:01:35.292684,,95.292684452,VR2AR-69,549924,14
ATTITUDE,2026-08-22 09:00:00,2026-08-22 09:01:35.292684,,95.292684452,VR2AR-69,549924,2
TEMP,2026-08-22 10:00:00,2026-08-22 10:01:35.330665,,95.330665826,VR2AR-69,549924,14.4,
DEPTH,2026-08-22 10:00:00,2026-08-22 10:01:35.330665,,95.330665826,VR2AR-69,549924,15
ATTITUDE,2026-08-22 10:00:00,2026-08-22 10:01:35.330665,,95.330665826,VR2AR-69,549924,1
TEMP,2026-08-22 11:00:00,2026-08-22 11:01:35.368647,,95.368647202,VR2AR-69,549924,14.4,
DEPTH,2026-08-22 11:00:00,2026-08-22 11:01:35.368647,,95.368647202,VR2AR-69,549924,15
ATTITUDE,2026-08-22 11:00:00,2026-08-22 11:01:35.368647,,95.368647202,VR2AR-69,549924,1
TEMP,2026-08-22 12:00:00,2026-08-22 12:01:35.406628,,95.406628577,VR2AR-69,549924,14.548,
DEPTH,2026-08-22 12:00:00,2026-08-22 12:01:35.406628,,95.406628577,VR2AR-69,549924,15
ATTITUDE,2026-08-22 12:00:00,2026-08-22 12:01:35.406628,,95.406628577,VR2AR-69,549924,1
TEMP,2026-08-22 13:00:00,2026-08-22 13:01:35.444609,,95.444609951,VR2AR-69,549924,14.612,
DEPTH,2026-08-22 13:00:00,2026-08-22 13:01:35.444609,,95.444609951,VR2AR-69,549924,15
ATTITUDE,2026-08-22 13:00:00,2026-08-22 13:01:35.444609,,95.444609951,VR2AR-69,549924,1
TEMP,2026-08-22 14:00:00,2026-08-22 14:01:35.482591,,95.482591327,VR2AR-69,549924,14.675,
DEPTH,2026-08-22 14:00:00,2026-08-22 14:01:35.482591,,95.482591327,VR2AR-69,549924,14
ATTITUDE,2026-08-22 14:00:00,2026-08-22 14:01:35.482591,,95.482591327,VR2AR-69,549924,1
TEMP,2026-08-22 15:00:00,2026-08-22 15:01:35.520572,,95.520572701,VR2AR-69,549924,14.781,
DEPTH,2026-08-22 15:00:00,2026-08-22 15:01:35.520572,,95.520572701,VR2AR-69,549924,14
ATTITUDE,2026-08-22 15:00:00,2026-08-22 15:01:35.520572,,95.520572701,VR2AR-69,549924,1
TEMP,2026-08-22 16:00:00,2026-08-22 16:01:35.558554,,95.558554075,VR2AR-69,549924,14.803,
DEPTH,2026-08-22 16:00:00,2026-08-22 16:01:35.558554,,95.558554075,VR2AR-69,549924,13
ATTITUDE,2026-08-22 16:00:00,2026-08-22 16:01:35.558554,,95.558554075,VR2AR-69,549924,1
TEMP,2026-08-22 17:00:00,2026-08-22 17:01:35.596535,,95.596535449,VR2AR-69,549924,14.888,
DEPTH,2026-08-22 17:00:00,2026-08-22 17:01:35.596535,,95.596535449,VR2AR-69,549924,13
ATTITUDE,2026-08-22 17:00:00,2026-08-22 17:01:35.596535,,95.596535449,VR2AR-69,549924,1
TEMP,2026-08-22 18:00:00,2026-08-22 18:01:35.634516,,95.634516825,VR2AR-69,549924,14.93,
DEPTH,2026-08-22 18:00:00,2026-08-22 18:01:35.634516,,95.634516825,VR2AR-69,549924,13
ATTITUDE,2026-08-22 18:00:00,2026-08-22 18:01:35.634516,,95.634516825,VR2AR-69,549924,1
TEMP,2026-08-22 19:00:00,2026-08-22 19:01:35.672498,,95.672498200,VR2AR-69,549924,14.866,
DEPTH,2026-08-22 19:00:00,2026-08-22 19:01:35.672498,,95.672498200,VR2AR-69,549924,14
ATTITUDE,2026-08-22 19:00:00,2026-08-22 19:01:35.672498,,95.672498200,VR2AR-69,549924,0
TEMP,2026-08-22 20:00:00,2026-08-22 20:01:35.710479,,95.710479574,VR2AR-69,549924,14.845,
DEPTH,2026-08-22 20:00:00,2026-08-22 20:01:35.710479,,95.710479574,VR2AR-69,549924,14
ATTITUDE,2026-08-22 20:00:00,2026-08-22 20:01:35.710479,,95.710479574,VR2AR-69,549924,1
TEMP,2026-08-22 21:00:00,2026-08-22 21:01:35.74846,,95.748460950,VR2AR-69,549924,14.866,
DEPTH,2026-08-22 21:00:00,2026-08-22 21:01:35.74846,,95.748460950,VR2AR-69,549924,15
ATTITUDE,2026-08-22 21:00:00,2026-08-22 21:01:35.74846,,95.748460950,VR2AR-69,549924,1
TEMP,2026-08-22 22:00:00,2026-08-22 22:01:35.786442,,95.786442324,VR2AR-69,549924,14.803,
DEPTH,2026-08-22 22:00:00,2026-08-22 22:01:35.786442,,95.786442324,VR2AR-69,549924,15
ATTITUDE,2026-08-22 22:00:00,2026-08-22 22:01:35.786442,,95.786442324,VR2AR-69,549924,1
TEMP,2026-08-22 23:00:00,2026-08-22 23:01:35.824423,,95.824423698,VR2AR-69,549924,14.973,
DEPTH,2026-08-22 23:00:00,2026-08-22 23:01:35.824423,,95.824423698,VR2AR-69,549924,15
ATTITUDE,2026-08-22 23:00:00,2026-08-22 23:01:35.824423,,95.824423698,VR2AR-69,549924,0
TEMP,2026-08-23 00:00:00,2026-08-23 00:01:35.862405,,95.862405074,VR2AR-69,549924,15.164,
DEPTH,2026-08-23 00:00:00,2026-08-23 00:01:35.862405,,95.862405074,VR2AR-69,549924,15
ATTITUDE,2026-08-23 00:00:00,2026-08-23 00:01:35.862405,,95.862405074,VR2AR-69,549924,1
TEMP,2026-08-23 01:00:00,2026-08-23 01:01:35.900386,,95.900386448,VR2AR-69,549924,14.994,
DEPTH,2026-08-23 01:00:00,2026-08-23 01:01:35.900386,,95.900386448,VR2AR-69,549924,15
ATTITUDE,2026-08-23 01:00:00,2026-08-23 01:01:35.900386,,95.900386448,VR2AR-69,549924,1
TEMP,2026-08-23 02:00:00,2026-08-23 02:01:35.938367,,95.938367823,VR2AR-69,549924,14.888,
DEPTH,2026-08-23 02:00:00,2026-08-23 02:01:35.938367,,95.938367823,VR2AR-69,549924,14
ATTITUDE,2026-08-23 02:00:00,2026-08-23 02:01:35.938367,,95.938367823,VR2AR-69,549924,1
TEMP,2026-08-23 03:00:00,2026-08-23 03:01:35.976349,,95.976349199,VR2AR-69,549924,14.994,
DEPTH,2026-08-23 03:00:00,2026-08-23 03:01:35.976349,,95.976349199,VR2AR-69,549924,14
ATTITUDE,2026-08-23 03:00:00,2026-08-23 03:01:35.976349,,95.976349199,VR2AR-69,549924,2
TEMP,2026-08-23 04:00:00,2026-08-23 04:01:36.01433,,96.014330573,VR2AR-69,549924,15.1,
DEPTH,2026-08-23 04:00:00,2026-08-23 04:01:36.01433,,96.014330573,VR2AR-69,549924,13
ATTITUDE,2026-08-23 04:00:00,2026-08-23 04:01:36.01433,,96.014330573,VR2AR-69,549924,1
TEMP,2026-08-23 05:00:00,2026-08-23 05:01:36.052311,,96.052311947,VR2AR-69,549924,15.122,
DEPTH,2026-08-23 05:00:00,2026-08-23 05:01:36.052311,,96.052311947,VR2AR-69,549924,13
ATTITUDE,2026-08-23 05:00:00,2026-08-23 05:01:36.052311,,96.052311947,VR2AR-69,549924,1
TEMP,2026-08-23 06:00:00,2026-08-23 06:01:36.090293,,96.090293323,VR2AR-69,549924,15.164,
DEPTH,2026-08-23 06:00:00,2026-08-23 06:01:36.090293,,96.090293323,VR2AR-69,549924,13
ATTITUDE,2026-08-23 06:00:00,2026-08-23 06:01:36.090293,,96.090293323,VR2AR-69,549924,1
TEMP,2026-08-23 07:00:00,2026-08-23 07:01:36.128274,,96.128274697,VR2AR-69,549924,15.186,
DEPTH,2026-08-23 07:00:00,2026-08-23 07:01:36.128274,,96.128274697,VR2AR-69,549924,13
ATTITUDE,2026-08-23 07:00:00,2026-08-23 07:01:36.128274,,96.128274697,VR2AR-69,549924,1
TEMP,2026-08-23 08:00:00,2026-08-23 08:01:36.166256,,96.166256071,VR2AR-69,549924,15.122,
DEPTH,2026-08-23 08:00:00,2026-08-23 08:01:36.166256,,96.166256071,VR2AR-69,549924,13
ATTITUDE,2026-08-23 08:00:00,2026-08-23 08:01:36.166256,,96.166256071,VR2AR-69,549924,1
TEMP,2026-08-23 09:00:00,2026-08-23 09:01:36.204237,,96.204237446,VR2AR-69,549924,15.058,
DEPTH,2026-08-23 09:00:00,2026-08-23 09:01:36.204237,,96.204237446,VR2AR-69,549924,14
ATTITUDE,2026-08-23 09:00:00,2026-08-23 09:01:36.204237,,96.204237446,VR2AR-69,549924,0
TEMP,2026-08-23 10:00:00,2026-08-23 10:01:36.242218,,96.242218822,VR2AR-69,549924,15.015,
DEPTH,2026-08-23 10:00:00,2026-08-23 10:01:36.242218,,96.242218822,VR2AR-69,549924,14
ATTITUDE,2026-08-23 10:00:00,2026-08-23 10:01:36.242218,,96.242218822,VR2AR-69,549924,1
TEMP,2026-08-23 11:00:00,2026-08-23 11:01:36.2802,,96.280200196,VR2AR-69,549924,14.845,
DEPTH,2026-08-23 11:00:00,2026-08-23 11:01:36.2802,,96.280200196,VR2AR-69,549924,15
ATTITUDE,2026-08-23 11:00:00,2026-08-23 11:01:36.2802,,96.280200196,VR2AR-69,549924,1
TEMP,2026-08-23 12:00:00,2026-08-23 12:01:36.318181,,96.318181570,VR2AR-69,549924,14.866,
DEPTH,2026-08-23 12:00:00,2026-08-23 12:01:36.318181,,96.318181570,VR2AR-69,549924,15
ATTITUDE,2026-08-23 12:00:00,2026-08-23 12:01:36.318181,,96.318181570,VR2AR-69,549924,1
TEMP,2026-08-23 13:00:00,2026-08-23 13:01:36.356162,,96.356162946,VR2AR-69,549924,14.973,
DEPTH,2026-08-23 13:00:00,2026-08-23 13:01:36.356162,,96.356162946,VR2AR-69,549924,15
ATTITUDE,2026-08-23 13:00:00,2026-08-23 13:01:36.356162,,96.356162946,VR2AR-69,549924,1
TEMP,2026-08-23 14:00:00,2026-08-23 14:01:36.394144,,96.394144320,VR2AR-69,549924,15.079,
DEPTH,2026-08-23 14:00:00,2026-08-23 14:01:36.394144,,96.394144320,VR2AR-69,549924,14
ATTITUDE,2026-08-23 14:00:00,2026-08-23 14:01:36.394144,,96.394144320,VR2AR-69,549924,0
TEMP,2026-08-23 15:00:00,2026-08-23 15:01:36.432125,,96.432125695,VR2AR-69,549924,14.973,
DEPTH,2026-08-23 15:00:00,2026-08-23 15:01:36.432125,,96.432125695,VR2AR-69,549924,14
ATTITUDE,2026-08-23 15:00:00,2026-08-23 15:01:36.432125,,96.432125695,VR2AR-69,549924,1
TEMP,2026-08-23 16:00:00,2026-08-23 16:01:36.470107,,96.470107071,VR2AR-69,549924,15.1,
DEPTH,2026-08-23 16:00:00,2026-08-23 16:01:36.470107,,96.470107071,VR2AR-69,549924,14
ATTITUDE,2026-08-23 16:00:00,2026-08-23 16:01:36.470107,,96.470107071,VR2AR-69,549924,1
TEMP,2026-08-23 17:00:00,2026-08-23 17:01:36.508088,,96.508088445,VR2AR-69,549924,15.164,
DEPTH,2026-08-23 17:00:00,2026-08-23 17:01:36.508088,,96.508088445,VR2AR-69,549924,13
ATTITUDE,2026-08-23 17:00:00,2026-08-23 17:01:36.508088,,96.508088445,VR2AR-69,549924,1
TEMP,2026-08-23 18:00:00,2026-08-23 18:01:36.546069,,96.546069819,VR2AR-69,549924,15.207,
DEPTH,2026-08-23 18:00:00,2026-08-23 18:01:36.546069,,96.546069819,VR2AR-69,549924,13
ATTITUDE,2026-08-23 18:00:00,2026-08-23 18:01:36.546069,,96.546069819,VR2AR-69,549924,1
TEMP,2026-08-23 19:00:00,2026-08-23 19:01:36.584051,,96.584051195,VR2AR-69,549924,15.228,
DEPTH,2026-08-23 19:00:00,2026-08-23 19:01:36.584051,,96.584051195,VR2AR-69,549924,13
ATTITUDE,2026-08-23 19:00:00,2026-08-23 19:01:36.584051,,96.584051195,VR2AR-69,549924,1
TEMP,2026-08-23 20:00:00,2026-08-23 20:01:36.622032,,96.622032569,VR2AR-69,549924,15.25,
DEPTH,2026-08-23 20:00:00,2026-08-23 20:01:36.622032,,96.622032569,VR2AR-69,549924,13
ATTITUDE,2026-08-23 20:00:00,2026-08-23 20:01:36.622032,,96.622032569,VR2AR-69,549924,1
TEMP,2026-08-23 21:00:00,2026-08-23 21:01:36.660013,,96.660013943,VR2AR-69,549924,15.271,
DEPTH,2026-08-23 21:00:00,2026-08-23 21:01:36.660013,,96.660013943,VR2AR-69,549924,14
ATTITUDE,2026-08-23 21:00:00,2026-08-23 21:01:36.660013,,96.660013943,VR2AR-69,549924,1
TEMP,2026-08-23 22:00:00,2026-08-23 22:01:36.697995,,96.697995319,VR2AR-69,549924,15.292,
DEPTH,2026-08-23 22:00:00,2026-08-23 22:01:36.697995,,96.697995319,VR2AR-69,549924,15
ATTITUDE,2026-08-23 22:00:00,2026-08-23 22:01:36.697995,,96.697995319,VR2AR-69,549924,1
TEMP,2026-08-23 23:00:00,2026-08-23 23:01:36.735976,,96.735976694,VR2AR-69,549924,15.079,
DEPTH,2026-08-23 23:00:00,2026-08-23 23:01:36.735976,,96.735976694,VR2AR-69,549924,15
ATTITUDE,2026-08-23 23:00:00,2026-08-23 23:01:36.735976,,96.735976694,VR2AR-69,549924,1
TEMP,2026-08-24 00:00:00,2026-08-24 00:01:36.773958,,96.773958068,VR2AR-69,549924,15.122,
DEPTH,2026-08-24 00:00:00,2026-08-24 00:01:36.773958,,96.773958068,VR2AR-69,549924,15
ATTITUDE,2026-08-24 00:00:00,2026-08-24 00:01:36.773958,,96.773958068,VR2AR-69,549924,0
TEMP,2026-08-24 01:00:00,2026-08-24 01:01:36.811939,,96.811939442,VR2AR-69,549924,15.292,
DEPTH,2026-08-24 01:00:00,2026-08-24 01:01:36.811939,,96.811939442,VR2AR-69,549924,15
ATTITUDE,2026-08-24 01:00:00,2026-08-24 01:01:36.811939,,96.811939442,VR2AR-69,549924,1
TEMP,2026-08-24 02:00:00,2026-08-24 02:01:36.84992,,96.849920818,VR2AR-69,549924,15.143,
DEPTH,2026-08-24 02:00:00,2026-08-24 02:01:36.84992,,96.849920818,VR2AR-69,549924,15
ATTITUDE,2026-08-24 02:00:00,2026-08-24 02:01:36.84992,,96.849920818,VR2AR-69,549924,1
TEMP,2026-08-24 03:00:00,2026-08-24 03:01:36.887902,,96.887902192,VR2AR-69,549924,15.228,
DEPTH,2026-08-24 03:00:00,2026-08-24 03:01:36.887902,,96.887902192,VR2AR-69,549924,14
ATTITUDE,2026-08-24 03:00:00,2026-08-24 03:01:36.887902,,96.887902192,VR2AR-69,549924,2
TEMP,2026-08-24 04:00:00,2026-08-24 04:01:36.925883,,96.925883566,VR2AR-69,549924,15.314,
DEPTH,2026-08-24 04:00:00,2026-08-24 04:01:36.925883,,96.925883566,VR2AR-69,549924,14
ATTITUDE,2026-08-24 04:00:00,2026-08-24 04:01:36.925883,,96.925883566,VR2AR-69,549924,1
TEMP,2026-08-24 05:00:00,2026-08-24 05:01:36.963864,,96.963864943,VR2AR-69,549924,15.357,
DEPTH,2026-08-24 05:00:00,2026-08-24 05:01:36.963864,,96.963864943,VR2AR-69,549924,13
ATTITUDE,2026-08-24 05:00:00,2026-08-24 05:01:36.963864,,96.963864943,VR2AR-69,549924,1
TEMP,2026-08-24 06:00:00,2026-08-24 06:01:37.001846,,97.001846317,VR2AR-69,549924,15.378,
DEPTH,2026-08-24 06:00:00,2026-08-24 06:01:37.001846,,97.001846317,VR2AR-69,549924,13
ATTITUDE,2026-08-24 06:00:00,2026-08-24 06:01:37.001846,,97.001846317,VR2AR-69,549924,0
TEMP,2026-08-24 07:00:00,2026-08-24 07:01:37.039827,,97.039827691,VR2AR-69,549924,15.399,
DEPTH,2026-08-24 07:00:00,2026-08-24 07:01:37.039827,,97.039827691,VR2AR-69,549924,13
ATTITUDE,2026-08-24 07:00:00,2026-08-24 07:01:37.039827,,97.039827691,VR2AR-69,549924,0
TEMP,2026-08-24 08:00:00,2026-08-24 08:01:37.077809,,97.077809067,VR2AR-69,549924,15.442,
DEPTH,2026-08-24 08:00:00,2026-08-24 08:01:37.077809,,97.077809067,VR2AR-69,549924,13
ATTITUDE,2026-08-24 08:00:00,2026-08-24 08:01:37.077809,,97.077809067,VR2AR-69,549924,0
TEMP,2026-08-24 09:00:00,2026-08-24 09:01:37.11579,,97.115790441,VR2AR-69,549924,15.421,
DEPTH,2026-08-24 09:00:00,2026-08-24 09:01:37.11579,,97.115790441,VR2AR-69,549924,13
ATTITUDE,2026-08-24 09:00:00,2026-08-24 09:01:37.11579,,97.115790441,VR2AR-69,549924,0
TEMP,2026-08-24 10:00:00,2026-08-24 10:01:37.153771,,97.153771815,VR2AR-69,549924,15.378,
DEPTH,2026-08-24 10:00:00,2026-08-24 10:01:37.153771,,97.153771815,VR2AR-69,549924,14
ATTITUDE,2026-08-24 10:00:00,2026-08-24 10:01:37.153771,,97.153771815,VR2AR-69,549924,0
TEMP,2026-08-24 11:00:00,2026-08-24 11:01:37.191753,,97.191753191,VR2AR-69,549924,15.228,
DEPTH,2026-08-24 11:00:00,2026-08-24 11:01:37.191753,,97.191753191,VR2AR-69,549924,14
ATTITUDE,2026-08-24 11:00:00,2026-08-24 11:01:37.191753,,97.191753191,VR2AR-69,549924,1
TEMP,2026-08-24 12:00:00,2026-08-24 12:01:37.229734,,97.229734566,VR2AR-69,549924,15.058,
DEPTH,2026-08-24 12:00:00,2026-08-24 12:01:37.229734,,97.229734566,VR2AR-69,549924,15
ATTITUDE,2026-08-24 12:00:00,2026-08-24 12:01:37.229734,,97.229734566,VR2AR-69,549924,0
TEMP,2026-08-24 13:00:00,2026-08-24 13:01:37.267715,,97.267715940,VR2AR-69,549924,15.015,
DEPTH,2026-08-24 13:00:00,2026-08-24 13:01:37.267715,,97.267715940,VR2AR-69,549924,15
ATTITUDE,2026-08-24 13:00:00,2026-08-24 13:01:37.267715,,97.267715940,VR2AR-69,549924,0
TEMP,2026-08-24 14:00:00,2026-08-24 14:01:37.305697,,97.305697314,VR2AR-69,549924,14.994,
DEPTH,2026-08-24 14:00:00,2026-08-24 14:01:37.305697,,97.305697314,VR2AR-69,549924,15
ATTITUDE,2026-08-24 14:00:00,2026-08-24 14:01:37.305697,,97.305697314,VR2AR-69,549924,2
TEMP,2026-08-24 15:00:00,2026-08-24 15:01:37.343678,,97.343678690,VR2AR-69,549924,14.888,
DEPTH,2026-08-24 15:00:00,2026-08-24 15:01:37.343678,,97.343678690,VR2AR-69,549924,15
ATTITUDE,2026-08-24 15:00:00,2026-08-24 15:01:37.343678,,97.343678690,VR2AR-69,549924,2
TEMP,2026-08-24 16:00:00,2026-08-24 16:01:37.38166,,97.381660064,VR2AR-69,549924,15.1,
DEPTH,2026-08-24 16:00:00,2026-08-24 16:01:37.38166,,97.381660064,VR2AR-69,549924,14
ATTITUDE,2026-08-24 16:00:00,2026-08-24 16:01:37.38166,,97.381660064,VR2AR-69,549924,2
TEMP,2026-08-24 17:00:00,2026-08-24 17:01:37.419641,,97.419641438,VR2AR-69,549924,15.207,
DEPTH,2026-08-24 17:00:00,2026-08-24 17:01:37.419641,,97.419641438,VR2AR-69,549924,14
ATTITUDE,2026-08-24 17:00:00,2026-08-24 17:01:37.419641,,97.419641438,VR2AR-69,549924,2
TEMP,2026-08-24 18:00:00,2026-08-24 18:01:37.457622,,97.457622814,VR2AR-69,549924,15.271,
DEPTH,2026-08-24 18:00:00,2026-08-24 18:01:37.457622,,97.457622814,VR2AR-69,549924,13
ATTITUDE,2026-08-24 18:00:00,2026-08-24 18:01:37.457622,,97.457622814,VR2AR-69,549924,2
TEMP,2026-08-24 19:00:00,2026-08-24 19:01:37.495604,,97.495604189,VR2AR-69,549924,15.335,
DEPTH,2026-08-24 19:00:00,2026-08-24 19:01:37.495604,,97.495604189,VR2AR-69,549924,13
ATTITUDE,2026-08-24 19:00:00,2026-08-24 19:01:37.495604,,97.495604189,VR2AR-69,549924,1
TEMP,2026-08-24 20:00:00,2026-08-24 20:01:37.533585,,97.533585563,VR2AR-69,549924,15.464,
DEPTH,2026-08-24 20:00:00,2026-08-24 20:01:37.533585,,97.533585563,VR2AR-69,549924,13
ATTITUDE,2026-08-24 20:00:00,2026-08-24 20:01:37.533585,,97.533585563,VR2AR-69,549924,1
TEMP,2026-08-24 21:00:00,2026-08-24 21:01:37.571566,,97.571566939,VR2AR-69,549924,15.421,
DEPTH,2026-08-24 21:00:00,2026-08-24 21:01:37.571566,,97.571566939,VR2AR-69,549924,13
ATTITUDE,2026-08-24 21:00:00,2026-08-24 21:01:37.571566,,97.571566939,VR2AR-69,549924,0
TEMP,2026-08-24 22:00:00,2026-08-24 22:01:37.609548,,97.609548313,VR2AR-69,549924,15.357,
DEPTH,2026-08-24 22:00:00,2026-08-24 22:01:37.609548,,97.609548313,VR2AR-69,549924,14
ATTITUDE,2026-08-24 22:00:00,2026-08-24 22:01:37.609548,,97.609548313,VR2AR-69,549924,0
TEMP,2026-08-24 23:00:00,2026-08-24 23:01:37.647529,,97.647529687,VR2AR-69,549924,15.186,
DEPTH,2026-08-24 23:00:00,2026-08-24 23:01:37.647529,,97.647529687,VR2AR-69,549924,15
ATTITUDE,2026-08-24 23:00:00,2026-08-24 23:01:37.647529,,97.647529687,VR2AR-69,549924,0
TEMP,2026-08-25 00:00:00,2026-08-25 00:01:37.685511,,97.685511063,VR2AR-69,549924,15.143,
DEPTH,2026-08-25 00:00:00,2026-08-25 00:01:37.685511,,97.685511063,VR2AR-69,549924,15
ATTITUDE,2026-08-25 00:00:00,2026-08-25 00:01:37.685511,,97.685511063,VR2AR-69,549924,1
TEMP,2026-08-25 01:00:00,2026-08-25 01:01:37.723492,,97.723492437,VR2AR-69,549924,14.973,
DEPTH,2026-08-25 01:00:00,2026-08-25 01:01:37.723492,,97.723492437,VR2AR-69,549924,15
ATTITUDE,2026-08-25 01:00:00,2026-08-25 01:01:37.723492,,97.723492437,VR2AR-69,549924,1
TEMP,2026-08-25 02:00:00,2026-08-25 02:01:37.761473,,97.761473812,VR2AR-69,549924,15.1,
DEPTH,2026-08-25 02:00:00,2026-08-25 02:01:37.761473,,97.761473812,VR2AR-69,549924,15
ATTITUDE,2026-08-25 02:00:00,2026-08-25 02:01:37.761473,,97.761473812,VR2AR-69,549924,1
TEMP,2026-08-25 03:00:00,2026-08-25 03:01:37.799455,,97.799455188,VR2AR-69,549924,15.037,
DEPTH,2026-08-25 03:00:00,2026-08-25 03:01:37.799455,,97.799455188,VR2AR-69,549924,15
ATTITUDE,2026-08-25 03:00:00,2026-08-25 03:01:37.799455,,97.799455188,VR2AR-69,549924,1
TEMP,2026-08-25 04:00:00,2026-08-25 04:01:37.837436,,97.837436562,VR2AR-69,549924,15.228,
DEPTH,2026-08-25 04:00:00,2026-08-25 04:01:37.837436,,97.837436562,VR2AR-69,549924,14
ATTITUDE,2026-08-25 04:00:00,2026-08-25 04:01:37.837436,,97.837436562,VR2AR-69,549924,2
TEMP,2026-08-25 05:00:00,2026-08-25 05:01:37.875417,,97.875417936,VR2AR-69,549924,15.271,
DEPTH,2026-08-25 05:00:00,2026-08-25 05:01:37.875417,,97.875417936,VR2AR-69,549924,14
ATTITUDE,2026-08-25 05:00:00,2026-08-25 05:01:37.875417,,97.875417936,VR2AR-69,549924,1
TEMP,2026-08-25 06:00:00,2026-08-25 06:01:37.913399,,97.913399310,VR2AR-69,549924,15.314,
DEPTH,2026-08-25 06:00:00,2026-08-25 06:01:37.913399,,97.913399310,VR2AR-69,549924,13
ATTITUDE,2026-08-25 06:00:00,2026-08-25 06:01:37.913399,,97.913399310,VR2AR-69,549924,1
TEMP,2026-08-25 07:00:00,2026-08-25 07:01:37.95138,,97.951380686,VR2AR-69,549924,15.442,
DEPTH,2026-08-25 07:00:00,2026-08-25 07:01:37.95138,,97.951380686,VR2AR-69,549924,13
ATTITUDE,2026-08-25 07:00:00,2026-08-25 07:01:37.95138,,97.951380686,VR2AR-69,549924,1
TEMP,2026-08-25 08:00:00,2026-08-25 08:01:37.989362,,97.989362061,VR2AR-69,549924,15.464,
DEPTH,2026-08-25 08:00:00,2026-08-25 08:01:37.989362,,97.989362061,VR2AR-69,549924,13
ATTITUDE,2026-08-25 08:00:00,2026-08-25 08:01:37.989362,,97.989362061,VR2AR-69,549924,1
TEMP,2026-08-25 09:00:00,2026-08-25 09:01:38.027343,,98.027343435,VR2AR-69,549924,15.506,
DEPTH,2026-08-25 09:00:00,2026-08-25 09:01:38.027343,,98.027343435,VR2AR-69,549924,13
ATTITUDE,2026-08-25 09:00:00,2026-08-25 09:01:38.027343,,98.027343435,VR2AR-69,549924,0
TEMP,2026-08-25 10:00:00,2026-08-25 10:01:38.065324,,98.065324811,VR2AR-69,549924,15.528,
DEPTH,2026-08-25 10:00:00,2026-08-25 10:01:38.065324,,98.065324811,VR2AR-69,549924,13
ATTITUDE,2026-08-25 10:00:00,2026-08-25 10:01:38.065324,,98.065324811,VR2AR-69,549924,0
TEMP,2026-08-25 11:00:00,2026-08-25 11:01:38.103306,,98.103306185,VR2AR-69,549924,15.442,
DEPTH,2026-08-25 11:00:00,2026-08-25 11:01:38.103306,,98.103306185,VR2AR-69,549924,14
ATTITUDE,2026-08-25 11:00:00,2026-08-25 11:01:38.103306,,98.103306185,VR2AR-69,549924,1
TEMP,2026-08-25 12:00:00,2026-08-25 12:01:38.141287,,98.141287559,VR2AR-69,549924,14.59,
DEPTH,2026-08-25 12:00:00,2026-08-25 12:01:38.141287,,98.141287559,VR2AR-69,549924,15
ATTITUDE,2026-08-25 12:00:00,2026-08-25 12:01:38.141287,,98.141287559,VR2AR-69,549924,1
TEMP,2026-08-25 13:00:00,2026-08-25 13:01:38.179268,,98.179268935,VR2AR-69,549924,14.76,
DEPTH,2026-08-25 13:00:00,2026-08-25 13:01:38.179268,,98.179268935,VR2AR-69,549924,15
ATTITUDE,2026-08-25 13:00:00,2026-08-25 13:01:38.179268,,98.179268935,VR2AR-69,549924,1
TEMP,2026-08-25 14:00:00,2026-08-25 14:01:38.21725,,98.217250309,VR2AR-69,549924,14.866,
DEPTH,2026-08-25 14:00:00,2026-08-25 14:01:38.21725,,98.217250309,VR2AR-69,549924,15
ATTITUDE,2026-08-25 14:00:00,2026-08-25 14:01:38.21725,,98.217250309,VR2AR-69,549924,0
TEMP,2026-08-25 15:00:00,2026-08-25 15:01:38.255231,,98.255231684,VR2AR-69,549924,14.76,
DEPTH,2026-08-25 15:00:00,2026-08-25 15:01:38.255231,,98.255231684,VR2AR-69,549924,15
ATTITUDE,2026-08-25 15:00:00,2026-08-25 15:01:38.255231,,98.255231684,VR2AR-69,549924,1
TEMP,2026-08-25 16:00:00,2026-08-25 16:01:38.293213,,98.293213060,VR2AR-69,549924,14.654,
DEPTH,2026-08-25 16:00:00,2026-08-25 16:01:38.293213,,98.293213060,VR2AR-69,549924,14
ATTITUDE,2026-08-25 16:00:00,2026-08-25 16:01:38.293213,,98.293213060,VR2AR-69,549924,1
TEMP,2026-08-25 17:00:00,2026-08-25 17:01:38.331194,,98.331194434,VR2AR-69,549924,15.122,
DEPTH,2026-08-25 17:00:00,2026-08-25 17:01:38.331194,,98.331194434,VR2AR-69,549924,14
ATTITUDE,2026-08-25 17:00:00,2026-08-25 17:01:38.331194,,98.331194434,VR2AR-69,549924,2
TEMP,2026-08-25 18:00:00,2026-08-25 18:01:38.369175,,98.369175808,VR2AR-69,549924,15.207,
DEPTH,2026-08-25 18:00:00,2026-08-25 18:01:38.369175,,98.369175808,VR2AR-69,549924,13
ATTITUDE,2026-08-25 18:00:00,2026-08-25 18:01:38.369175,,98.369175808,VR2AR-69,549924,1
TEMP,2026-08-25 19:00:00,2026-08-25 19:01:38.407157,,98.407157184,VR2AR-69,549924,15.314,
DEPTH,2026-08-25 19:00:00,2026-08-25 19:01:38.407157,,98.407157184,VR2AR-69,549924,13
ATTITUDE,2026-08-25 19:00:00,2026-08-25 19:01:38.407157,,98.407157184,VR2AR-69,549924,0
TEMP,2026-08-25 20:00:00,2026-08-25 20:01:38.445138,,98.445138558,VR2AR-69,549924,15.421,
DEPTH,2026-08-25 20:00:00,2026-08-25 20:01:38.445138,,98.445138558,VR2AR-69,549924,13
ATTITUDE,2026-08-25 20:00:00,2026-08-25 20:01:38.445138,,98.445138558,VR2AR-69,549924,1
TEMP,2026-08-25 21:00:00,2026-08-25 21:01:38.483119,,98.483119932,VR2AR-69,549924,15.421,
DEPTH,2026-08-25 21:00:00,2026-08-25 21:01:38.483119,,98.483119932,VR2AR-69,549924,13
ATTITUDE,2026-08-25 21:00:00,2026-08-25 21:01:38.483119,,98.483119932,VR2AR-69,549924,1
TEMP,2026-08-25 22:00:00,2026-08-25 22:01:38.521101,,98.521101307,VR2AR-69,549924,15.442,
DEPTH,2026-08-25 22:00:00,2026-08-25 22:01:38.521101,,98.521101307,VR2AR-69,549924,13
ATTITUDE,2026-08-25 22:00:00,2026-08-25 22:01:38.521101,,98.521101307,VR2AR-69,549924,0
TEMP,2026-08-25 23:00:00,2026-08-25 23:01:38.559082,,98.559082683,VR2AR-69,549924,15.357,
DEPTH,2026-08-25 23:00:00,2026-08-25 23:01:38.559082,,98.559082683,VR2AR-69,549924,14
ATTITUDE,2026-08-25 23:00:00,2026-08-25 23:01:38.559082,,98.559082683,VR2AR-69,549924,1
TEMP,2026-08-26 00:00:00,2026-08-26 00:01:38.597064,,98.597064057,VR2AR-69,549924,15.122,
DEPTH,2026-08-26 00:00:00,2026-08-26 00:01:38.597064,,98.597064057,VR2AR-69,549924,15
ATTITUDE,2026-08-26 00:00:00,2026-08-26 00:01:38.597064,,98.597064057,VR2AR-69,549924,1
TEMP,2026-08-26 01:00:00,2026-08-26 01:01:38.635045,,98.635045431,VR2AR-69,549924,15.122,
DEPTH,2026-08-26 01:00:00,2026-08-26 01:01:38.635045,,98.635045431,VR2AR-69,549924,15
ATTITUDE,2026-08-26 01:00:00,2026-08-26 01:01:38.635045,,98.635045431,VR2AR-69,549924,0
TEMP,2026-08-26 02:00:00,2026-08-26 02:01:38.673026,,98.673026807,VR2AR-69,549924,15.207,
DEPTH,2026-08-26 02:00:00,2026-08-26 02:01:38.673026,,98.673026807,VR2AR-69,549924,15
ATTITUDE,2026-08-26 02:00:00,2026-08-26 02:01:38.673026,,98.673026807,VR2AR-69,549924,0
TEMP,2026-08-26 03:00:00,2026-08-26 03:01:38.711008,,98.711008181,VR2AR-69,549924,15.378,
DEPTH,2026-08-26 03:00:00,2026-08-26 03:01:38.711008,,98.711008181,VR2AR-69,549924,15
ATTITUDE,2026-08-26 03:00:00,2026-08-26 03:01:38.711008,,98.711008181,VR2AR-69,549924,1
TEMP,2026-08-26 04:00:00,2026-08-26 04:01:38.748989,,98.748989555,VR2AR-69,549924,15.186,
DEPTH,2026-08-26 04:00:00,2026-08-26 04:01:38.748989,,98.748989555,VR2AR-69,549924,15
ATTITUDE,2026-08-26 04:00:00,2026-08-26 04:01:38.748989,,98.748989555,VR2AR-69,549924,2
TEMP,2026-08-26 05:00:00,2026-08-26 05:01:38.78697,,98.786970932,VR2AR-69,549924,15.228,
DEPTH,2026-08-26 05:00:00,2026-08-26 05:01:38.78697,,98.786970932,VR2AR-69,549924,14
ATTITUDE,2026-08-26 05:00:00,2026-08-26 05:01:38.78697,,98.786970932,VR2AR-69,549924,1
TEMP,2026-08-26 06:00:00,2026-08-26 06:01:38.824952,,98.824952306,VR2AR-69,549924,15.292,
DEPTH,2026-08-26 06:00:00,2026-08-26 06:01:38.824952,,98.824952306,VR2AR-69,549924,13
ATTITUDE,2026-08-26 06:00:00,2026-08-26 06:01:38.824952,,98.824952306,VR2AR-69,549924,1
TEMP,2026-08-26 07:00:00,2026-08-26 07:01:38.862933,,98.862933680,VR2AR-69,549924,15.335,
DEPTH,2026-08-26 07:00:00,2026-08-26 07:01:38.862933,,98.862933680,VR2AR-69,549924,13
ATTITUDE,2026-08-26 07:00:00,2026-08-26 07:01:38.862933,,98.862933680,VR2AR-69,549924,1
TEMP,2026-08-26 08:00:00,2026-08-26 08:01:38.900915,,98.900915056,VR2AR-69,549924,15.549,
DEPTH,2026-08-26 08:00:00,2026-08-26 08:01:38.900915,,98.900915056,VR2AR-69,549924,13
ATTITUDE,2026-08-26 08:00:00,2026-08-26 08:01:38.900915,,98.900915056,VR2AR-69,549924,1
TEMP,2026-08-26 09:00:00,2026-08-26 09:01:38.938896,,98.938896430,VR2AR-69,549924,15.613,
DEPTH,2026-08-26 09:00:00,2026-08-26 09:01:38.938896,,98.938896430,VR2AR-69,549924,13
ATTITUDE,2026-08-26 09:00:00,2026-08-26 09:01:38.938896,,98.938896430,VR2AR-69,549924,1
TEMP,2026-08-26 10:00:00,2026-08-26 10:01:38.976877,,98.976877804,VR2AR-69,549924,15.571,
DEPTH,2026-08-26 10:00:00,2026-08-26 10:01:38.976877,,98.976877804,VR2AR-69,549924,13
ATTITUDE,2026-08-26 10:00:00,2026-08-26 10:01:38.976877,,98.976877804,VR2AR-69,549924,1
TEMP,2026-08-26 11:00:00,2026-08-26 11:01:39.014859,,99.014859180,VR2AR-69,549924,15.464,
DEPTH,2026-08-26 11:00:00,2026-08-26 11:01:39.014859,,99.014859180,VR2AR-69,549924,13
ATTITUDE,2026-08-26 11:00:00,2026-08-26 11:01:39.014859,,99.014859180,VR2AR-69,549924,0
TEMP,2026-08-26 12:00:00,2026-08-26 12:01:39.05284,,99.052840555,VR2AR-69,549924,15.037,
DEPTH,2026-08-26 12:00:00,2026-08-26 12:01:39.05284,,99.052840555,VR2AR-69,549924,14
ATTITUDE,2026-08-26 12:00:00,2026-08-26 12:01:39.05284,,99.052840555,VR2AR-69,549924,1
TEMP,2026-08-26 13:00:00,2026-08-26 13:01:39.090821,,99.090821929,VR2AR-69,549924,14.337,
DEPTH,2026-08-26 13:00:00,2026-08-26 13:01:39.090821,,99.090821929,VR2AR-69,549924,15
ATTITUDE,2026-08-26 13:00:00,2026-08-26 13:01:39.090821,,99.090821929,VR2AR-69,549924,1
TEMP,2026-08-26 14:00:00,2026-08-26 14:01:39.128803,,99.128803303,VR2AR-69,549924,17.524,
DEPTH,2026-08-26 14:00:00,2026-08-26 14:01:39.128803,,99.128803303,VR2AR-69,549924,0
ATTITUDE,2026-08-26 14:00:00,2026-08-26 14:01:39.128803,,99.128803303,VR2AR-69,549924,87
TEMP,2026-08-26 15:00:00,2026-08-26 15:01:39.166784,,99.166784679,VR2AR-69,549924,20.908,
DEPTH,2026-08-26 15:00:00,2026-08-26 15:01:39.166784,,99.166784679,VR2AR-69,549924,0
ATTITUDE,2026-08-26 15:00:00,2026-08-26 15:01:39.166784,,99.166784679,VR2AR-69,549924,87
TEMP,2026-08-26 16:00:00,2026-08-26 16:01:39.204766,,99.204766053,VR2AR-69,549924,22.89,
DEPTH,2026-08-26 16:00:00,2026-08-26 16:01:39.204766,,99.204766053,VR2AR-69,549924,0
ATTITUDE,2026-08-26 16:00:00,2026-08-26 16:01:39.204766,,99.204766053,VR2AR-69,549924,87
TEMP,2026-08-26 17:00:00,2026-08-26 17:01:39.242747,,99.242747427,VR2AR-69,549924,23.713,
DEPTH,2026-08-26 17:00:00,2026-08-26 17:01:39.242747,,99.242747427,VR2AR-69,549924,0
ATTITUDE,2026-08-26 17:00:00,2026-08-26 17:01:39.242747,,99.242747427,VR2AR-69,549924,87
TEMP,2026-08-26 18:00:00,2026-08-26 18:01:39.280728,,99.280728803,VR2AR-69,549924,24.056,
DEPTH,2026-08-26 18:00:00,2026-08-26 18:01:39.280728,,99.280728803,VR2AR-69,549924,0
ATTITUDE,2026-08-26 18:00:00,2026-08-26 18:01:39.280728,,99.280728803,VR2AR-69,549924,87
TEMP,2026-08-26 19:00:00,2026-08-26 19:01:39.31871,,99.318710178,VR2AR-69,549924,22.483,
DEPTH,2026-08-26 19:00:00,2026-08-26 19:01:39.31871,,99.318710178,VR2AR-69,549924,0
ATTITUDE,2026-08-26 19:00:00,2026-08-26 19:01:39.31871,,99.318710178,VR2AR-69,549924,87
TEMP,2026-08-26 20:00:00,2026-08-26 20:01:39.356691,,99.356691552,VR2AR-69,549924,22.245,
DEPTH,2026-08-26 20:00:00,2026-08-26 20:01:39.356691,,99.356691552,VR2AR-69,549924,0
ATTITUDE,2026-08-26 20:00:00,2026-08-26 20:01:39.356691,,99.356691552,VR2AR-69,549924,87
TEMP,2026-08-26 21:00:00,2026-08-26 21:01:39.394672,,99.394672928,VR2AR-69,549924,20.861,
DEPTH,2026-08-26 21:00:00,2026-08-26 21:01:39.394672,,99.394672928,VR2AR-69,549924,0
ATTITUDE,2026-08-26 21:00:00,2026-08-26 21:01:39.394672,,99.394672928,VR2AR-69,549924,87
TEMP,2026-08-26 22:00:00,2026-08-26 22:01:39.432654,,99.432654302,VR2AR-69,549924,19.737,
DEPTH,2026-08-26 22:00:00,2026-08-26 22:01:39.432654,,99.432654302,VR2AR-69,549924,0
ATTITUDE,2026-08-26 22:00:00,2026-08-26 22:01:39.432654,,99.432654302,VR2AR-69,549924,87
TEMP,2026-08-26 23:00:00,2026-08-26 23:01:39.470635,,99.470635676,VR2AR-69,549924,19.171,
DEPTH,2026-08-26 23:00:00,2026-08-26 23:01:39.470635,,99.470635676,VR2AR-69,549924,0
ATTITUDE,2026-08-26 23:00:00,2026-08-26 23:01:39.470635,,99.470635676,VR2AR-69,549924,87
TEMP,2026-08-27 00:00:00,2026-08-27 00:01:39.508617,,99.508617052,VR2AR-69,549924,18.521,
DEPTH,2026-08-27 00:00:00,2026-08-27 00:01:39.508617,,99.508617052,VR2AR-69,549924,0
ATTITUDE,2026-08-27 00:00:00,2026-08-27 00:01:39.508617,,99.508617052,VR2AR-69,549924,87
TEMP,2026-08-27 01:00:00,2026-08-27 01:01:39.546598,,99.546598426,VR2AR-69,549924,17.987,
DEPTH,2026-08-27 01:00:00,2026-08-27 01:01:39.546598,,99.546598426,VR2AR-69,549924,0
ATTITUDE,2026-08-27 01:00:00,2026-08-27 01:01:39.546598,,99.546598426,VR2AR-69,549924,87
TEMP,2026-08-27 02:00:00,2026-08-27 02:01:39.584579,,99.584579801,VR2AR-69,549924,17.744,
DEPTH,2026-08-27 02:00:00,2026-08-27 02:01:39.584579,,99.584579801,VR2AR-69,549924,0
ATTITUDE,2026-08-27 02:00:00,2026-08-27 02:01:39.584579,,99.584579801,VR2AR-69,549924,87
TEMP,2026-08-27 03:00:00,2026-08-27 03:01:39.622561,,99.622561175,VR2AR-69,549924,17.546,
DEPTH,2026-08-27 03:00:00,2026-08-27 03:01:39.622561,,99.622561175,VR2AR-69,549924,0
ATTITUDE,2026-08-27 03:00:00,2026-08-27 03:01:39.622561,,99.622561175,VR2AR-69,549924,87
TEMP,2026-08-27 04:00:00,2026-08-27 04:01:39.660542,,99.660542551,VR2AR-69,549924,17.392,
DEPTH,2026-08-27 04:00:00,2026-08-27 04:01:39.660542,,99.660542551,VR2AR-69,549924,0
ATTITUDE,2026-08-27 04:00:00,2026-08-27 04:01:39.660542,,99.660542551,VR2AR-69,549924,87
TEMP,2026-08-27 05:00:00,2026-08-27 05:01:39.698523,,99.698523925,VR2AR-69,549924,17.195,
DEPTH,2026-08-27 05:00:00,2026-08-27 05:01:39.698523,,99.698523925,VR2AR-69,549924,0
ATTITUDE,2026-08-27 05:00:00,2026-08-27 05:01:39.698523,,99.698523925,VR2AR-69,549924,87
TEMP,2026-08-27 06:00:00,2026-08-27 06:01:39.736505,,99.736505299,VR2AR-69,549924,16.998,
DEPTH,2026-08-27 06:00:00,2026-08-27 06:01:39.736505,,99.736505299,VR2AR-69,549924,0
ATTITUDE,2026-08-27 06:00:00,2026-08-27 06:01:39.736505,,99.736505299,VR2AR-69,549924,87
TEMP,2026-08-27 07:00:00,2026-08-27 07:01:39.774486,,99.774486675,VR2AR-69,549924,16.911,
DEPTH,2026-08-27 07:00:00,2026-08-27 07:01:39.774486,,99.774486675,VR2AR-69,549924,0
ATTITUDE,2026-08-27 07:00:00,2026-08-27 07:01:39.774486,,99.774486675,VR2AR-69,549924,87
TEMP,2026-08-27 08:00:00,2026-08-27 08:01:39.812468,,99.812468050,VR2AR-69,549924,16.845,
DEPTH,2026-08-27 08:00:00,2026-08-27 08:01:39.812468,,99.812468050,VR2AR-69,549924,0
ATTITUDE,2026-08-27 08:00:00,2026-08-27 08:01:39.812468,,99.812468050,VR2AR-69,549924,87
TEMP,2026-08-27 09:00:00,2026-08-27 09:01:39.850449,,99.850449424,VR2AR-69,549924,16.889,
DEPTH,2026-08-27 09:00:00,2026-08-27 09:01:39.850449,,99.850449424,VR2AR-69,549924,0
ATTITUDE,2026-08-27 09:00:00,2026-08-27 09:01:39.850449,,99.850449424,VR2AR-69,549924,87
TEMP,2026-08-27 10:00:00,2026-08-27 10:01:39.88843,,99.888430800,VR2AR-69,549924,16.606,
DEPTH,2026-08-27 10:00:00,2026-08-27 10:01:39.88843,,99.888430800,VR2AR-69,549924,0
ATTITUDE,2026-08-27 10:00:00,2026-08-27 10:01:39.88843,,99.888430800,VR2AR-69,549924,87
TEMP,2026-08-27 11:00:00,2026-08-27 11:01:39.926412,,99.926412174,VR2AR-69,549924,17.436,
DEPTH,2026-08-27 11:00:00,2026-08-27 11:01:39.926412,,99.926412174,VR2AR-69,549924,0
ATTITUDE,2026-08-27 11:00:00,2026-08-27 11:01:39.926412,,99.926412174,VR2AR-69,549924,87
TEMP,2026-08-27 12:00:00,2026-08-27 12:01:39.964393,,99.964393548,VR2AR-69,549924,18.365,
DEPTH,2026-08-27 12:00:00,2026-08-27 12:01:39.964393,,99.964393548,VR2AR-69,549924,0
ATTITUDE,2026-08-27 12:00:00,2026-08-27 12:01:39.964393,,99.964393548,VR2AR-69,549924,87
TEMP,2026-08-27 13:00:00,2026-08-27 13:01:40.002374,,100.002374924,VR2AR-69,549924,19.6,
DEPTH,2026-08-27 13:00:00,2026-08-27 13:01:40.002374,,100.002374924,VR2AR-69,549924,0
ATTITUDE,2026-08-27 13:00:00,2026-08-27 13:01:40.002374,,100.002374924,VR2AR-69,549924,87
TEMP,2026-08-27 14:00:00,2026-08-27 14:01:40.040356,,100.040356298,VR2AR-69,549924,21.373,
DEPTH,2026-08-27 14:00:00,2026-08-27 14:01:40.040356,,100.040356298,VR2AR-69,549924,0
ATTITUDE,2026-08-27 14:00:00,2026-08-27 14:01:40.040356,,100.040356298,VR2AR-69,549924,87
TEMP,2026-08-27 15:00:00,2026-08-27 15:01:40.078337,,100.078337673,VR2AR-69,549924,19.896,
DEPTH,2026-08-27 15:00:00,2026-08-27 15:01:40.078337,,100.078337673,VR2AR-69,549924,0
ATTITUDE,2026-08-27 15:00:00,2026-08-27 15:01:40.078337,,100.078337673,VR2AR-69,549924,87
TEMP,2026-08-27 16:00:00,2026-08-27 16:01:40.116319,,100.116319049,VR2AR-69,549924,19.691,
DEPTH,2026-08-27 16:00:00,2026-08-27 16:01:40.116319,,100.116319049,VR2AR-69,549924,0
ATTITUDE,2026-08-27 16:00:00,2026-08-27 16:01:40.116319,,100.116319049,VR2AR-69,549924,87
TEMP,2026-08-27 17:00:00,2026-08-27 17:01:40.1543,,100.154300423,VR2AR-69,549924,19.464,
DEPTH,2026-08-27 17:00:00,2026-08-27 17:01:40.1543,,100.154300423,VR2AR-69,549924,0
ATTITUDE,2026-08-27 17:00:00,2026-08-27 17:01:40.1543,,100.154300423,VR2AR-69,549924,87
TEMP,2026-08-27 18:00:00,2026-08-27 18:01:40.192281,,100.192281797,VR2AR-69,549924,20.446,
DEPTH,2026-08-27 18:00:00,2026-08-27 18:01:40.192281,,100.192281797,VR2AR-69,549924,0
ATTITUDE,2026-08-27 18:00:00,2026-08-27 18:01:40.192281,,100.192281797,VR2AR-69,549924,84
TEMP,2026-08-27 19:00:00,2026-08-27 19:01:40.230263,,100.230263171,VR2AR-69,549924,24.081,
DEPTH,2026-08-27 19:00:00,2026-08-27 19:01:40.230263,,100.230263171,VR2AR-69,549924,0
ATTITUDE,2026-08-27 19:00:00,2026-08-27 19:01:40.230263,,100.230263171,VR2AR-69,549924,84
TEMP,2026-08-27 20:00:00,2026-08-27 20:01:40.268244,,100.268244547,VR2AR-69,549924,23.616,
DEPTH,2026-08-27 20:00:00,2026-08-27 20:01:40.268244,,100.268244547,VR2AR-69,549924,0
ATTITUDE,2026-08-27 20:00:00,2026-08-27 20:01:40.268244,,100.268244547,VR2AR-69,549924,85
TEMP,2026-08-27 21:00:00,2026-08-27 21:01:40.306225,,100.306225921,VR2AR-69,549924,22.89,
DEPTH,2026-08-27 21:00:00,2026-08-27 21:01:40.306225,,100.306225921,VR2AR-69,549924,0
ATTITUDE,2026-08-27 21:00:00,2026-08-27 21:01:40.306225,,100.306225921,VR2AR-69,549924,85
TEMP,2026-08-27 22:00:00,2026-08-27 22:01:40.344207,,100.344207296,VR2AR-69,549924,22.507,
DEPTH,2026-08-27 22:00:00,2026-08-27 22:01:40.344207,,100.344207296,VR2AR-69,549924,0
ATTITUDE,2026-08-27 22:00:00,2026-08-27 22:01:40.344207,,100.344207296,VR2AR-69,549924,85
TEMP,2026-08-27 23:00:00,2026-08-27 23:01:40.382188,,100.382188672,VR2AR-69,549924,22.388,
DEPTH,2026-08-27 23:00:00,2026-08-27 23:01:40.382188,,100.382188672,VR2AR-69,549924,0
ATTITUDE,2026-08-27 23:00:00,2026-08-27 23:01:40.382188,,100.382188672,VR2AR-69,549924,85
TEMP,2026-08-28 00:00:00,2026-08-28 00:01:40.42017,,100.420170046,VR2AR-69,549924,22.459,
DEPTH,2026-08-28 00:00:00,2026-08-28 00:01:40.42017,,100.420170046,VR2AR-69,549924,0
ATTITUDE,2026-08-28 00:00:00,2026-08-28 00:01:40.42017,,100.420170046,VR2AR-69,549924,85
TEMP,2026-08-28 01:00:00,2026-08-28 01:01:40.458151,,100.458151420,VR2AR-69,549924,22.483,
DEPTH,2026-08-28 01:00:00,2026-08-28 01:01:40.458151,,100.458151420,VR2AR-69,549924,0
ATTITUDE,2026-08-28 01:00:00,2026-08-28 01:01:40.458151,,100.458151420,VR2AR-69,549924,85
TEMP,2026-08-28 02:00:00,2026-08-28 02:01:40.496132,,100.496132796,VR2AR-69,549924,22.459,
DEPTH,2026-08-28 02:00:00,2026-08-28 02:01:40.496132,,100.496132796,VR2AR-69,549924,0
ATTITUDE,2026-08-28 02:00:00,2026-08-28 02:01:40.496132,,100.496132796,VR2AR-69,549924,85
TEMP,2026-08-28 03:00:00,2026-08-28 03:01:40.534114,,100.534114170,VR2AR-69,549924,22.459,
DEPTH,2026-08-28 03:00:00,2026-08-28 03:01:40.534114,,100.534114170,VR2AR-69,549924,0
ATTITUDE,2026-08-28 03:00:00,2026-08-28 03:01:40.534114,,100.534114170,VR2AR-69,549924,85
TEMP,2026-08-28 04:00:00,2026-08-28 04:01:40.572095,,100.572095545,VR2AR-69,549924,22.435,
DEPTH,2026-08-28 04:00:00,2026-08-28 04:01:40.572095,,100.572095545,VR2AR-69,549924,0
ATTITUDE,2026-08-28 04:00:00,2026-08-28 04:01:40.572095,,100.572095545,VR2AR-69,549924,85
TEMP,2026-08-28 05:00:00,2026-08-28 05:01:40.610076,,100.610076921,VR2AR-69,549924,22.435,
DEPTH,2026-08-28 05:00:00,2026-08-28 05:01:40.610076,,100.610076921,VR2AR-69,549924,0
ATTITUDE,2026-08-28 05:00:00,2026-08-28 05:01:40.610076,,100.610076921,VR2AR-69,549924,85
TEMP,2026-08-28 06:00:00,2026-08-28 06:01:40.648058,,100.648058295,VR2AR-69,549924,22.435,
DEPTH,2026-08-28 06:00:00,2026-08-28 06:01:40.648058,,100.648058295,VR2AR-69,549924,0
ATTITUDE,2026-08-28 06:00:00,2026-08-28 06:01:40.648058,,100.648058295,VR2AR-69,549924,86
TEMP,2026-08-28 07:00:00,2026-08-28 07:01:40.686039,,100.686039669,VR2AR-69,549924,22.411,
DEPTH,2026-08-28 07:00:00,2026-08-28 07:01:40.686039,,100.686039669,VR2AR-69,549924,0
ATTITUDE,2026-08-28 07:00:00,2026-08-28 07:01:40.686039,,100.686039669,VR2AR-69,549924,85
TEMP,2026-08-28 08:00:00,2026-08-28 08:01:40.724021,,100.724021045,VR2AR-69,549924,22.411,
DEPTH,2026-08-28 08:00:00,2026-08-28 08:01:40.724021,,100.724021045,VR2AR-69,549924,0
ATTITUDE,2026-08-28 08:00:00,2026-08-28 08:01:40.724021,,100.724021045,VR2AR-69,549924,86
TEMP,2026-08-28 09:00:00,2026-08-28 09:01:40.762002,,100.762002419,VR2AR-69,549924,22.411,
DEPTH,2026-08-28 09:00:00,2026-08-28 09:01:40.762002,,100.762002419,VR2AR-69,549924,0
ATTITUDE,2026-08-28 09:00:00,2026-08-28 09:01:40.762002,,100.762002419,VR2AR-69,549924,85
TEMP,2026-08-28 10:00:00,2026-08-28 10:01:40.799983,,100.799983793,VR2AR-69,549924,22.411,
DEPTH,2026-08-28 10:00:00,2026-08-28 10:01:40.799983,,100.799983793,VR2AR-69,549924,0
ATTITUDE,2026-08-28 10:00:00,2026-08-28 10:01:40.799983,,100.799983793,VR2AR-69,549924,85
TEMP,2026-08-28 11:00:00,2026-08-28 11:01:40.837965,,100.837965168,VR2AR-69,549924,22.435,
DEPTH,2026-08-28 11:00:00,2026-08-28 11:01:40.837965,,100.837965168,VR2AR-69,549924,0
ATTITUDE,2026-08-28 11:00:00,2026-08-28 11:01:40.837965,,100.837965168,VR2AR-69,549924,85
TEMP,2026-08-28 12:00:00,2026-08-28 12:01:40.875946,,100.875946544,VR2AR-69,549924,22.126,
DEPTH,2026-08-28 12:00:00,2026-08-28 12:01:40.875946,,100.875946544,VR2AR-69,549924,0
ATTITUDE,2026-08-28 12:00:00,2026-08-28 12:01:40.875946,,100.875946544,VR2AR-69,549924,85
TEMP,2026-08-28 13:00:00,2026-08-28 13:01:40.913927,,100.913927918,VR2AR-69,549924,22.032,
DEPTH,2026-08-28 13:00:00,2026-08-28 13:01:40.913927,,100.913927918,VR2AR-69,549924,0
ATTITUDE,2026-08-28 13:00:00,2026-08-28 13:01:40.913927,,100.913927918,VR2AR-69,549924,85
TEMP,2026-08-28 14:00:00,2026-08-28 14:01:40.951909,,100.951909292,VR2AR-69,549924,21.725,
DEPTH,2026-08-28 14:00:00,2026-08-28 14:01:40.951909,,100.951909292,VR2AR-69,549924,0
ATTITUDE,2026-08-28 14:00:00,2026-08-28 14:01:40.951909,,100.951909292,VR2AR-69,549924,85
TEMP,2026-08-28 15:00:00,2026-08-28 15:01:40.98989,,100.989890668,VR2AR-69,549924,21.937,
DEPTH,2026-08-28 15:00:00,2026-08-28 15:01:40.98989,,100.989890668,VR2AR-69,549924,0
ATTITUDE,2026-08-28 15:00:00,2026-08-28 15:01:40.98989,,100.989890668,VR2AR-69,549924,86
TEMP,2026-08-28 16:00:00,2026-08-28 16:01:41.027872,,101.027872042,VR2AR-69,549924,22.221,
DEPTH,2026-08-28 16:00:00,2026-08-28 16:01:41.027872,,101.027872042,VR2AR-69,549924,0
ATTITUDE,2026-08-28 16:00:00,2026-08-28 16:01:41.027872,,101.027872042,VR2AR-69,549924,85
TEMP,2026-08-28 17:00:00,2026-08-28 17:01:41.065853,,101.065853416,VR2AR-69,549924,22.411,
DEPTH,2026-08-28 17:00:00,2026-08-28 17:01:41.065853,,101.065853416,VR2AR-69,549924,0
ATTITUDE,2026-08-28 17:00:00,2026-08-28 17:01:41.065853,,101.065853416,VR2AR-69,549924,85
TEMP,2026-08-28 18:00:00,2026-08-28 18:01:41.103834,,101.103834792,VR2AR-69,549924,22.411,
DEPTH,2026-08-28 18:00:00,2026-08-28 18:01:41.103834,,101.103834792,VR2AR-69,549924,0
ATTITUDE,2026-08-28 18:00:00,2026-08-28 18:01:41.103834,,101.103834792,VR2AR-69,549924,85
TEMP,2026-08-28 19:00:00,2026-08-28 19:01:41.141816,,101.141816167,VR2AR-69,549924,22.126,
DEPTH,2026-08-28 19:00:00,2026-08-28 19:01:41.141816,,101.141816167,VR2AR-69,549924,0
ATTITUDE,2026-08-28 19:00:00,2026-08-28 19:01:41.141816,,101.141816167,VR2AR-69,549924,85
TEMP,2026-08-28 20:00:00,2026-08-28 20:01:41.179797,,101.179797541,VR2AR-69,549924,22.197,
DEPTH,2026-08-28 20:00:00,2026-08-28 20:01:41.179797,,101.179797541,VR2AR-69,549924,0
ATTITUDE,2026-08-28 20:00:00,2026-08-28 20:01:41.179797,,101.179797541,VR2AR-69,549924,85
TEMP,2026-08-28 21:00:00,2026-08-28 21:01:41.217778,,101.217778917,VR2AR-69,549924,22.364,
DEPTH,2026-08-28 21:00:00,2026-08-28 21:01:41.217778,,101.217778917,VR2AR-69,549924,0
ATTITUDE,2026-08-28 21:00:00,2026-08-28 21:01:41.217778,,101.217778917,VR2AR-69,549924,85
TEMP,2026-08-28 22:00:00,2026-08-28 22:01:41.25576,,101.255760291,VR2AR-69,549924,22.459,
DEPTH,2026-08-28 22:00:00,2026-08-28 22:01:41.25576,,101.255760291,VR2AR-69,549924,0
ATTITUDE,2026-08-28 22:00:00,2026-08-28 22:01:41.25576,,101.255760291,VR2AR-69,549924,85
TEMP,2026-08-28 23:00:00,2026-08-28 23:01:41.293741,,101.293741665,VR2AR-69,549924,22.722,
DEPTH,2026-08-28 23:00:00,2026-08-28 23:01:41.293741,,101.293741665,VR2AR-69,549924,0
ATTITUDE,2026-08-28 23:00:00,2026-08-28 23:01:41.293741,,101.293741665,VR2AR-69,549924,85
TEMP,2026-08-29 00:00:00,2026-08-29 00:01:41.331723,,101.331723041,VR2AR-69,549924,22.866,
DEPTH,2026-08-29 00:00:00,2026-08-29 00:01:41.331723,,101.331723041,VR2AR-69,549924,0
ATTITUDE,2026-08-29 00:00:00,2026-08-29 00:01:41.331723,,101.331723041,VR2AR-69,549924,85
TEMP,2026-08-29 01:00:00,2026-08-29 01:01:41.369704,,101.369704416,VR2AR-69,549924,22.962,
DEPTH,2026-08-29 01:00:00,2026-08-29 01:01:41.369704,,101.369704416,VR2AR-69,549924,0
ATTITUDE,2026-08-29 01:00:00,2026-08-29 01:01:41.369704,,101.369704416,VR2AR-69,549924,85
TEMP,2026-08-29 02:00:00,2026-08-29 02:01:41.407685,,101.407685790,VR2AR-69,549924,23.01,
DEPTH,2026-08-29 02:00:00,2026-08-29 02:01:41.407685,,101.407685790,VR2AR-69,549924,0
ATTITUDE,2026-08-29 02:00:00,2026-08-29 02:01:41.407685,,101.407685790,VR2AR-69,549924,85
TEMP,2026-08-29 03:00:00,2026-08-29 03:01:41.445667,,101.445667164,VR2AR-69,549924,23.034,
DEPTH,2026-08-29 03:00:00,2026-08-29 03:01:41.445667,,101.445667164,VR2AR-69,549924,0
ATTITUDE,2026-08-29 03:00:00,2026-08-29 03:01:41.445667,,101.445667164,VR2AR-69,549924,85
TEMP,2026-08-29 04:00:00,2026-08-29 04:01:41.483648,,101.483648540,VR2AR-69,549924,23.083,
DEPTH,2026-08-29 04:00:00,2026-08-29 04:01:41.483648,,101.483648540,VR2AR-69,549924,0
ATTITUDE,2026-08-29 04:00:00,2026-08-29 04:01:41.483648,,101.483648540,VR2AR-69,549924,85
TEMP,2026-08-29 05:00:00,2026-08-29 05:01:41.521629,,101.521629914,VR2AR-69,549924,23.083,
DEPTH,2026-08-29 05:00:00,2026-08-29 05:01:41.521629,,101.521629914,VR2AR-69,549924,0
ATTITUDE,2026-08-29 05:00:00,2026-08-29 05:01:41.521629,,101.521629914,VR2AR-69,549924,85
TEMP,2026-08-29 06:00:00,2026-08-29 06:01:41.559611,,101.559611288,VR2AR-69,549924,23.058,
DEPTH,2026-08-29 06:00:00,2026-08-29 06:01:41.559611,,101.559611288,VR2AR-69,549924,0
ATTITUDE,2026-08-29 06:00:00,2026-08-29 06:01:41.559611,,101.559611288,VR2AR-69,549924,85
TEMP,2026-08-29 07:00:00,2026-08-29 07:01:41.597592,,101.597592664,VR2AR-69,549924,23.034,
DEPTH,2026-08-29 07:00:00,2026-08-29 07:01:41.597592,,101.597592664,VR2AR-69,549924,0
ATTITUDE,2026-08-29 07:00:00,2026-08-29 07:01:41.597592,,101.597592664,VR2AR-69,549924,85
TEMP,2026-08-29 08:00:00,2026-08-29 08:01:41.635574,,101.635574039,VR2AR-69,549924,23.01,
DEPTH,2026-08-29 08:00:00,2026-08-29 08:01:41.635574,,101.635574039,VR2AR-69,549924,0
ATTITUDE,2026-08-29 08:00:00,2026-08-29 08:01:41.635574,,101.635574039,VR2AR-69,549924,85
TEMP,2026-08-29 09:00:00,2026-08-29 09:01:41.673555,,101.673555413,VR2AR-69,549924,23.034,
DEPTH,2026-08-29 09:00:00,2026-08-29 09:01:41.673555,,101.673555413,VR2AR-69,549924,0
ATTITUDE,2026-08-29 09:00:00,2026-08-29 09:01:41.673555,,101.673555413,VR2AR-69,549924,85
TEMP,2026-08-29 10:00:00,2026-08-29 10:01:41.711536,,101.711536789,VR2AR-69,549924,23.034,
DEPTH,2026-08-29 10:00:00,2026-08-29 10:01:41.711536,,101.711536789,VR2AR-69,549924,0
ATTITUDE,2026-08-29 10:00:00,2026-08-29 10:01:41.711536,,101.711536789,VR2AR-69,549924,85
TEMP,2026-08-29 11:00:00,2026-08-29 11:01:41.749518,,101.749518163,VR2AR-69,549924,23.107,
DEPTH,2026-08-29 11:00:00,2026-08-29 11:01:41.749518,,101.749518163,VR2AR-69,549924,0
ATTITUDE,2026-08-29 11:00:00,2026-08-29 11:01:41.749518,,101.749518163,VR2AR-69,549924,85
TEMP,2026-08-29 12:00:00,2026-08-29 12:01:41.787499,,101.787499537,VR2AR-69,549924,23.616,
DEPTH,2026-08-29 12:00:00,2026-08-29 12:01:41.787499,,101.787499537,VR2AR-69,549924,0
ATTITUDE,2026-08-29 12:00:00,2026-08-29 12:01:41.787499,,101.787499537,VR2AR-69,549924,85
TEMP,2026-08-29 13:00:00,2026-08-29 13:01:41.82548,,101.825480913,VR2AR-69,549924,21.467,
DEPTH,2026-08-29 13:00:00,2026-08-29 13:01:41.82548,,101.825480913,VR2AR-69,549924,0
ATTITUDE,2026-08-29 13:00:00,2026-08-29 13:01:41.82548,,101.825480913,VR2AR-69,549924,81
TEMP,2026-08-29 14:00:00,2026-08-29 14:01:41.863462,,101.863462287,VR2AR-69,549924,21.047,
DEPTH,2026-08-29 14:00:00,2026-08-29 14:01:41.863462,,101.863462287,VR2AR-69,549924,0
ATTITUDE,2026-08-29 14:00:00,2026-08-29 14:01:41.863462,,101.863462287,VR2AR-69,549924,85
TEMP,2026-08-29 15:00:00,2026-08-29 15:01:41.901443,,101.901443662,VR2AR-69,549924,19.669,
DEPTH,2026-08-29 15:00:00,2026-08-29 15:01:41.901443,,101.901443662,VR2AR-69,549924,0
ATTITUDE,2026-08-29 15:00:00,2026-08-29 15:01:41.901443,,101.901443662,VR2AR-69,549924,87
TEMP,2026-08-29 16:00:00,2026-08-29 16:01:41.939425,,101.939425036,VR2AR-69,549924,19.464,
DEPTH,2026-08-29 16:00:00,2026-08-29 16:01:41.939425,,101.939425036,VR2AR-69,549924,0
ATTITUDE,2026-08-29 16:00:00,2026-08-29 16:01:41.939425,,101.939425036,VR2AR-69,549924,85
TEMP,2026-08-29 17:00:00,2026-08-29 17:01:41.977406,,101.977406412,VR2AR-69,549924,22.411,
DEPTH,2026-08-29 17:00:00,2026-08-29 17:01:41.977406,,101.977406412,VR2AR-69,549924,0
ATTITUDE,2026-08-29 17:00:00,2026-08-29 17:01:41.977406,,101.977406412,VR2AR-69,549924,80
TEMP,2026-08-29 18:00:00,2026-08-29 18:01:42.015387,,102.015387786,VR2AR-69,549924,23.591,
DEPTH,2026-08-29 18:00:00,2026-08-29 18:01:42.015387,,102.015387786,VR2AR-69,549924,0
ATTITUDE,2026-08-29 18:00:00,2026-08-29 18:01:42.015387,,102.015387786,VR2AR-69,549924,85
TEMP,2026-08-29 19:00:00,2026-08-29 19:01:42.053369,,102.053369160,VR2AR-69,549924,24.426,
DEPTH,2026-08-29 19:00:00,2026-08-29 19:01:42.053369,,102.053369160,VR2AR-69,549924,0
ATTITUDE,2026-08-29 19:00:00,2026-08-29 19:01:42.053369,,102.053369160,VR2AR-69,549924,84
TEMP,2026-08-29 20:00:00,2026-08-29 20:01:42.09135,,102.091350536,VR2AR-69,549924,22.938,
DEPTH,2026-08-29 20:00:00,2026-08-29 20:01:42.09135,,102.091350536,VR2AR-69,549924,0
ATTITUDE,2026-08-29 20:00:00,2026-08-29 20:01:42.09135,,102.091350536,VR2AR-69,549924,84
TEMP,2026-08-29 21:00:00,2026-08-29 21:01:42.129331,,102.129331910,VR2AR-69,549924,22.34,
DEPTH,2026-08-29 21:00:00,2026-08-29 21:01:42.129331,,102.129331910,VR2AR-69,549924,0
ATTITUDE,2026-08-29 21:00:00,2026-08-29 21:01:42.129331,,102.129331910,VR2AR-69,549924,84
TEMP,2026-08-29 22:00:00,2026-08-29 22:01:42.167313,,102.167313285,VR2AR-69,549924,22.103,
DEPTH,2026-08-29 22:00:00,2026-08-29 22:01:42.167313,,102.167313285,VR2AR-69,549924,0
ATTITUDE,2026-08-29 22:00:00,2026-08-29 22:01:42.167313,,102.167313285,VR2AR-69,549924,84
TEMP,2026-08-29 23:00:00,2026-08-29 23:01:42.205294,,102.205294661,VR2AR-69,549924,21.984,
DEPTH,2026-08-29 23:00:00,2026-08-29 23:01:42.205294,,102.205294661,VR2AR-69,549924,0
ATTITUDE,2026-08-29 23:00:00,2026-08-29 23:01:42.205294,,102.205294661,VR2AR-69,549924,84
TEMP,2026-08-30 00:00:00,2026-08-30 00:01:42.243276,,102.243276035,VR2AR-69,549924,22.008,
DEPTH,2026-08-30 00:00:00,2026-08-30 00:01:42.243276,,102.243276035,VR2AR-69,549924,0
ATTITUDE,2026-08-30 00:00:00,2026-08-30 00:01:42.243276,,102.243276035,VR2AR-69,549924,84
TEMP,2026-08-30 01:00:00,2026-08-30 01:01:42.281257,,102.281257409,VR2AR-69,549924,22.032,
DEPTH,2026-08-30 01:00:00,2026-08-30 01:01:42.281257,,102.281257409,VR2AR-69,549924,0
ATTITUDE,2026-08-30 01:00:00,2026-08-30 01:01:42.281257,,102.281257409,VR2AR-69,549924,84
TEMP,2026-08-30 02:00:00,2026-08-30 02:01:42.319238,,102.319238785,VR2AR-69,549924,22.126,
DEPTH,2026-08-30 02:00:00,2026-08-30 02:01:42.319238,,102.319238785,VR2AR-69,549924,0
ATTITUDE,2026-08-30 02:00:00,2026-08-30 02:01:42.319238,,102.319238785,VR2AR-69,549924,84
TEMP,2026-08-30 03:00:00,2026-08-30 03:01:42.35722,,102.357220159,VR2AR-69,549924,22.221,
DEPTH,2026-08-30 03:00:00,2026-08-30 03:01:42.35722,,102.357220159,VR2AR-69,549924,0
ATTITUDE,2026-08-30 03:00:00,2026-08-30 03:01:42.35722,,102.357220159,VR2AR-69,549924,84
TEMP,2026-08-30 04:00:00,2026-08-30 04:01:42.395201,,102.395201534,VR2AR-69,549924,22.269,
DEPTH,2026-08-30 04:00:00,2026-08-30 04:01:42.395201,,102.395201534,VR2AR-69,549924,0
ATTITUDE,2026-08-30 04:00:00,2026-08-30 04:01:42.395201,,102.395201534,VR2AR-69,549924,84
TEMP,2026-08-30 05:00:00,2026-08-30 05:01:42.433182,,102.433182910,VR2AR-69,549924,22.292,
DEPTH,2026-08-30 05:00:00,2026-08-30 05:01:42.433182,,102.433182910,VR2AR-69,549924,0
ATTITUDE,2026-08-30 05:00:00,2026-08-30 05:01:42.433182,,102.433182910,VR2AR-69,549924,84
TEMP,2026-08-30 06:00:00,2026-08-30 06:01:42.471164,,102.471164284,VR2AR-69,549924,22.292,
DEPTH,2026-08-30 06:00:00,2026-08-30 06:01:42.471164,,102.471164284,VR2AR-69,549924,0
ATTITUDE,2026-08-30 06:00:00,2026-08-30 06:01:42.471164,,102.471164284,VR2AR-69,549924,84
TEMP,2026-08-30 07:00:00,2026-08-30 07:01:42.509145,,102.509145658,VR2AR-69,549924,22.316,
DEPTH,2026-08-30 07:00:00,2026-08-30 07:01:42.509145,,102.509145658,VR2AR-69,549924,0
ATTITUDE,2026-08-30 07:00:00,2026-08-30 07:01:42.509145,,102.509145658,VR2AR-69,549924,84
TEMP,2026-08-30 08:00:00,2026-08-30 08:01:42.547127,,102.547127032,VR2AR-69,549924,22.316,
DEPTH,2026-08-30 08:00:00,2026-08-30 08:01:42.547127,,102.547127032,VR2AR-69,549924,0
ATTITUDE,2026-08-30 08:00:00,2026-08-30 08:01:42.547127,,102.547127032,VR2AR-69,549924,84
TEMP,2026-08-30 09:00:00,2026-08-30 09:01:42.585108,,102.585108408,VR2AR-69,549924,22.364,
DEPTH,2026-08-30 09:00:00,2026-08-30 09:01:42.585108,,102.585108408,VR2AR-69,549924,0
ATTITUDE,2026-08-30 09:00:00,2026-08-30 09:01:42.585108,,102.585108408,VR2AR-69,549924,84
TEMP,2026-08-30 10:00:00,2026-08-30 10:01:42.623089,,102.623089782,VR2AR-69,549924,22.388,
DEPTH,2026-08-30 10:00:00,2026-08-30 10:01:42.623089,,102.623089782,VR2AR-69,549924,0
ATTITUDE,2026-08-30 10:00:00,2026-08-30 10:01:42.623089,,102.623089782,VR2AR-69,549924,84
TEMP,2026-08-30 11:00:00,2026-08-30 11:01:42.661071,,102.661071157,VR2AR-69,549924,22.435,
DEPTH,2026-08-30 11:00:00,2026-08-30 11:01:42.661071,,102.661071157,VR2AR-69,549924,0
ATTITUDE,2026-08-30 11:00:00,2026-08-30 11:01:42.661071,,102.661071157,VR2AR-69,549924,84
TEMP,2026-08-30 12:00:00,2026-08-30 12:01:42.699052,,102.699052533,VR2AR-69,549924,22.483,
DEPTH,2026-08-30 12:00:00,2026-08-30 12:01:42.699052,,102.699052533,VR2AR-69,549924,0
ATTITUDE,2026-08-30 12:00:00,2026-08-30 12:01:42.699052,,102.699052533,VR2AR-69,549924,84
TEMP,2026-08-30 13:00:00,2026-08-30 13:01:42.737033,,102.737033907,VR2AR-69,549924,22.531,
DEPTH,2026-08-30 13:00:00,2026-08-30 13:01:42.737033,,102.737033907,VR2AR-69,549924,0
ATTITUDE,2026-08-30 13:00:00,2026-08-30 13:01:42.737033,,102.737033907,VR2AR-69,549924,84
TEMP,2026-08-30 14:00:00,2026-08-30 14:01:42.775015,,102.775015281,VR2AR-69,549924,22.555,
DEPTH,2026-08-30 14:00:00,2026-08-30 14:01:42.775015,,102.775015281,VR2AR-69,549924,0
ATTITUDE,2026-08-30 14:00:00,2026-08-30 14:01:42.775015,,102.775015281,VR2AR-69,549924,84
TEMP,2026-08-30 15:00:00,2026-08-30 15:01:42.812996,,102.812996657,VR2AR-69,549924,22.626,
DEPTH,2026-08-30 15:00:00,2026-08-30 15:01:42.812996,,102.812996657,VR2AR-69,549924,0
ATTITUDE,2026-08-30 15:00:00,2026-08-30 15:01:42.812996,,102.812996657,VR2AR-69,549924,84
TEMP,2026-08-30 16:00:00,2026-08-30 16:01:42.850978,,102.850978031,VR2AR-69,549924,22.698,
DEPTH,2026-08-30 16:00:00,2026-08-30 16:01:42.850978,,102.850978031,VR2AR-69,549924,0
ATTITUDE,2026-08-30 16:00:00,2026-08-30 16:01:42.850978,,102.850978031,VR2AR-69,549924,84
TEMP,2026-08-30 17:00:00,2026-08-30 17:01:42.888959,,102.888959405,VR2AR-69,549924,22.77,
DEPTH,2026-08-30 17:00:00,2026-08-30 17:01:42.888959,,102.888959405,VR2AR-69,549924,0
ATTITUDE,2026-08-30 17:00:00,2026-08-30 17:01:42.888959,,102.888959405,VR2AR-69,549924,84
TEMP,2026-08-30 18:00:00,2026-08-30 18:01:42.92694,,102.926940781,VR2AR-69,549924,22.794,
DEPTH,2026-08-30 18:00:00,2026-08-30 18:01:42.92694,,102.926940781,VR2AR-69,549924,0
ATTITUDE,2026-08-30 18:00:00,2026-08-30 18:01:42.92694,,102.926940781,VR2AR-69,549924,84
TEMP,2026-08-30 19:00:00,2026-08-30 19:01:42.964922,,102.964922156,VR2AR-69,549924,22.866,
DEPTH,2026-08-30 19:00:00,2026-08-30 19:01:42.964922,,102.964922156,VR2AR-69,549924,0
ATTITUDE,2026-08-30 19:00:00,2026-08-30 19:01:42.964922,,102.964922156,VR2AR-69,549924,84
TEMP,2026-08-30 20:00:00,2026-08-30 20:01:43.002903,,103.002903530,VR2AR-69,549924,22.938,
DEPTH,2026-08-30 20:00:00,2026-08-30 20:01:43.002903,,103.002903530,VR2AR-69,549924,0
ATTITUDE,2026-08-30 20:00:00,2026-08-30 20:01:43.002903,,103.002903530,VR2AR-69,549924,84
TEMP,2026-08-30 21:00:00,2026-08-30 21:01:43.040884,,103.040884906,VR2AR-69,549924,23.01,
DEPTH,2026-08-30 21:00:00,2026-08-30 21:01:43.040884,,103.040884906,VR2AR-69,549924,0
ATTITUDE,2026-08-30 21:00:00,2026-08-30 21:01:43.040884,,103.040884906,VR2AR-69,549924,84
TEMP,2026-08-30 22:00:00,2026-08-30 22:01:43.078866,,103.078866280,VR2AR-69,549924,23.058,
DEPTH,2026-08-30 22:00:00,2026-08-30 22:01:43.078866,,103.078866280,VR2AR-69,549924,0
ATTITUDE,2026-08-30 22:00:00,2026-08-30 22:01:43.078866,,103.078866280,VR2AR-69,549924,84
TEMP,2026-08-30 23:00:00,2026-08-30 23:01:43.116847,,103.116847654,VR2AR-69,549924,23.107,
DEPTH,2026-08-30 23:00:00,2026-08-30 23:01:43.116847,,103.116847654,VR2AR-69,549924,0
ATTITUDE,2026-08-30 23:00:00,2026-08-30 23:01:43.116847,,103.116847654,VR2AR-69,549924,84
TEMP,2026-08-31 00:00:00,2026-08-31 00:01:43.154829,,103.154829028,VR2AR-69,549924,23.131,
DEPTH,2026-08-31 00:00:00,2026-08-31 00:01:43.154829,,103.154829028,VR2AR-69,549924,0
ATTITUDE,2026-08-31 00:00:00,2026-08-31 00:01:43.154829,,103.154829028,VR2AR-69,549924,84
TEMP,2026-08-31 01:00:00,2026-08-31 01:01:43.19281,,103.192810405,VR2AR-69,549924,23.083,
DEPTH,2026-08-31 01:00:00,2026-08-31 01:01:43.19281,,103.192810405,VR2AR-69,549924,0
ATTITUDE,2026-08-31 01:00:00,2026-08-31 01:01:43.19281,,103.192810405,VR2AR-69,549924,84
TEMP,2026-08-31 02:00:00,2026-08-31 02:01:43.230791,,103.230791779,VR2AR-69,549924,23.034,
DEPTH,2026-08-31 02:00:00,2026-08-31 02:01:43.230791,,103.230791779,VR2AR-69,549924,0
ATTITUDE,2026-08-31 02:00:00,2026-08-31 02:01:43.230791,,103.230791779,VR2AR-69,549924,84
TEMP,2026-08-31 03:00:00,2026-08-31 03:01:43.268773,,103.268773153,VR2AR-69,549924,23.034,
DEPTH,2026-08-31 03:00:00,2026-08-31 03:01:43.268773,,103.268773153,VR2AR-69,549924,0
ATTITUDE,2026-08-31 03:00:00,2026-08-31 03:01:43.268773,,103.268773153,VR2AR-69,549924,84
TEMP,2026-08-31 04:00:00,2026-08-31 04:01:43.306754,,103.306754529,VR2AR-69,549924,22.986,
DEPTH,2026-08-31 04:00:00,2026-08-31 04:01:43.306754,,103.306754529,VR2AR-69,549924,0
ATTITUDE,2026-08-31 04:00:00,2026-08-31 04:01:43.306754,,103.306754529,VR2AR-69,549924,84
TEMP,2026-08-31 05:00:00,2026-08-31 05:01:43.344735,,103.344735903,VR2AR-69,549924,22.938,
DEPTH,2026-08-31 05:00:00,2026-08-31 05:01:43.344735,,103.344735903,VR2AR-69,549924,0
ATTITUDE,2026-08-31 05:00:00,2026-08-31 05:01:43.344735,,103.344735903,VR2AR-69,549924,84
TEMP,2026-08-31 06:00:00,2026-08-31 06:01:43.382717,,103.382717277,VR2AR-69,549924,22.866,
DEPTH,2026-08-31 06:00:00,2026-08-31 06:01:43.382717,,103.382717277,VR2AR-69,549924,0
ATTITUDE,2026-08-31 06:00:00,2026-08-31 06:01:43.382717,,103.382717277,VR2AR-69,549924,84
TEMP,2026-08-31 07:00:00,2026-08-31 07:01:43.420698,,103.420698653,VR2AR-69,549924,22.794,
DEPTH,2026-08-31 07:00:00,2026-08-31 07:01:43.420698,,103.420698653,VR2AR-69,549924,0
ATTITUDE,2026-08-31 07:00:00,2026-08-31 07:01:43.420698,,103.420698653,VR2AR-69,549924,84
TEMP,2026-08-31 08:00:00,2026-08-31 08:01:43.45868,,103.458680028,VR2AR-69,549924,22.722,
DEPTH,2026-08-31 08:00:00,2026-08-31 08:01:43.45868,,103.458680028,VR2AR-69,549924,0
ATTITUDE,2026-08-31 08:00:00,2026-08-31 08:01:43.45868,,103.458680028,VR2AR-69,549924,84
TEMP,2026-08-31 09:00:00,2026-08-31 09:01:43.496661,,103.496661402,VR2AR-69,549924,22.674,
DEPTH,2026-08-31 09:00:00,2026-08-31 09:01:43.496661,,103.496661402,VR2AR-69,549924,0
ATTITUDE,2026-08-31 09:00:00,2026-08-31 09:01:43.496661,,103.496661402,VR2AR-69,549924,84
TEMP,2026-08-31 10:00:00,2026-08-31 10:01:43.534642,,103.534642778,VR2AR-69,549924,22.626,
DEPTH,2026-08-31 10:00:00,2026-08-31 10:01:43.534642,,103.534642778,VR2AR-69,549924,0
ATTITUDE,2026-08-31 10:00:00,2026-08-31 10:01:43.534642,,103.534642778,VR2AR-69,549924,84
TEMP,2026-08-31 11:00:00,2026-08-31 11:01:43.572624,,103.572624152,VR2AR-69,549924,22.626,
DEPTH,2026-08-31 11:00:00,2026-08-31 11:01:43.572624,,103.572624152,VR2AR-69,549924,0
ATTITUDE,2026-08-31 11:00:00,2026-08-31 11:01:43.572624,,103.572624152,VR2AR-69,549924,84
TEMP,2026-08-31 12:00:00,2026-08-31 12:01:43.610605,,103.610605526,VR2AR-69,549924,22.626,
DEPTH,2026-08-31 12:00:00,2026-08-31 12:01:43.610605,,103.610605526,VR2AR-69,549924,0
ATTITUDE,2026-08-31 12:00:00,2026-08-31 12:01:43.610605,,103.610605526,VR2AR-69,549924,84
TEMP,2026-08-31 13:00:00,2026-08-31 13:01:43.648586,,103.648586900,VR2AR-69,549924,22.626,
DEPTH,2026-08-31 13:00:00,2026-08-31 13:01:43.648586,,103.648586900,VR2AR-69,549924,0
ATTITUDE,2026-08-31 13:00:00,2026-08-31 13:01:43.648586,,103.648586900,VR2AR-69,549924,84
TEMP,2026-08-31 14:00:00,2026-08-31 14:01:43.686568,,103.686568276,VR2AR-69,549924,22.531,
DEPTH,2026-08-31 14:00:00,2026-08-31 14:01:43.686568,,103.686568276,VR2AR-69,549924,0
ATTITUDE,2026-08-31 14:00:00,2026-08-31 14:01:43.686568,,103.686568276,VR2AR-69,549924,84
TEMP,2026-08-31 15:00:00,2026-08-31 15:01:43.724549,,103.724549651,VR2AR-69,549924,22.292,
DEPTH,2026-08-31 15:00:00,2026-08-31 15:01:43.724549,,103.724549651,VR2AR-69,549924,0
ATTITUDE,2026-08-31 15:00:00,2026-08-31 15:01:43.724549,,103.724549651,VR2AR-69,549924,84
TEMP,2026-08-31 16:00:00,2026-08-31 16:01:43.762531,,103.762531025,VR2AR-69,549924,22.079,
DEPTH,2026-08-31 16:00:00,2026-08-31 16:01:43.762531,,103.762531025,VR2AR-69,549924,0
ATTITUDE,2026-08-31 16:00:00,2026-08-31 16:01:43.762531,,103.762531025,VR2AR-69,549924,84
TEMP,2026-08-31 17:00:00,2026-08-31 17:01:43.800512,,103.800512401,VR2AR-69,549924,21.819,
DEPTH,2026-08-31 17:00:00,2026-08-31 17:01:43.800512,,103.800512401,VR2AR-69,549924,0
ATTITUDE,2026-08-31 17:00:00,2026-08-31 17:01:43.800512,,103.800512401,VR2AR-69,549924,84
TEMP,2026-08-31 18:00:00,2026-08-31 18:01:43.838493,,103.838493775,VR2AR-69,549924,21.678,
DEPTH,2026-08-31 18:00:00,2026-08-31 18:01:43.838493,,103.838493775,VR2AR-69,549924,0
ATTITUDE,2026-08-31 18:00:00,2026-08-31 18:01:43.838493,,103.838493775,VR2AR-69,549924,84
TEMP,2026-08-31 19:00:00,2026-08-31 19:01:43.876475,,103.876475149,VR2AR-69,549924,21.866,
DEPTH,2026-08-31 19:00:00,2026-08-31 19:01:43.876475,,103.876475149,VR2AR-69,549924,0
ATTITUDE,2026-08-31 19:00:00,2026-08-31 19:01:43.876475,,103.876475149,VR2AR-69,549924,84
TEMP,2026-08-31 20:00:00,2026-08-31 20:01:43.914456,,103.914456525,VR2AR-69,549924,21.914,
DEPTH,2026-08-31 20:00:00,2026-08-31 20:01:43.914456,,103.914456525,VR2AR-69,549924,0
ATTITUDE,2026-08-31 20:00:00,2026-08-31 20:01:43.914456,,103.914456525,VR2AR-69,549924,84
TEMP,2026-08-31 21:00:00,2026-08-31 21:01:43.952437,,103.952437900,VR2AR-69,549924,21.796,
DEPTH,2026-08-31 21:00:00,2026-08-31 21:01:43.952437,,103.952437900,VR2AR-69,549924,0
ATTITUDE,2026-08-31 21:00:00,2026-08-31 21:01:43.952437,,103.952437900,VR2AR-69,549924,84
TEMP,2026-08-31 22:00:00,2026-08-31 22:01:43.990419,,103.990419274,VR2AR-69,549924,21.655,
DEPTH,2026-08-31 22:00:00,2026-08-31 22:01:43.990419,,103.990419274,VR2AR-69,549924,0
ATTITUDE,2026-08-31 22:00:00,2026-08-31 22:01:43.990419,,103.990419274,VR2AR-69,549924,84
TEMP,2026-08-31 23:00:00,2026-08-31 23:01:44.0284,,104.028400650,VR2AR-69,549924,21.537,
DEPTH,2026-08-31 23:00:00,2026-08-31 23:01:44.0284,,104.028400650,VR2AR-69,549924,0
ATTITUDE,2026-08-31 23:00:00,2026-08-31 23:01:44.0284,,104.028400650,VR2AR-69,549924,84
TEMP,2026-09-01 00:00:00,2026-09-01 00:01:44.066382,,104.066382024,VR2AR-69,549924,21.537,
DEPTH,2026-09-01 00:00:00,2026-09-01 00:01:44.066382,,104.066382024,VR2AR-69,549924,0
ATTITUDE,2026-09-01 00:00:00,2026-09-01 00:01:44.066382,,104.066382024,VR2AR-69,549924,84
TEMP,2026-09-01 01:00:00,2026-09-01 01:01:44.104363,,104.104363398,VR2AR-69,549924,21.397,
DEPTH,2026-09-01 01:00:00,2026-09-01 01:01:44.104363,,104.104363398,VR2AR-69,549924,0
ATTITUDE,2026-09-01 01:00:00,2026-09-01 01:01:44.104363,,104.104363398,VR2AR-69,549924,84
TEMP,2026-09-01 02:00:00,2026-09-01 02:01:44.142344,,104.142344774,VR2AR-69,549924,21.187,
DEPTH,2026-09-01 02:00:00,2026-09-01 02:01:44.142344,,104.142344774,VR2AR-69,549924,0
ATTITUDE,2026-09-01 02:00:00,2026-09-01 02:01:44.142344,,104.142344774,VR2AR-69,549924,84
TEMP,2026-09-01 03:00:00,2026-09-01 03:01:44.180326,,104.180326148,VR2AR-69,549924,21.024,
DEPTH,2026-09-01 03:00:00,2026-09-01 03:01:44.180326,,104.180326148,VR2AR-69,549924,0
ATTITUDE,2026-09-01 03:00:00,2026-09-01 03:01:44.180326,,104.180326148,VR2AR-69,549924,84
TEMP,2026-09-01 04:00:00,2026-09-01 04:01:44.218307,,104.218307523,VR2AR-69,549924,20.931,
DEPTH,2026-09-01 04:00:00,2026-09-01 04:01:44.218307,,104.218307523,VR2AR-69,549924,0
ATTITUDE,2026-09-01 04:00:00,2026-09-01 04:01:44.218307,,104.218307523,VR2AR-69,549924,84
TEMP,2026-09-01 05:00:00,2026-09-01 05:01:44.256288,,104.256288897,VR2AR-69,549924,20.815,
DEPTH,2026-09-01 05:00:00,2026-09-01 05:01:44.256288,,104.256288897,VR2AR-69,549924,0
ATTITUDE,2026-09-01 05:00:00,2026-09-01 05:01:44.256288,,104.256288897,VR2AR-69,549924,84
TEMP,2026-09-01 06:00:00,2026-09-01 06:01:44.29427,,104.294270273,VR2AR-69,549924,20.676,
DEPTH,2026-09-01 06:00:00,2026-09-01 06:01:44.29427,,104.294270273,VR2AR-69,549924,0
ATTITUDE,2026-09-01 06:00:00,2026-09-01 06:01:44.29427,,104.294270273,VR2AR-69,549924,84
TEMP,2026-09-01 07:00:00,2026-09-01 07:01:44.332251,,104.332251647,VR2AR-69,549924,20.722,
DEPTH,2026-09-01 07:00:00,2026-09-01 07:01:44.332251,,104.332251647,VR2AR-69,549924,0
ATTITUDE,2026-09-01 07:00:00,2026-09-01 07:01:44.332251,,104.332251647,VR2AR-69,549924,84
TEMP,2026-09-01 08:00:00,2026-09-01 08:01:44.370233,,104.370233021,VR2AR-69,549924,20.699,
DEPTH,2026-09-01 08:00:00,2026-09-01 08:01:44.370233,,104.370233021,VR2AR-69,549924,0
ATTITUDE,2026-09-01 08:00:00,2026-09-01 08:01:44.370233,,104.370233021,VR2AR-69,549924,84
TEMP,2026-09-01 09:00:00,2026-09-01 09:01:44.408214,,104.408214397,VR2AR-69,549924,20.607,
DEPTH,2026-09-01 09:00:00,2026-09-01 09:01:44.408214,,104.408214397,VR2AR-69,549924,0
ATTITUDE,2026-09-01 09:00:00,2026-09-01 09:01:44.408214,,104.408214397,VR2AR-69,549924,84
TEMP,2026-09-01 10:00:00,2026-09-01 10:01:44.446195,,104.446195771,VR2AR-69,549924,20.561,
DEPTH,2026-09-01 10:00:00,2026-09-01 10:01:44.446195,,104.446195771,VR2AR-69,549924,0
ATTITUDE,2026-09-01 10:00:00,2026-09-01 10:01:44.446195,,104.446195771,VR2AR-69,549924,84
TEMP,2026-09-01 11:00:00,2026-09-01 11:01:44.484177,,104.484177146,VR2AR-69,549924,20.538,
DEPTH,2026-09-01 11:00:00,2026-09-01 11:01:44.484177,,104.484177146,VR2AR-69,549924,0
ATTITUDE,2026-09-01 11:00:00,2026-09-01 11:01:44.484177,,104.484177146,VR2AR-69,549924,84
TEMP,2026-09-01 12:00:00,2026-09-01 12:01:44.522158,,104.522158522,VR2AR-69,549924,20.584,
DEPTH,2026-09-01 12:00:00,2026-09-01 12:01:44.522158,,104.522158522,VR2AR-69,549924,0
ATTITUDE,2026-09-01 12:00:00,2026-09-01 12:01:44.522158,,104.522158522,VR2AR-69,549924,84
TEMP,2026-09-01 13:00:00,2026-09-01 13:01:44.560139,,104.560139896,VR2AR-69,549924,20.722,
DEPTH,2026-09-01 13:00:00,2026-09-01 13:01:44.560139,,104.560139896,VR2AR-69,549924,0
ATTITUDE,2026-09-01 13:00:00,2026-09-01 13:01:44.560139,,104.560139896,VR2AR-69,549924,84
TEMP,2026-09-01 14:00:00,2026-09-01 14:01:44.598121,,104.598121270,VR2AR-69,549924,20.954,
DEPTH,2026-09-01 14:00:00,2026-09-01 14:01:44.598121,,104.598121270,VR2AR-69,549924,0
ATTITUDE,2026-09-01 14:00:00,2026-09-01 14:01:44.598121,,104.598121270,VR2AR-69,549924,84
TEMP,2026-09-01 15:00:00,2026-09-01 15:01:44.636102,,104.636102646,VR2AR-69,549924,21.14,
DEPTH,2026-09-01 15:00:00,2026-09-01 15:01:44.636102,,104.636102646,VR2AR-69,549924,0
ATTITUDE,2026-09-01 15:00:00,2026-09-01 15:01:44.636102,,104.636102646,VR2AR-69,549924,84
TEMP,2026-09-01 16:00:00,2026-09-01 16:01:44.674084,,104.674084020,VR2AR-69,549924,21.07,
DEPTH,2026-09-01 16:00:00,2026-09-01 16:01:44.674084,,104.674084020,VR2AR-69,549924,0
ATTITUDE,2026-09-01 16:00:00,2026-09-01 16:01:44.674084,,104.674084020,VR2AR-69,549924,84
TEMP,2026-09-01 17:00:00,2026-09-01 17:01:44.712065,,104.712065394,VR2AR-69,549924,21.14,
DEPTH,2026-09-01 17:00:00,2026-09-01 17:01:44.712065,,104.712065394,VR2AR-69,549924,0
ATTITUDE,2026-09-01 17:00:00,2026-09-01 17:01:44.712065,,104.712065394,VR2AR-69,549924,84
TEMP,2026-09-01 18:00:00,2026-09-01 18:01:44.750046,,104.750046771,VR2AR-69,549924,21.327,
DEPTH,2026-09-01 18:00:00,2026-09-01 18:01:44.750046,,104.750046771,VR2AR-69,549924,0
ATTITUDE,2026-09-01 18:00:00,2026-09-01 18:01:44.750046,,104.750046771,VR2AR-69,549924,84
TEMP,2026-09-01 19:00:00,2026-09-01 19:01:44.788028,,104.788028145,VR2AR-69,549924,21.443,
DEPTH,2026-09-01 19:00:00,2026-09-01 19:01:44.788028,,104.788028145,VR2AR-69,549924,0
ATTITUDE,2026-09-01 19:00:00,2026-09-01 19:01:44.788028,,104.788028145,VR2AR-69,549924,84
TEMP,2026-09-01 20:00:00,2026-09-01 20:01:44.826009,,104.826009519,VR2AR-69,549924,21.373,
DEPTH,2026-09-01 20:00:00,2026-09-01 20:01:44.826009,,104.826009519,VR2AR-69,549924,0
ATTITUDE,2026-09-01 20:00:00,2026-09-01 20:01:44.826009,,104.826009519,VR2AR-69,549924,84
TEMP,2026-09-01 21:00:00,2026-09-01 21:01:44.86399,,104.863990893,VR2AR-69,549924,21.303,
DEPTH,2026-09-01 21:00:00,2026-09-01 21:01:44.86399,,104.863990893,VR2AR-69,549924,0
ATTITUDE,2026-09-01 21:00:00,2026-09-01 21:01:44.86399,,104.863990893,VR2AR-69,549924,84
TEMP,2026-09-01 22:00:00,2026-09-01 22:01:44.901972,,104.901972269,VR2AR-69,549924,21.327,
DEPTH,2026-09-01 22:00:00,2026-09-01 22:01:44.901972,,104.901972269,VR2AR-69,549924,0
ATTITUDE,2026-09-01 22:00:00,2026-09-01 22:01:44.901972,,104.901972269,VR2AR-69,549924,84
TEMP,2026-09-01 23:00:00,2026-09-01 23:01:44.939953,,104.939953643,VR2AR-69,549924,21.42,
DEPTH,2026-09-01 23:00:00,2026-09-01 23:01:44.939953,,104.939953643,VR2AR-69,549924,0
ATTITUDE,2026-09-01 23:00:00,2026-09-01 23:01:44.939953,,104.939953643,VR2AR-69,549924,84
TEMP,2026-09-02 00:00:00,2026-09-02 00:01:44.977935,,104.977935018,VR2AR-69,549924,21.397,
DEPTH,2026-09-02 00:00:00,2026-09-02 00:01:44.977935,,104.977935018,VR2AR-69,549924,0
ATTITUDE,2026-09-02 00:00:00,2026-09-02 00:01:44.977935,,104.977935018,VR2AR-69,549924,84
TEMP,2026-09-02 01:00:00,2026-09-02 01:01:45.015916,,105.015916394,VR2AR-69,549924,21.303,
DEPTH,2026-09-02 01:00:00,2026-09-02 01:01:45.015916,,105.015916394,VR2AR-69,549924,0
ATTITUDE,2026-09-02 01:00:00,2026-09-02 01:01:45.015916,,105.015916394,VR2AR-69,549924,84
TEMP,2026-09-02 02:00:00,2026-09-02 02:01:45.053897,,105.053897768,VR2AR-69,549924,21.187,
DEPTH,2026-09-02 02:00:00,2026-09-02 02:01:45.053897,,105.053897768,VR2AR-69,549924,0
ATTITUDE,2026-09-02 02:00:00,2026-09-02 02:01:45.053897,,105.053897768,VR2AR-69,549924,84
TEMP,2026-09-02 03:00:00,2026-09-02 03:01:45.091879,,105.091879142,VR2AR-69,549924,21.07,
DEPTH,2026-09-02 03:00:00,2026-09-02 03:01:45.091879,,105.091879142,VR2AR-69,549924,0
ATTITUDE,2026-09-02 03:00:00,2026-09-02 03:01:45.091879,,105.091879142,VR2AR-69,549924,84
TEMP,2026-09-02 04:00:00,2026-09-02 04:01:45.12986,,105.129860518,VR2AR-69,549924,21,
DEPTH,2026-09-02 04:00:00,2026-09-02 04:01:45.12986,,105.129860518,VR2AR-69,549924,0
ATTITUDE,2026-09-02 04:00:00,2026-09-02 04:01:45.12986,,105.129860518,VR2AR-69,549924,84
TEMP,2026-09-02 05:00:00,2026-09-02 05:01:45.167841,,105.167841892,VR2AR-69,549924,20.908,
DEPTH,2026-09-02 05:00:00,2026-09-02 05:01:45.167841,,105.167841892,VR2AR-69,549924,0
ATTITUDE,2026-09-02 05:00:00,2026-09-02 05:01:45.167841,,105.167841892,VR2AR-69,549924,84
TEMP,2026-09-02 06:00:00,2026-09-02 06:01:45.205823,,105.205823266,VR2AR-69,549924,20.769,
DEPTH,2026-09-02 06:00:00,2026-09-02 06:01:45.205823,,105.205823266,VR2AR-69,549924,0
ATTITUDE,2026-09-02 06:00:00,2026-09-02 06:01:45.205823,,105.205823266,VR2AR-69,549924,84
TEMP,2026-09-02 07:00:00,2026-09-02 07:01:45.243804,,105.243804642,VR2AR-69,549924,20.607,
DEPTH,2026-09-02 07:00:00,2026-09-02 07:01:45.243804,,105.243804642,VR2AR-69,549924,0
ATTITUDE,2026-09-02 07:00:00,2026-09-02 07:01:45.243804,,105.243804642,VR2AR-69,549924,84
TEMP,2026-09-02 08:00:00,2026-09-02 08:01:45.281786,,105.281786017,VR2AR-69,549924,20.722,
DEPTH,2026-09-02 08:00:00,2026-09-02 08:01:45.281786,,105.281786017,VR2AR-69,549924,0
ATTITUDE,2026-09-02 08:00:00,2026-09-02 08:01:45.281786,,105.281786017,VR2AR-69,549924,84
TEMP,2026-09-02 09:00:00,2026-09-02 09:01:45.319767,,105.319767391,VR2AR-69,549924,20.676,
DEPTH,2026-09-02 09:00:00,2026-09-02 09:01:45.319767,,105.319767391,VR2AR-69,549924,0
ATTITUDE,2026-09-02 09:00:00,2026-09-02 09:01:45.319767,,105.319767391,VR2AR-69,549924,84
TEMP,2026-09-02 10:00:00,2026-09-02 10:01:45.357748,,105.357748767,VR2AR-69,549924,20.63,
DEPTH,2026-09-02 10:00:00,2026-09-02 10:01:45.357748,,105.357748767,VR2AR-69,549924,0
ATTITUDE,2026-09-02 10:00:00,2026-09-02 10:01:45.357748,,105.357748767,VR2AR-69,549924,84
TEMP,2026-09-02 11:00:00,2026-09-02 11:01:45.39573,,105.395730141,VR2AR-69,549924,20.63,
DEPTH,2026-09-02 11:00:00,2026-09-02 11:01:45.39573,,105.395730141,VR2AR-69,549924,0
ATTITUDE,2026-09-02 11:00:00,2026-09-02 11:01:45.39573,,105.395730141,VR2AR-69,549924,84
TEMP,2026-09-02 12:00:00,2026-09-02 12:01:45.433711,,105.433711515,VR2AR-69,549924,20.699,
DEPTH,2026-09-02 12:00:00,2026-09-02 12:01:45.433711,,105.433711515,VR2AR-69,549924,0
ATTITUDE,2026-09-02 12:00:00,2026-09-02 12:01:45.433711,,105.433711515,VR2AR-69,549924,84
TEMP,2026-09-02 13:00:00,2026-09-02 13:01:45.471692,,105.471692889,VR2AR-69,549924,20.884,
DEPTH,2026-09-02 13:00:00,2026-09-02 13:01:45.471692,,105.471692889,VR2AR-69,549924,0
ATTITUDE,2026-09-02 13:00:00,2026-09-02 13:01:45.471692,,105.471692889,VR2AR-69,549924,84
TEMP,2026-09-02 14:00:00,2026-09-02 14:01:45.509674,,105.509674265,VR2AR-69,549924,21.093,
DEPTH,2026-09-02 14:00:00,2026-09-02 14:01:45.509674,,105.509674265,VR2AR-69,549924,0
ATTITUDE,2026-09-02 14:00:00,2026-09-02 14:01:45.509674,,105.509674265,VR2AR-69,549924,84
TEMP,2026-09-02 15:00:00,2026-09-02 15:01:45.547655,,105.547655640,VR2AR-69,549924,21.233,
DEPTH,2026-09-02 15:00:00,2026-09-02 15:01:45.547655,,105.547655640,VR2AR-69,549924,0
ATTITUDE,2026-09-02 15:00:00,2026-09-02 15:01:45.547655,,105.547655640,VR2AR-69,549924,84
TEMP,2026-09-02 16:00:00,2026-09-02 16:01:45.585637,,105.585637014,VR2AR-69,549924,21.303,
DEPTH,2026-09-02 16:00:00,2026-09-02 16:01:45.585637,,105.585637014,VR2AR-69,549924,0
ATTITUDE,2026-09-02 16:00:00,2026-09-02 16:01:45.585637,,105.585637014,VR2AR-69,549924,84
TEMP,2026-09-02 17:00:00,2026-09-02 17:01:45.623618,,105.623618390,VR2AR-69,549924,21.35,
DEPTH,2026-09-02 17:00:00,2026-09-02 17:01:45.623618,,105.623618390,VR2AR-69,549924,0
ATTITUDE,2026-09-02 17:00:00,2026-09-02 17:01:45.623618,,105.623618390,VR2AR-69,549924,85
TEMP,2026-09-02 18:00:00,2026-09-02 18:01:45.661599,,105.661599764,VR2AR-69,549924,21.397,
DEPTH,2026-09-02 18:00:00,2026-09-02 18:01:45.661599,,105.661599764,VR2AR-69,549924,0
ATTITUDE,2026-09-02 18:00:00,2026-09-02 18:01:45.661599,,105.661599764,VR2AR-69,549924,85
TEMP,2026-09-02 19:00:00,2026-09-02 19:01:45.699581,,105.699581138,VR2AR-69,549924,21.467,
DEPTH,2026-09-02 19:00:00,2026-09-02 19:01:45.699581,,105.699581138,VR2AR-69,549924,0
ATTITUDE,2026-09-02 19:00:00,2026-09-02 19:01:45.699581,,105.699581138,VR2AR-69,549924,85
TEMP,2026-09-02 20:00:00,2026-09-02 20:01:45.737562,,105.737562514,VR2AR-69,549924,21.561,
DEPTH,2026-09-02 20:00:00,2026-09-02 20:01:45.737562,,105.737562514,VR2AR-69,549924,0
ATTITUDE,2026-09-02 20:00:00,2026-09-02 20:01:45.737562,,105.737562514,VR2AR-69,549924,85
TEMP,2026-09-02 21:00:00,2026-09-02 21:01:45.775543,,105.775543889,VR2AR-69,549924,21.584,
DEPTH,2026-09-02 21:00:00,2026-09-02 21:01:45.775543,,105.775543889,VR2AR-69,549924,0
ATTITUDE,2026-09-02 21:00:00,2026-09-02 21:01:45.775543,,105.775543889,VR2AR-69,549924,85
TEMP,2026-09-02 22:00:00,2026-09-02 22:01:45.813525,,105.813525263,VR2AR-69,549924,21.443,
DEPTH,2026-09-02 22:00:00,2026-09-02 22:01:45.813525,,105.813525263,VR2AR-69,549924,0
ATTITUDE,2026-09-02 22:00:00,2026-09-02 22:01:45.813525,,105.813525263,VR2AR-69,549924,85
TEMP,2026-09-02 23:00:00,2026-09-02 23:01:45.851506,,105.851506639,VR2AR-69,549924,21.257,
DEPTH,2026-09-02 23:00:00,2026-09-02 23:01:45.851506,,105.851506639,VR2AR-69,549924,0
ATTITUDE,2026-09-02 23:00:00,2026-09-02 23:01:45.851506,,105.851506639,VR2AR-69,549924,85
TEMP,2026-09-03 00:00:00,2026-09-03 00:01:45.889488,,105.889488013,VR2AR-69,549924,21.117,
DEPTH,2026-09-03 00:00:00,2026-09-03 00:01:45.889488,,105.889488013,VR2AR-69,549924,0
ATTITUDE,2026-09-03 00:00:00,2026-09-03 00:01:45.889488,,105.889488013,VR2AR-69,549924,85
TEMP,2026-09-03 01:00:00,2026-09-03 01:01:45.927469,,105.927469387,VR2AR-69,549924,21,
DEPTH,2026-09-03 01:00:00,2026-09-03 01:01:45.927469,,105.927469387,VR2AR-69,549924,0
ATTITUDE,2026-09-03 01:00:00,2026-09-03 01:01:45.927469,,105.927469387,VR2AR-69,549924,85
TEMP,2026-09-03 02:00:00,2026-09-03 02:01:45.96545,,105.965450761,VR2AR-69,549924,20.931,
DEPTH,2026-09-03 02:00:00,2026-09-03 02:01:45.96545,,105.965450761,VR2AR-69,549924,0
ATTITUDE,2026-09-03 02:00:00,2026-09-03 02:01:45.96545,,105.965450761,VR2AR-69,549924,85
TEMP,2026-09-03 03:00:00,2026-09-03 03:01:46.003432,,106.003432137,VR2AR-69,549924,20.815,
DEPTH,2026-09-03 03:00:00,2026-09-03 03:01:46.003432,,106.003432137,VR2AR-69,549924,0
ATTITUDE,2026-09-03 03:00:00,2026-09-03 03:01:46.003432,,106.003432137,VR2AR-69,549924,85
TEMP,2026-09-03 04:00:00,2026-09-03 04:01:46.041413,,106.041413512,VR2AR-69,549924,20.722,
DEPTH,2026-09-03 04:00:00,2026-09-03 04:01:46.041413,,106.041413512,VR2AR-69,549924,0
ATTITUDE,2026-09-03 04:00:00,2026-09-03 04:01:46.041413,,106.041413512,VR2AR-69,549924,85
TEMP,2026-09-03 05:00:00,2026-09-03 05:01:46.079394,,106.079394886,VR2AR-69,549924,20.653,
DEPTH,2026-09-03 05:00:00,2026-09-03 05:01:46.079394,,106.079394886,VR2AR-69,549924,0
ATTITUDE,2026-09-03 05:00:00,2026-09-03 05:01:46.079394,,106.079394886,VR2AR-69,549924,85
TEMP,2026-09-03 06:00:00,2026-09-03 06:01:46.117376,,106.117376262,VR2AR-69,549924,20.607,
DEPTH,2026-09-03 06:00:00,2026-09-03 06:01:46.117376,,106.117376262,VR2AR-69,549924,0
ATTITUDE,2026-09-03 06:00:00,2026-09-03 06:01:46.117376,,106.117376262,VR2AR-69,549924,85
TEMP,2026-09-03 07:00:00,2026-09-03 07:01:46.155357,,106.155357636,VR2AR-69,549924,20.561,
DEPTH,2026-09-03 07:00:00,2026-09-03 07:01:46.155357,,106.155357636,VR2AR-69,549924,0
ATTITUDE,2026-09-03 07:00:00,2026-09-03 07:01:46.155357,,106.155357636,VR2AR-69,549924,85
TEMP,2026-09-03 08:00:00,2026-09-03 08:01:46.193339,,106.193339010,VR2AR-69,549924,20.538,
DEPTH,2026-09-03 08:00:00,2026-09-03 08:01:46.193339,,106.193339010,VR2AR-69,549924,0
ATTITUDE,2026-09-03 08:00:00,2026-09-03 08:01:46.193339,,106.193339010,VR2AR-69,549924,85
TEMP,2026-09-03 09:00:00,2026-09-03 09:01:46.23132,,106.231320386,VR2AR-69,549924,20.561,
DEPTH,2026-09-03 09:00:00,2026-09-03 09:01:46.23132,,106.231320386,VR2AR-69,549924,0
ATTITUDE,2026-09-03 09:00:00,2026-09-03 09:01:46.23132,,106.231320386,VR2AR-69,549924,85
TEMP,2026-09-03 10:00:00,2026-09-03 10:01:46.269301,,106.269301760,VR2AR-69,549924,20.561,
DEPTH,2026-09-03 10:00:00,2026-09-03 10:01:46.269301,,106.269301760,VR2AR-69,549924,0
ATTITUDE,2026-09-03 10:00:00,2026-09-03 10:01:46.269301,,106.269301760,VR2AR-69,549924,85
TEMP,2026-09-03 11:00:00,2026-09-03 11:01:46.307283,,106.307283135,VR2AR-69,549924,20.584,
DEPTH,2026-09-03 11:00:00,2026-09-03 11:01:46.307283,,106.307283135,VR2AR-69,549924,0
ATTITUDE,2026-09-03 11:00:00,2026-09-03 11:01:46.307283,,106.307283135,VR2AR-69,549924,85
TEMP,2026-09-03 12:00:00,2026-09-03 12:01:46.345264,,106.345264511,VR2AR-69,549924,20.653,
DEPTH,2026-09-03 12:00:00,2026-09-03 12:01:46.345264,,106.345264511,VR2AR-69,549924,0
ATTITUDE,2026-09-03 12:00:00,2026-09-03 12:01:46.345264,,106.345264511,VR2AR-69,549924,85
TEMP,2026-09-03 13:00:00,2026-09-03 13:01:46.383245,,106.383245885,VR2AR-69,549924,20.699,
DEPTH,2026-09-03 13:00:00,2026-09-03 13:01:46.383245,,106.383245885,VR2AR-69,549924,0
ATTITUDE,2026-09-03 13:00:00,2026-09-03 13:01:46.383245,,106.383245885,VR2AR-69,549924,85
TEMP,2026-09-03 14:00:00,2026-09-03 14:01:46.421227,,106.421227259,VR2AR-69,549924,20.815,
DEPTH,2026-09-03 14:00:00,2026-09-03 14:01:46.421227,,106.421227259,VR2AR-69,549924,0
ATTITUDE,2026-09-03 14:00:00,2026-09-03 14:01:46.421227,,106.421227259,VR2AR-69,549924,85
TEMP,2026-09-03 15:00:00,2026-09-03 15:01:46.459208,,106.459208635,VR2AR-69,549924,20.977,
DEPTH,2026-09-03 15:00:00,2026-09-03 15:01:46.459208,,106.459208635,VR2AR-69,549924,0
ATTITUDE,2026-09-03 15:00:00,2026-09-03 15:01:46.459208,,106.459208635,VR2AR-69,549924,84
TEMP,2026-09-03 16:00:00,2026-09-03 16:01:46.49719,,106.497190009,VR2AR-69,549924,21.117,
DEPTH,2026-09-03 16:00:00,2026-09-03 16:01:46.49719,,106.497190009,VR2AR-69,549924,0
ATTITUDE,2026-09-03 16:00:00,2026-09-03 16:01:46.49719,,106.497190009,VR2AR-69,549924,84
TEMP,2026-09-03 17:00:00,2026-09-03 17:01:46.535171,,106.535171383,VR2AR-69,549924,21.21,
DEPTH,2026-09-03 17:00:00,2026-09-03 17:01:46.535171,,106.535171383,VR2AR-69,549924,0
ATTITUDE,2026-09-03 17:00:00,2026-09-03 17:01:46.535171,,106.535171383,VR2AR-69,549924,84
TEMP,2026-09-03 18:00:00,2026-09-03 18:01:46.573152,,106.573152758,VR2AR-69,549924,21.373,
DEPTH,2026-09-03 18:00:00,2026-09-03 18:01:46.573152,,106.573152758,VR2AR-69,549924,0
ATTITUDE,2026-09-03 18:00:00,2026-09-03 18:01:46.573152,,106.573152758,VR2AR-69,549924,84
TEMP,2026-09-03 19:00:00,2026-09-03 19:01:46.611134,,106.611134134,VR2AR-69,549924,21.49,
DEPTH,2026-09-03 19:00:00,2026-09-03 19:01:46.611134,,106.611134134,VR2AR-69,549924,0
ATTITUDE,2026-09-03 19:00:00,2026-09-03 19:01:46.611134,,106.611134134,VR2AR-69,549924,84
TEMP,2026-09-03 20:00:00,2026-09-03 20:01:46.649115,,106.649115508,VR2AR-69,549924,21.655,
DEPTH,2026-09-03 20:00:00,2026-09-03 20:01:46.649115,,106.649115508,VR2AR-69,549924,0
ATTITUDE,2026-09-03 20:00:00,2026-09-03 20:01:46.649115,,106.649115508,VR2AR-69,549924,84
TEMP,2026-09-03 21:00:00,2026-09-03 21:01:46.687096,,106.687096882,VR2AR-69,549924,21.608,
DEPTH,2026-09-03 21:00:00,2026-09-03 21:01:46.687096,,106.687096882,VR2AR-69,549924,0
ATTITUDE,2026-09-03 21:00:00,2026-09-03 21:01:46.687096,,106.687096882,VR2AR-69,549924,84
TEMP,2026-09-03 22:00:00,2026-09-03 22:01:46.725078,,106.725078258,VR2AR-69,549924,21.49,
DEPTH,2026-09-03 22:00:00,2026-09-03 22:01:46.725078,,106.725078258,VR2AR-69,549924,0
ATTITUDE,2026-09-03 22:00:00,2026-09-03 22:01:46.725078,,106.725078258,VR2AR-69,549924,84
TEMP,2026-09-03 23:00:00,2026-09-03 23:01:46.763059,,106.763059632,VR2AR-69,549924,21.373,
DEPTH,2026-09-03 23:00:00,2026-09-03 23:01:46.763059,,106.763059632,VR2AR-69,549924,0
ATTITUDE,2026-09-03 23:00:00,2026-09-03 23:01:46.763059,,106.763059632,VR2AR-69,549924,84
TEMP,2026-09-04 00:00:00,2026-09-04 00:01:46.801041,,106.801041007,VR2AR-69,549924,21.257,
DEPTH,2026-09-04 00:00:00,2026-09-04 00:01:46.801041,,106.801041007,VR2AR-69,549924,0
ATTITUDE,2026-09-04 00:00:00,2026-09-04 00:01:46.801041,,106.801041007,VR2AR-69,549924,84
TEMP,2026-09-04 01:00:00,2026-09-04 01:01:46.839022,,106.839022383,VR2AR-69,549924,21.117,
DEPTH,2026-09-04 01:00:00,2026-09-04 01:01:46.839022,,106.839022383,VR2AR-69,549924,0
ATTITUDE,2026-09-04 01:00:00,2026-09-04 01:01:46.839022,,106.839022383,VR2AR-69,549924,84
TEMP,2026-09-04 02:00:00,2026-09-04 02:01:46.877003,,106.877003757,VR2AR-69,549924,21.024,
DEPTH,2026-09-04 02:00:00,2026-09-04 02:01:46.877003,,106.877003757,VR2AR-69,549924,0
ATTITUDE,2026-09-04 02:00:00,2026-09-04 02:01:46.877003,,106.877003757,VR2AR-69,549924,84
TEMP,2026-09-04 03:00:00,2026-09-04 03:01:46.914985,,106.914985131,VR2AR-69,549924,20.954,
DEPTH,2026-09-04 03:00:00,2026-09-04 03:01:46.914985,,106.914985131,VR2AR-69,549924,0
ATTITUDE,2026-09-04 03:00:00,2026-09-04 03:01:46.914985,,106.914985131,VR2AR-69,549924,84
TEMP,2026-09-04 04:00:00,2026-09-04 04:01:46.952966,,106.952966507,VR2AR-69,549924,20.861,
DEPTH,2026-09-04 04:00:00,2026-09-04 04:01:46.952966,,106.952966507,VR2AR-69,549924,0
ATTITUDE,2026-09-04 04:00:00,2026-09-04 04:01:46.952966,,106.952966507,VR2AR-69,549924,84
TEMP,2026-09-04 05:00:00,2026-09-04 05:01:46.990947,,106.990947881,VR2AR-69,549924,20.792,
DEPTH,2026-09-04 05:00:00,2026-09-04 05:01:46.990947,,106.990947881,VR2AR-69,549924,0
ATTITUDE,2026-09-04 05:00:00,2026-09-04 05:01:46.990947,,106.990947881,VR2AR-69,549924,84
TEMP,2026-09-04 06:00:00,2026-09-04 06:01:47.028929,,107.028929255,VR2AR-69,549924,20.699,
DEPTH,2026-09-04 06:00:00,2026-09-04 06:01:47.028929,,107.028929255,VR2AR-69,549924,0
ATTITUDE,2026-09-04 06:00:00,2026-09-04 06:01:47.028929,,107.028929255,VR2AR-69,549924,84
TEMP,2026-09-04 07:00:00,2026-09-04 07:01:47.06691,,107.066910631,VR2AR-69,549924,20.63,
DEPTH,2026-09-04 07:00:00,2026-09-04 07:01:47.06691,,107.066910631,VR2AR-69,549924,0
ATTITUDE,2026-09-04 07:00:00,2026-09-04 07:01:47.06691,,107.066910631,VR2AR-69,549924,84
TEMP,2026-09-04 08:00:00,2026-09-04 08:01:47.104892,,107.104892006,VR2AR-69,549924,20.607,
DEPTH,2026-09-04 08:00:00,2026-09-04 08:01:47.104892,,107.104892006,VR2AR-69,549924,0
ATTITUDE,2026-09-04 08:00:00,2026-09-04 08:01:47.104892,,107.104892006,VR2AR-69,549924,84
TEMP,2026-09-04 09:00:00,2026-09-04 09:01:47.142873,,107.142873380,VR2AR-69,549924,20.515,
DEPTH,2026-09-04 09:00:00,2026-09-04 09:01:47.142873,,107.142873380,VR2AR-69,549924,0
ATTITUDE,2026-09-04 09:00:00,2026-09-04 09:01:47.142873,,107.142873380,VR2AR-69,549924,84
TEMP,2026-09-04 10:00:00,2026-09-04 10:01:47.180854,,107.180854754,VR2AR-69,549924,20.446,
DEPTH,2026-09-04 10:00:00,2026-09-04 10:01:47.180854,,107.180854754,VR2AR-69,549924,0
ATTITUDE,2026-09-04 10:00:00,2026-09-04 10:01:47.180854,,107.180854754,VR2AR-69,549924,84
TEMP,2026-09-04 11:00:00,2026-09-04 11:01:47.218836,,107.218836130,VR2AR-69,549924,20.423,
DEPTH,2026-09-04 11:00:00,2026-09-04 11:01:47.218836,,107.218836130,VR2AR-69,549924,0
ATTITUDE,2026-09-04 11:00:00,2026-09-04 11:01:47.218836,,107.218836130,VR2AR-69,549924,84
TEMP,2026-09-04 12:00:00,2026-09-04 12:01:47.256817,,107.256817504,VR2AR-69,549924,20.561,
DEPTH,2026-09-04 12:00:00,2026-09-04 12:01:47.256817,,107.256817504,VR2AR-69,549924,0
ATTITUDE,2026-09-04 12:00:00,2026-09-04 12:01:47.256817,,107.256817504,VR2AR-69,549924,84
TEMP,2026-09-04 13:00:00,2026-09-04 13:01:47.294798,,107.294798878,VR2AR-69,549924,20.676,
DEPTH,2026-09-04 13:00:00,2026-09-04 13:01:47.294798,,107.294798878,VR2AR-69,549924,0
ATTITUDE,2026-09-04 13:00:00,2026-09-04 13:01:47.294798,,107.294798878,VR2AR-69,549924,84
TEMP,2026-09-04 14:00:00,2026-09-04 14:01:47.33278,,107.332780255,VR2AR-69,549924,20.792,
DEPTH,2026-09-04 14:00:00,2026-09-04 14:01:47.33278,,107.332780255,VR2AR-69,549924,0
ATTITUDE,2026-09-04 14:00:00,2026-09-04 14:01:47.33278,,107.332780255,VR2AR-69,549924,84
TEMP,2026-09-04 15:00:00,2026-09-04 15:01:47.370761,,107.370761629,VR2AR-69,549924,21.163,
DEPTH,2026-09-04 15:00:00,2026-09-04 15:01:47.370761,,107.370761629,VR2AR-69,549924,0
ATTITUDE,2026-09-04 15:00:00,2026-09-04 15:01:47.370761,,107.370761629,VR2AR-69,549924,86
TEMP,2026-09-04 16:00:00,2026-09-04 16:01:47.408743,,107.408743003,VR2AR-69,549924,21.327,
DEPTH,2026-09-04 16:00:00,2026-09-04 16:01:47.408743,,107.408743003,VR2AR-69,549924,0
ATTITUDE,2026-09-04 16:00:00,2026-09-04 16:01:47.408743,,107.408743003,VR2AR-69,549924,86
TEMP,2026-09-04 17:00:00,2026-09-04 17:01:47.446724,,107.446724379,VR2AR-69,549924,21.443,
DEPTH,2026-09-04 17:00:00,2026-09-04 17:01:47.446724,,107.446724379,VR2AR-69,549924,0
ATTITUDE,2026-09-04 17:00:00,2026-09-04 17:01:47.446724,,107.446724379,VR2AR-69,549924,86
TEMP,2026-09-04 18:00:00,2026-09-04 18:01:47.484705,,107.484705753,VR2AR-69,549924,21.514,
DEPTH,2026-09-04 18:00:00,2026-09-04 18:01:47.484705,,107.484705753,VR2AR-69,549924,0
ATTITUDE,2026-09-04 18:00:00,2026-09-04 18:01:47.484705,,107.484705753,VR2AR-69,549924,86
TEMP,2026-09-04 19:00:00,2026-09-04 19:01:47.522687,,107.522687127,VR2AR-69,549924,21.608,
DEPTH,2026-09-04 19:00:00,2026-09-04 19:01:47.522687,,107.522687127,VR2AR-69,549924,0
ATTITUDE,2026-09-04 19:00:00,2026-09-04 19:01:47.522687,,107.522687127,VR2AR-69,549924,86
TEMP,2026-09-04 20:00:00,2026-09-04 20:01:47.560668,,107.560668503,VR2AR-69,549924,21.772,
DEPTH,2026-09-04 20:00:00,2026-09-04 20:01:47.560668,,107.560668503,VR2AR-69,549924,0
ATTITUDE,2026-09-04 20:00:00,2026-09-04 20:01:47.560668,,107.560668503,VR2AR-69,549924,86
TEMP,2026-09-04 21:00:00,2026-09-04 21:01:47.598649,,107.598649878,VR2AR-69,549924,21.937,
DEPTH,2026-09-04 21:00:00,2026-09-04 21:01:47.598649,,107.598649878,VR2AR-69,549924,0
ATTITUDE,2026-09-04 21:00:00,2026-09-04 21:01:47.598649,,107.598649878,VR2AR-69,549924,86
TEMP,2026-09-04 22:00:00,2026-09-04 22:01:47.636631,,107.636631252,VR2AR-69,549924,21.984,
DEPTH,2026-09-04 22:00:00,2026-09-04 22:01:47.636631,,107.636631252,VR2AR-69,549924,0
ATTITUDE,2026-09-04 22:00:00,2026-09-04 22:01:47.636631,,107.636631252,VR2AR-69,549924,86
TEMP,2026-09-04 23:00:00,2026-09-04 23:01:47.674612,,107.674612628,VR2AR-69,549924,22.008,
DEPTH,2026-09-04 23:00:00,2026-09-04 23:01:47.674612,,107.674612628,VR2AR-69,549924,0
ATTITUDE,2026-09-04 23:00:00,2026-09-04 23:01:47.674612,,107.674612628,VR2AR-69,549924,86
TEMP,2026-09-05 00:00:00,2026-09-05 00:01:47.712594,,107.712594002,VR2AR-69,549924,22.032,
DEPTH,2026-09-05 00:00:00,2026-09-05 00:01:47.712594,,107.712594002,VR2AR-69,549924,0
ATTITUDE,2026-09-05 00:00:00,2026-09-05 00:01:47.712594,,107.712594002,VR2AR-69,549924,86
TEMP,2026-09-05 01:00:00,2026-09-05 01:01:47.750575,,107.750575376,VR2AR-69,549924,21.866,
DEPTH,2026-09-05 01:00:00,2026-09-05 01:01:47.750575,,107.750575376,VR2AR-69,549924,0
ATTITUDE,2026-09-05 01:00:00,2026-09-05 01:01:47.750575,,107.750575376,VR2AR-69,549924,86
TEMP,2026-09-05 02:00:00,2026-09-05 02:01:47.788556,,107.788556750,VR2AR-69,549924,21.725,
DEPTH,2026-09-05 02:00:00,2026-09-05 02:01:47.788556,,107.788556750,VR2AR-69,549924,0
ATTITUDE,2026-09-05 02:00:00,2026-09-05 02:01:47.788556,,107.788556750,VR2AR-69,549924,86
TEMP,2026-09-05 03:00:00,2026-09-05 03:01:47.826538,,107.826538126,VR2AR-69,549924,21.561,
DEPTH,2026-09-05 03:00:00,2026-09-05 03:01:47.826538,,107.826538126,VR2AR-69,549924,0
ATTITUDE,2026-09-05 03:00:00,2026-09-05 03:01:47.826538,,107.826538126,VR2AR-69,549924,86
TEMP,2026-09-05 04:00:00,2026-09-05 04:01:47.864519,,107.864519501,VR2AR-69,549924,21.467,
DEPTH,2026-09-05 04:00:00,2026-09-05 04:01:47.864519,,107.864519501,VR2AR-69,549924,0
ATTITUDE,2026-09-05 04:00:00,2026-09-05 04:01:47.864519,,107.864519501,VR2AR-69,549924,87
TEMP,2026-09-05 05:00:00,2026-09-05 05:01:47.9025,,107.902500875,VR2AR-69,549924,21.35,
DEPTH,2026-09-05 05:00:00,2026-09-05 05:01:47.9025,,107.902500875,VR2AR-69,549924,0
ATTITUDE,2026-09-05 05:00:00,2026-09-05 05:01:47.9025,,107.902500875,VR2AR-69,549924,86
TEMP,2026-09-05 06:00:00,2026-09-05 06:01:47.940482,,107.940482251,VR2AR-69,549924,21.257,
DEPTH,2026-09-05 06:00:00,2026-09-05 06:01:47.940482,,107.940482251,VR2AR-69,549924,0
ATTITUDE,2026-09-05 06:00:00,2026-09-05 06:01:47.940482,,107.940482251,VR2AR-69,549924,86
TEMP,2026-09-05 07:00:00,2026-09-05 07:01:47.978463,,107.978463625,VR2AR-69,549924,21.187,
DEPTH,2026-09-05 07:00:00,2026-09-05 07:01:47.978463,,107.978463625,VR2AR-69,549924,0
ATTITUDE,2026-09-05 07:00:00,2026-09-05 07:01:47.978463,,107.978463625,VR2AR-69,549924,86
TEMP,2026-09-05 08:00:00,2026-09-05 08:01:48.016444,,108.016444999,VR2AR-69,549924,21.14,
DEPTH,2026-09-05 08:00:00,2026-09-05 08:01:48.016444,,108.016444999,VR2AR-69,549924,0
ATTITUDE,2026-09-05 08:00:00,2026-09-05 08:01:48.016444,,108.016444999,VR2AR-69,549924,86
TEMP,2026-09-05 09:00:00,2026-09-05 09:01:48.054426,,108.054426375,VR2AR-69,549924,21.093,
DEPTH,2026-09-05 09:00:00,2026-09-05 09:01:48.054426,,108.054426375,VR2AR-69,549924,0
ATTITUDE,2026-09-05 09:00:00,2026-09-05 09:01:48.054426,,108.054426375,VR2AR-69,549924,87
TEMP,2026-09-05 10:00:00,2026-09-05 10:01:48.092407,,108.092407749,VR2AR-69,549924,21.047,
DEPTH,2026-09-05 10:00:00,2026-09-05 10:01:48.092407,,108.092407749,VR2AR-69,549924,0
ATTITUDE,2026-09-05 10:00:00,2026-09-05 10:01:48.092407,,108.092407749,VR2AR-69,549924,86
TEMP,2026-09-05 11:00:00,2026-09-05 11:01:48.130389,,108.130389124,VR2AR-69,549924,20.954,
DEPTH,2026-09-05 11:00:00,2026-09-05 11:01:48.130389,,108.130389124,VR2AR-69,549924,0
ATTITUDE,2026-09-05 11:00:00,2026-09-05 11:01:48.130389,,108.130389124,VR2AR-69,549924,86
TEMP,2026-09-05 12:00:00,2026-09-05 12:01:48.16837,,108.168370500,VR2AR-69,549924,20.908,
DEPTH,2026-09-05 12:00:00,2026-09-05 12:01:48.16837,,108.168370500,VR2AR-69,549924,0
ATTITUDE,2026-09-05 12:00:00,2026-09-05 12:01:48.16837,,108.168370500,VR2AR-69,549924,86
TEMP,2026-09-05 13:00:00,2026-09-05 13:01:48.206351,,108.206351874,VR2AR-69,549924,20.722,
DEPTH,2026-09-05 13:00:00,2026-09-05 13:01:48.206351,,108.206351874,VR2AR-69,549924,0
ATTITUDE,2026-09-05 13:00:00,2026-09-05 13:01:48.206351,,108.206351874,VR2AR-69,549924,86
TEMP,2026-09-05 14:00:00,2026-09-05 14:01:48.244333,,108.244333248,VR2AR-69,549924,20.584,
DEPTH,2026-09-05 14:00:00,2026-09-05 14:01:48.244333,,108.244333248,VR2AR-69,549924,0
ATTITUDE,2026-09-05 14:00:00,2026-09-05 14:01:48.244333,,108.244333248,VR2AR-69,549924,87
TEMP,2026-09-05 15:00:00,2026-09-05 15:01:48.282314,,108.282314622,VR2AR-69,549924,20.515,
DEPTH,2026-09-05 15:00:00,2026-09-05 15:01:48.282314,,108.282314622,VR2AR-69,549924,0
ATTITUDE,2026-09-05 15:00:00,2026-09-05 15:01:48.282314,,108.282314622,VR2AR-69,549924,86
TEMP,2026-09-05 16:00:00,2026-09-05 16:01:48.320295,,108.320295998,VR2AR-69,549924,20.492,
DEPTH,2026-09-05 16:00:00,2026-09-05 16:01:48.320295,,108.320295998,VR2AR-69,549924,0
ATTITUDE,2026-09-05 16:00:00,2026-09-05 16:01:48.320295,,108.320295998,VR2AR-69,549924,86
TEMP,2026-09-05 17:00:00,2026-09-05 17:01:48.358277,,108.358277373,VR2AR-69,549924,20.584,
DEPTH,2026-09-05 17:00:00,2026-09-05 17:01:48.358277,,108.358277373,VR2AR-69,549924,0
ATTITUDE,2026-09-05 17:00:00,2026-09-05 17:01:48.358277,,108.358277373,VR2AR-69,549924,87
TEMP,2026-09-05 18:00:00,2026-09-05 18:01:48.396258,,108.396258747,VR2AR-69,549924,20.561,
DEPTH,2026-09-05 18:00:00,2026-09-05 18:01:48.396258,,108.396258747,VR2AR-69,549924,0
ATTITUDE,2026-09-05 18:00:00,2026-09-05 18:01:48.396258,,108.396258747,VR2AR-69,549924,86
TEMP,2026-09-05 19:00:00,2026-09-05 19:01:48.43424,,108.434240123,VR2AR-69,549924,20.561,
DEPTH,2026-09-05 19:00:00,2026-09-05 19:01:48.43424,,108.434240123,VR2AR-69,549924,0
ATTITUDE,2026-09-05 19:00:00,2026-09-05 19:01:48.43424,,108.434240123,VR2AR-69,549924,86
TEMP,2026-09-05 20:00:00,2026-09-05 20:01:48.472221,,108.472221497,VR2AR-69,549924,20.584,
DEPTH,2026-09-05 20:00:00,2026-09-05 20:01:48.472221,,108.472221497,VR2AR-69,549924,0
ATTITUDE,2026-09-05 20:00:00,2026-09-05 20:01:48.472221,,108.472221497,VR2AR-69,549924,86
TEMP,2026-09-05 21:00:00,2026-09-05 21:01:48.510202,,108.510202871,VR2AR-69,549924,20.515,
DEPTH,2026-09-05 21:00:00,2026-09-05 21:01:48.510202,,108.510202871,VR2AR-69,549924,0
ATTITUDE,2026-09-05 21:00:00,2026-09-05 21:01:48.510202,,108.510202871,VR2AR-69,549924,86
TEMP,2026-09-05 22:00:00,2026-09-05 22:01:48.548184,,108.548184247,VR2AR-69,549924,20.469,
DEPTH,2026-09-05 22:00:00,2026-09-05 22:01:48.548184,,108.548184247,VR2AR-69,549924,0
ATTITUDE,2026-09-05 22:00:00,2026-09-05 22:01:48.548184,,108.548184247,VR2AR-69,549924,86
TEMP,2026-09-05 23:00:00,2026-09-05 23:01:48.586165,,108.586165621,VR2AR-69,549924,20.469,
DEPTH,2026-09-05 23:00:00,2026-09-05 23:01:48.586165,,108.586165621,VR2AR-69,549924,0
ATTITUDE,2026-09-05 23:00:00,2026-09-05 23:01:48.586165,,108.586165621,VR2AR-69,549924,86
TEMP,2026-09-06 00:00:00,2026-09-06 00:01:48.624146,,108.624146996,VR2AR-69,549924,20.446,
DEPTH,2026-09-06 00:00:00,2026-09-06 00:01:48.624146,,108.624146996,VR2AR-69,549924,0
ATTITUDE,2026-09-06 00:00:00,2026-09-06 00:01:48.624146,,108.624146996,VR2AR-69,549924,87
TEMP,2026-09-06 01:00:00,2026-09-06 01:01:48.662128,,108.662128372,VR2AR-69,549924,20.446,
DEPTH,2026-09-06 01:00:00,2026-09-06 01:01:48.662128,,108.662128372,VR2AR-69,549924,0
ATTITUDE,2026-09-06 01:00:00,2026-09-06 01:01:48.662128,,108.662128372,VR2AR-69,549924,86
TEMP,2026-09-06 02:00:00,2026-09-06 02:01:48.700109,,108.700109746,VR2AR-69,549924,20.492,
DEPTH,2026-09-06 02:00:00,2026-09-06 02:01:48.700109,,108.700109746,VR2AR-69,549924,0
ATTITUDE,2026-09-06 02:00:00,2026-09-06 02:01:48.700109,,108.700109746,VR2AR-69,549924,86
TEMP,2026-09-06 03:00:00,2026-09-06 03:01:48.738091,,108.738091120,VR2AR-69,549924,20.538,
DEPTH,2026-09-06 03:00:00,2026-09-06 03:01:48.738091,,108.738091120,VR2AR-69,549924,0
ATTITUDE,2026-09-06 03:00:00,2026-09-06 03:01:48.738091,,108.738091120,VR2AR-69,549924,87
TEMP,2026-09-06 04:00:00,2026-09-06 04:01:48.776072,,108.776072496,VR2AR-69,549924,20.492,
DEPTH,2026-09-06 04:00:00,2026-09-06 04:01:48.776072,,108.776072496,VR2AR-69,549924,0
ATTITUDE,2026-09-06 04:00:00,2026-09-06 04:01:48.776072,,108.776072496,VR2AR-69,549924,86
TEMP,2026-09-06 05:00:00,2026-09-06 05:01:48.814053,,108.814053870,VR2AR-69,549924,20.492,
DEPTH,2026-09-06 05:00:00,2026-09-06 05:01:48.814053,,108.814053870,VR2AR-69,549924,0
ATTITUDE,2026-09-06 05:00:00,2026-09-06 05:01:48.814053,,108.814053870,VR2AR-69,549924,87
TEMP,2026-09-06 06:00:00,2026-09-06 06:01:48.852035,,108.852035244,VR2AR-69,549924,20.446,
DEPTH,2026-09-06 06:00:00,2026-09-06 06:01:48.852035,,108.852035244,VR2AR-69,549924,0
ATTITUDE,2026-09-06 06:00:00,2026-09-06 06:01:48.852035,,108.852035244,VR2AR-69,549924,86
TEMP,2026-09-06 07:00:00,2026-09-06 07:01:48.890016,,108.890016619,VR2AR-69,549924,20.423,
DEPTH,2026-09-06 07:00:00,2026-09-06 07:01:48.890016,,108.890016619,VR2AR-69,549924,0
ATTITUDE,2026-09-06 07:00:00,2026-09-06 07:01:48.890016,,108.890016619,VR2AR-69,549924,86
TEMP,2026-09-06 08:00:00,2026-09-06 08:01:48.927997,,108.927997995,VR2AR-69,549924,20.423,
DEPTH,2026-09-06 08:00:00,2026-09-06 08:01:48.927997,,108.927997995,VR2AR-69,549924,0
ATTITUDE,2026-09-06 08:00:00,2026-09-06 08:01:48.927997,,108.927997995,VR2AR-69,549924,86
TEMP,2026-09-06 09:00:00,2026-09-06 09:01:48.965979,,108.965979369,VR2AR-69,549924,20.423,
DEPTH,2026-09-06 09:00:00,2026-09-06 09:01:48.965979,,108.965979369,VR2AR-69,549924,0
ATTITUDE,2026-09-06 09:00:00,2026-09-06 09:01:48.965979,,108.965979369,VR2AR-69,549924,86
TEMP,2026-09-06 10:00:00,2026-09-06 10:01:49.00396,,109.003960743,VR2AR-69,549924,20.423,
DEPTH,2026-09-06 10:00:00,2026-09-06 10:01:49.00396,,109.003960743,VR2AR-69,549924,0
ATTITUDE,2026-09-06 10:00:00,2026-09-06 10:01:49.00396,,109.003960743,VR2AR-69,549924,86
TEMP,2026-09-06 11:00:00,2026-09-06 11:01:49.041942,,109.041942119,VR2AR-69,549924,20.377,
DEPTH,2026-09-06 11:00:00,2026-09-06 11:01:49.041942,,109.041942119,VR2AR-69,549924,0
ATTITUDE,2026-09-06 11:00:00,2026-09-06 11:01:49.041942,,109.041942119,VR2AR-69,549924,86
TEMP,2026-09-06 12:00:00,2026-09-06 12:01:49.079923,,109.079923493,VR2AR-69,549924,20.423,
DEPTH,2026-09-06 12:00:00,2026-09-06 12:01:49.079923,,109.079923493,VR2AR-69,549924,0
ATTITUDE,2026-09-06 12:00:00,2026-09-06 12:01:49.079923,,109.079923493,VR2AR-69,549924,87
TEMP,2026-09-06 13:00:00,2026-09-06 13:01:49.117904,,109.117904867,VR2AR-69,549924,20.423,
DEPTH,2026-09-06 13:00:00,2026-09-06 13:01:49.117904,,109.117904867,VR2AR-69,549924,0
ATTITUDE,2026-09-06 13:00:00,2026-09-06 13:01:49.117904,,109.117904867,VR2AR-69,549924,86
TEMP,2026-09-06 14:00:00,2026-09-06 14:01:49.155886,,109.155886244,VR2AR-69,549924,20.446,
DEPTH,2026-09-06 14:00:00,2026-09-06 14:01:49.155886,,109.155886244,VR2AR-69,549924,0
ATTITUDE,2026-09-06 14:00:00,2026-09-06 14:01:49.155886,,109.155886244,VR2AR-69,549924,86
TEMP,2026-09-06 15:00:00,2026-09-06 15:01:49.193867,,109.193867618,VR2AR-69,549924,20.377,
DEPTH,2026-09-06 15:00:00,2026-09-06 15:01:49.193867,,109.193867618,VR2AR-69,549924,0
ATTITUDE,2026-09-06 15:00:00,2026-09-06 15:01:49.193867,,109.193867618,VR2AR-69,549924,86
TEMP,2026-09-06 16:00:00,2026-09-06 16:01:49.231848,,109.231848992,VR2AR-69,549924,20.331,
DEPTH,2026-09-06 16:00:00,2026-09-06 16:01:49.231848,,109.231848992,VR2AR-69,549924,0
ATTITUDE,2026-09-06 16:00:00,2026-09-06 16:01:49.231848,,109.231848992,VR2AR-69,549924,86
TEMP,2026-09-06 17:00:00,2026-09-06 17:01:49.26983,,109.269830368,VR2AR-69,549924,20.354,
DEPTH,2026-09-06 17:00:00,2026-09-06 17:01:49.26983,,109.269830368,VR2AR-69,549924,0
ATTITUDE,2026-09-06 17:00:00,2026-09-06 17:01:49.26983,,109.269830368,VR2AR-69,549924,86
TEMP,2026-09-06 18:00:00,2026-09-06 18:01:49.307811,,109.307811742,VR2AR-69,549924,20.446,
DEPTH,2026-09-06 18:00:00,2026-09-06 18:01:49.307811,,109.307811742,VR2AR-69,549924,0
ATTITUDE,2026-09-06 18:00:00,2026-09-06 18:01:49.307811,,109.307811742,VR2AR-69,549924,86
TEMP,2026-09-06 19:00:00,2026-09-06 19:01:49.345793,,109.345793116,VR2AR-69,549924,20.423,
DEPTH,2026-09-06 19:00:00,2026-09-06 19:01:49.345793,,109.345793116,VR2AR-69,549924,0
ATTITUDE,2026-09-06 19:00:00,2026-09-06 19:01:49.345793,,109.345793116,VR2AR-69,549924,87
TEMP,2026-09-06 20:00:00,2026-09-06 20:01:49.383774,,109.383774492,VR2AR-69,549924,20.377,
DEPTH,2026-09-06 20:00:00,2026-09-06 20:01:49.383774,,109.383774492,VR2AR-69,549924,0
ATTITUDE,2026-09-06 20:00:00,2026-09-06 20:01:49.383774,,109.383774492,VR2AR-69,549924,86
TEMP,2026-09-06 21:00:00,2026-09-06 21:01:49.421755,,109.421755867,VR2AR-69,549924,20.377,
DEPTH,2026-09-06 21:00:00,2026-09-06 21:01:49.421755,,109.421755867,VR2AR-69,549924,0
ATTITUDE,2026-09-06 21:00:00,2026-09-06 21:01:49.421755,,109.421755867,VR2AR-69,549924,86
TEMP,2026-09-06 22:00:00,2026-09-06 22:01:49.459737,,109.459737241,VR2AR-69,549924,20.4,
DEPTH,2026-09-06 22:00:00,2026-09-06 22:01:49.459737,,109.459737241,VR2AR-69,549924,0
ATTITUDE,2026-09-06 22:00:00,2026-09-06 22:01:49.459737,,109.459737241,VR2AR-69,549924,86
TEMP,2026-09-06 23:00:00,2026-09-06 23:01:49.497718,,109.497718615,VR2AR-69,549924,20.4,
DEPTH,2026-09-06 23:00:00,2026-09-06 23:01:49.497718,,109.497718615,VR2AR-69,549924,0
ATTITUDE,2026-09-06 23:00:00,2026-09-06 23:01:49.497718,,109.497718615,VR2AR-69,549924,86
TEMP,2026-09-07 00:00:00,2026-09-07 00:01:49.535699,,109.535699991,VR2AR-69,549924,20.446,
DEPTH,2026-09-07 00:00:00,2026-09-07 00:01:49.535699,,109.535699991,VR2AR-69,549924,0
ATTITUDE,2026-09-07 00:00:00,2026-09-07 00:01:49.535699,,109.535699991,VR2AR-69,549924,86
TEMP,2026-09-07 01:00:00,2026-09-07 01:01:49.573681,,109.573681365,VR2AR-69,549924,20.469,
DEPTH,2026-09-07 01:00:00,2026-09-07 01:01:49.573681,,109.573681365,VR2AR-69,549924,0
ATTITUDE,2026-09-07 01:00:00,2026-09-07 01:01:49.573681,,109.573681365,VR2AR-69,549924,86
TEMP,2026-09-07 02:00:00,2026-09-07 02:01:49.611662,,109.611662739,VR2AR-69,549924,20.446,
DEPTH,2026-09-07 02:00:00,2026-09-07 02:01:49.611662,,109.611662739,VR2AR-69,549924,0
ATTITUDE,2026-09-07 02:00:00,2026-09-07 02:01:49.611662,,109.611662739,VR2AR-69,549924,86
TEMP,2026-09-07 03:00:00,2026-09-07 03:01:49.649644,,109.649644115,VR2AR-69,549924,20.4,
DEPTH,2026-09-07 03:00:00,2026-09-07 03:01:49.649644,,109.649644115,VR2AR-69,549924,0
ATTITUDE,2026-09-07 03:00:00,2026-09-07 03:01:49.649644,,109.649644115,VR2AR-69,549924,86
TEMP,2026-09-07 04:00:00,2026-09-07 04:01:49.687625,,109.687625490,VR2AR-69,549924,20.354,
DEPTH,2026-09-07 04:00:00,2026-09-07 04:01:49.687625,,109.687625490,VR2AR-69,549924,0
ATTITUDE,2026-09-07 04:00:00,2026-09-07 04:01:49.687625,,109.687625490,VR2AR-69,549924,86
TEMP,2026-09-07 05:00:00,2026-09-07 05:01:49.725606,,109.725606864,VR2AR-69,549924,20.331,
DEPTH,2026-09-07 05:00:00,2026-09-07 05:01:49.725606,,109.725606864,VR2AR-69,549924,0
ATTITUDE,2026-09-07 05:00:00,2026-09-07 05:01:49.725606,,109.725606864,VR2AR-69,549924,86
TEMP,2026-09-07 06:00:00,2026-09-07 06:01:49.763588,,109.763588240,VR2AR-69,549924,20.331,
DEPTH,2026-09-07 06:00:00,2026-09-07 06:01:49.763588,,109.763588240,VR2AR-69,549924,0
ATTITUDE,2026-09-07 06:00:00,2026-09-07 06:01:49.763588,,109.763588240,VR2AR-69,549924,86
TEMP,2026-09-07 07:00:00,2026-09-07 07:01:49.801569,,109.801569614,VR2AR-69,549924,20.308,
DEPTH,2026-09-07 07:00:00,2026-09-07 07:01:49.801569,,109.801569614,VR2AR-69,549924,0
ATTITUDE,2026-09-07 07:00:00,2026-09-07 07:01:49.801569,,109.801569614,VR2AR-69,549924,86
TEMP,2026-09-07 08:00:00,2026-09-07 08:01:49.83955,,109.839550988,VR2AR-69,549924,20.308,
DEPTH,2026-09-07 08:00:00,2026-09-07 08:01:49.83955,,109.839550988,VR2AR-69,549924,0
ATTITUDE,2026-09-07 08:00:00,2026-09-07 08:01:49.83955,,109.839550988,VR2AR-69,549924,86
TEMP,2026-09-07 09:00:00,2026-09-07 09:01:49.877532,,109.877532364,VR2AR-69,549924,20.308,
DEPTH,2026-09-07 09:00:00,2026-09-07 09:01:49.877532,,109.877532364,VR2AR-69,549924,0
ATTITUDE,2026-09-07 09:00:00,2026-09-07 09:01:49.877532,,109.877532364,VR2AR-69,549924,86
TEMP,2026-09-07 10:00:00,2026-09-07 10:01:49.915513,,109.915513738,VR2AR-69,549924,20.354,
DEPTH,2026-09-07 10:00:00,2026-09-07 10:01:49.915513,,109.915513738,VR2AR-69,549924,0
ATTITUDE,2026-09-07 10:00:00,2026-09-07 10:01:49.915513,,109.915513738,VR2AR-69,549924,86
TEMP,2026-09-07 11:00:00,2026-09-07 11:01:49.953495,,109.953495113,VR2AR-69,549924,20.4,
DEPTH,2026-09-07 11:00:00,2026-09-07 11:01:49.953495,,109.953495113,VR2AR-69,549924,0
ATTITUDE,2026-09-07 11:00:00,2026-09-07 11:01:49.953495,,109.953495113,VR2AR-69,549924,86
TEMP,2026-09-07 12:00:00,2026-09-07 12:01:49.991476,,109.991476489,VR2AR-69,549924,20.4,
DEPTH,2026-09-07 12:00:00,2026-09-07 12:01:49.991476,,109.991476489,VR2AR-69,549924,0
ATTITUDE,2026-09-07 12:00:00,2026-09-07 12:01:49.991476,,109.991476489,VR2AR-69,549924,87
TEMP,2026-09-07 13:00:00,2026-09-07 13:01:50.029457,,110.029457863,VR2AR-69,549924,20.446,
DEPTH,2026-09-07 13:00:00,2026-09-07 13:01:50.029457,,110.029457863,VR2AR-69,549924,0
ATTITUDE,2026-09-07 13:00:00,2026-09-07 13:01:50.029457,,110.029457863,VR2AR-69,549924,86
TEMP,2026-09-07 14:00:00,2026-09-07 14:01:50.067439,,110.067439237,VR2AR-69,549924,20.538,
DEPTH,2026-09-07 14:00:00,2026-09-07 14:01:50.067439,,110.067439237,VR2AR-69,549924,0
ATTITUDE,2026-09-07 14:00:00,2026-09-07 14:01:50.067439,,110.067439237,VR2AR-69,549924,86
TEMP,2026-09-07 15:00:00,2026-09-07 15:01:50.10542,,110.105420611,VR2AR-69,549924,20.653,
DEPTH,2026-09-07 15:00:00,2026-09-07 15:01:50.10542,,110.105420611,VR2AR-69,549924,0
ATTITUDE,2026-09-07 15:00:00,2026-09-07 15:01:50.10542,,110.105420611,VR2AR-69,549924,86
TEMP,2026-09-07 16:00:00,2026-09-07 16:01:50.143401,,110.143401987,VR2AR-69,549924,20.653,
DEPTH,2026-09-07 16:00:00,2026-09-07 16:01:50.143401,,110.143401987,VR2AR-69,549924,0
ATTITUDE,2026-09-07 16:00:00,2026-09-07 16:01:50.143401,,110.143401987,VR2AR-69,549924,86
TEMP,2026-09-07 17:00:00,2026-09-07 17:01:50.181383,,110.181383362,VR2AR-69,549924,20.63,
DEPTH,2026-09-07 17:00:00,2026-09-07 17:01:50.181383,,110.181383362,VR2AR-69,549924,0
ATTITUDE,2026-09-07 17:00:00,2026-09-07 17:01:50.181383,,110.181383362,VR2AR-69,549924,86
TEMP,2026-09-07 18:00:00,2026-09-07 18:01:50.219364,,110.219364736,VR2AR-69,549924,20.676,
DEPTH,2026-09-07 18:00:00,2026-09-07 18:01:50.219364,,110.219364736,VR2AR-69,549924,0
ATTITUDE,2026-09-07 18:00:00,2026-09-07 18:01:50.219364,,110.219364736,VR2AR-69,549924,86
TEMP,2026-09-07 19:00:00,2026-09-07 19:01:50.257346,,110.257346112,VR2AR-69,549924,20.769,
DEPTH,2026-09-07 19:00:00,2026-09-07 19:01:50.257346,,110.257346112,VR2AR-69,549924,0
ATTITUDE,2026-09-07 19:00:00,2026-09-07 19:01:50.257346,,110.257346112,VR2AR-69,549924,86
TEMP,2026-09-07 20:00:00,2026-09-07 20:01:50.295327,,110.295327486,VR2AR-69,549924,20.838,
DEPTH,2026-09-07 20:00:00,2026-09-07 20:01:50.295327,,110.295327486,VR2AR-69,549924,0
ATTITUDE,2026-09-07 20:00:00,2026-09-07 20:01:50.295327,,110.295327486,VR2AR-69,549924,87
TEMP,2026-09-07 21:00:00,2026-09-07 21:01:50.333308,,110.333308860,VR2AR-69,549924,20.908,
DEPTH,2026-09-07 21:00:00,2026-09-07 21:01:50.333308,,110.333308860,VR2AR-69,549924,0
ATTITUDE,2026-09-07 21:00:00,2026-09-07 21:01:50.333308,,110.333308860,VR2AR-69,549924,86
TEMP,2026-09-07 22:00:00,2026-09-07 22:01:50.37129,,110.371290236,VR2AR-69,549924,20.931,
DEPTH,2026-09-07 22:00:00,2026-09-07 22:01:50.37129,,110.371290236,VR2AR-69,549924,0
ATTITUDE,2026-09-07 22:00:00,2026-09-07 22:01:50.37129,,110.371290236,VR2AR-69,549924,86
TEMP,2026-09-07 23:00:00,2026-09-07 23:01:50.409271,,110.409271610,VR2AR-69,549924,20.954,
DEPTH,2026-09-07 23:00:00,2026-09-07 23:01:50.409271,,110.409271610,VR2AR-69,549924,0
ATTITUDE,2026-09-07 23:00:00,2026-09-07 23:01:50.409271,,110.409271610,VR2AR-69,549924,87
TEMP,2026-09-08 00:00:00,2026-09-08 00:01:50.447252,,110.447252985,VR2AR-69,549924,20.977,
DEPTH,2026-09-08 00:00:00,2026-09-08 00:01:50.447252,,110.447252985,VR2AR-69,549924,0
ATTITUDE,2026-09-08 00:00:00,2026-09-08 00:01:50.447252,,110.447252985,VR2AR-69,549924,86
TEMP,2026-09-08 01:00:00,2026-09-08 01:01:50.485234,,110.485234361,VR2AR-69,549924,20.977,
DEPTH,2026-09-08 01:00:00,2026-09-08 01:01:50.485234,,110.485234361,VR2AR-69,549924,0
ATTITUDE,2026-09-08 01:00:00,2026-09-08 01:01:50.485234,,110.485234361,VR2AR-69,549924,86
TEMP,2026-09-08 02:00:00,2026-09-08 02:01:50.523215,,110.523215735,VR2AR-69,549924,20.908,
DEPTH,2026-09-08 02:00:00,2026-09-08 02:01:50.523215,,110.523215735,VR2AR-69,549924,0
ATTITUDE,2026-09-08 02:00:00,2026-09-08 02:01:50.523215,,110.523215735,VR2AR-69,549924,86
TEMP,2026-09-08 03:00:00,2026-09-08 03:01:50.561197,,110.561197109,VR2AR-69,549924,20.792,
DEPTH,2026-09-08 03:00:00,2026-09-08 03:01:50.561197,,110.561197109,VR2AR-69,549924,0
ATTITUDE,2026-09-08 03:00:00,2026-09-08 03:01:50.561197,,110.561197109,VR2AR-69,549924,86
TEMP,2026-09-08 04:00:00,2026-09-08 04:01:50.599178,,110.599178483,VR2AR-69,549924,20.676,
DEPTH,2026-09-08 04:00:00,2026-09-08 04:01:50.599178,,110.599178483,VR2AR-69,549924,0
ATTITUDE,2026-09-08 04:00:00,2026-09-08 04:01:50.599178,,110.599178483,VR2AR-69,549924,86
TEMP,2026-09-08 05:00:00,2026-09-08 05:01:50.637159,,110.637159859,VR2AR-69,549924,20.584,
DEPTH,2026-09-08 05:00:00,2026-09-08 05:01:50.637159,,110.637159859,VR2AR-69,549924,0
ATTITUDE,2026-09-08 05:00:00,2026-09-08 05:01:50.637159,,110.637159859,VR2AR-69,549924,86
TEMP,2026-09-08 06:00:00,2026-09-08 06:01:50.675141,,110.675141233,VR2AR-69,549924,20.492,
DEPTH,2026-09-08 06:00:00,2026-09-08 06:01:50.675141,,110.675141233,VR2AR-69,549924,0
ATTITUDE,2026-09-08 06:00:00,2026-09-08 06:01:50.675141,,110.675141233,VR2AR-69,549924,86
TEMP,2026-09-08 07:00:00,2026-09-08 07:01:50.713122,,110.713122608,VR2AR-69,549924,20.492,
DEPTH,2026-09-08 07:00:00,2026-09-08 07:01:50.713122,,110.713122608,VR2AR-69,549924,0
ATTITUDE,2026-09-08 07:00:00,2026-09-08 07:01:50.713122,,110.713122608,VR2AR-69,549924,86
TEMP,2026-09-08 08:00:00,2026-09-08 08:01:50.751103,,110.751103984,VR2AR-69,549924,20.492,
DEPTH,2026-09-08 08:00:00,2026-09-08 08:01:50.751103,,110.751103984,VR2AR-69,549924,0
ATTITUDE,2026-09-08 08:00:00,2026-09-08 08:01:50.751103,,110.751103984,VR2AR-69,549924,87
TEMP,2026-09-08 09:00:00,2026-09-08 09:01:50.789085,,110.789085358,VR2AR-69,549924,20.515,
DEPTH,2026-09-08 09:00:00,2026-09-08 09:01:50.789085,,110.789085358,VR2AR-69,549924,0
ATTITUDE,2026-09-08 09:00:00,2026-09-08 09:01:50.789085,,110.789085358,VR2AR-69,549924,86
TEMP,2026-09-08 10:00:00,2026-09-08 10:01:50.827066,,110.827066732,VR2AR-69,549924,20.469,
DEPTH,2026-09-08 10:00:00,2026-09-08 10:01:50.827066,,110.827066732,VR2AR-69,549924,0
ATTITUDE,2026-09-08 10:00:00,2026-09-08 10:01:50.827066,,110.827066732,VR2AR-69,549924,86
TEMP,2026-09-08 11:00:00,2026-09-08 11:01:50.865048,,110.865048108,VR2AR-69,549924,20.492,
DEPTH,2026-09-08 11:00:00,2026-09-08 11:01:50.865048,,110.865048108,VR2AR-69,549924,0
ATTITUDE,2026-09-08 11:00:00,2026-09-08 11:01:50.865048,,110.865048108,VR2AR-69,549924,87
TEMP,2026-09-08 12:00:00,2026-09-08 12:01:50.903029,,110.903029482,VR2AR-69,549924,20.492,
DEPTH,2026-09-08 12:00:00,2026-09-08 12:01:50.903029,,110.903029482,VR2AR-69,549924,0
ATTITUDE,2026-09-08 12:00:00,2026-09-08 12:01:50.903029,,110.903029482,VR2AR-69,549924,86
TEMP,2026-09-08 13:00:00,2026-09-08 13:01:50.94101,,110.941010857,VR2AR-69,549924,20.607,
DEPTH,2026-09-08 13:00:00,2026-09-08 13:01:50.94101,,110.941010857,VR2AR-69,549924,0
ATTITUDE,2026-09-08 13:00:00,2026-09-08 13:01:50.94101,,110.941010857,VR2AR-69,549924,86
TEMP,2026-09-08 14:00:00,2026-09-08 14:01:50.978992,,110.978992233,VR2AR-69,549924,20.954,
DEPTH,2026-09-08 14:00:00,2026-09-08 14:01:50.978992,,110.978992233,VR2AR-69,549924,0
ATTITUDE,2026-09-08 14:00:00,2026-09-08 14:01:50.978992,,110.978992233,VR2AR-69,549924,86
TEMP,2026-09-08 15:00:00,2026-09-08 15:01:51.016973,,111.016973607,VR2AR-69,549924,21.07,
DEPTH,2026-09-08 15:00:00,2026-09-08 15:01:51.016973,,111.016973607,VR2AR-69,549924,0
ATTITUDE,2026-09-08 15:00:00,2026-09-08 15:01:51.016973,,111.016973607,VR2AR-69,549924,86
TEMP,2026-09-08 16:00:00,2026-09-08 16:01:51.054954,,111.054954981,VR2AR-69,549924,21.024,
DEPTH,2026-09-08 16:00:00,2026-09-08 16:01:51.054954,,111.054954981,VR2AR-69,549924,0
ATTITUDE,2026-09-08 16:00:00,2026-09-08 16:01:51.054954,,111.054954981,VR2AR-69,549924,86
TEMP,2026-09-08 17:00:00,2026-09-08 17:01:51.092936,,111.092936357,VR2AR-69,549924,21,
DEPTH,2026-09-08 17:00:00,2026-09-08 17:01:51.092936,,111.092936357,VR2AR-69,549924,0
ATTITUDE,2026-09-08 17:00:00,2026-09-08 17:01:51.092936,,111.092936357,VR2AR-69,549924,86
TEMP,2026-09-08 18:00:00,2026-09-08 18:01:51.130917,,111.130917731,VR2AR-69,549924,20.977,
DEPTH,2026-09-08 18:00:00,2026-09-08 18:01:51.130917,,111.130917731,VR2AR-69,549924,0
ATTITUDE,2026-09-08 18:00:00,2026-09-08 18:01:51.130917,,111.130917731,VR2AR-69,549924,86
TEMP,2026-09-08 19:00:00,2026-09-08 19:01:51.168899,,111.168899105,VR2AR-69,549924,20.954,
DEPTH,2026-09-08 19:00:00,2026-09-08 19:01:51.168899,,111.168899105,VR2AR-69,549924,0
ATTITUDE,2026-09-08 19:00:00,2026-09-08 19:01:51.168899,,111.168899105,VR2AR-69,549924,86
TEMP,2026-09-08 20:00:00,2026-09-08 20:01:51.20688,,111.206880480,VR2AR-69,549924,20.954,
DEPTH,2026-09-08 20:00:00,2026-09-08 20:01:51.20688,,111.206880480,VR2AR-69,549924,0
ATTITUDE,2026-09-08 20:00:00,2026-09-08 20:01:51.20688,,111.206880480,VR2AR-69,549924,87
TEMP,2026-09-08 21:00:00,2026-09-08 21:01:51.244861,,111.244861856,VR2AR-69,549924,20.931,
DEPTH,2026-09-08 21:00:00,2026-09-08 21:01:51.244861,,111.244861856,VR2AR-69,549924,0
ATTITUDE,2026-09-08 21:00:00,2026-09-08 21:01:51.244861,,111.244861856,VR2AR-69,549924,86
TEMP,2026-09-08 22:00:00,2026-09-08 22:01:51.282843,,111.282843230,VR2AR-69,549924,20.931,
DEPTH,2026-09-08 22:00:00,2026-09-08 22:01:51.282843,,111.282843230,VR2AR-69,549924,0
ATTITUDE,2026-09-08 22:00:00,2026-09-08 22:01:51.282843,,111.282843230,VR2AR-69,549924,86
TEMP,2026-09-08 23:00:00,2026-09-08 23:01:51.320824,,111.320824604,VR2AR-69,549924,20.908,
DEPTH,2026-09-08 23:00:00,2026-09-08 23:01:51.320824,,111.320824604,VR2AR-69,549924,0
ATTITUDE,2026-09-08 23:00:00,2026-09-08 23:01:51.320824,,111.320824604,VR2AR-69,549924,86
TEMP,2026-09-09 00:00:00,2026-09-09 00:01:51.358805,,111.358805980,VR2AR-69,549924,20.815,
DEPTH,2026-09-09 00:00:00,2026-09-09 00:01:51.358805,,111.358805980,VR2AR-69,549924,0
ATTITUDE,2026-09-09 00:00:00,2026-09-09 00:01:51.358805,,111.358805980,VR2AR-69,549924,86
TEMP,2026-09-09 01:00:00,2026-09-09 01:01:51.396787,,111.396787354,VR2AR-69,549924,20.769,
DEPTH,2026-09-09 01:00:00,2026-09-09 01:01:51.396787,,111.396787354,VR2AR-69,549924,0
ATTITUDE,2026-09-09 01:00:00,2026-09-09 01:01:51.396787,,111.396787354,VR2AR-69,549924,86
TEMP,2026-09-09 02:00:00,2026-09-09 02:01:51.434768,,111.434768728,VR2AR-69,549924,20.653,
DEPTH,2026-09-09 02:00:00,2026-09-09 02:01:51.434768,,111.434768728,VR2AR-69,549924,0
ATTITUDE,2026-09-09 02:00:00,2026-09-09 02:01:51.434768,,111.434768728,VR2AR-69,549924,87
TEMP,2026-09-09 03:00:00,2026-09-09 03:01:51.47275,,111.472750104,VR2AR-69,549924,20.515,
DEPTH,2026-09-09 03:00:00,2026-09-09 03:01:51.47275,,111.472750104,VR2AR-69,549924,0
ATTITUDE,2026-09-09 03:00:00,2026-09-09 03:01:51.47275,,111.472750104,VR2AR-69,549924,86
TEMP,2026-09-09 04:00:00,2026-09-09 04:01:51.510731,,111.510731479,VR2AR-69,549924,20.469,
DEPTH,2026-09-09 04:00:00,2026-09-09 04:01:51.510731,,111.510731479,VR2AR-69,549924,0
ATTITUDE,2026-09-09 04:00:00,2026-09-09 04:01:51.510731,,111.510731479,VR2AR-69,549924,87
TEMP,2026-09-09 05:00:00,2026-09-09 05:01:51.548712,,111.548712853,VR2AR-69,549924,20.423,
DEPTH,2026-09-09 05:00:00,2026-09-09 05:01:51.548712,,111.548712853,VR2AR-69,549924,0
ATTITUDE,2026-09-09 05:00:00,2026-09-09 05:01:51.548712,,111.548712853,VR2AR-69,549924,86
TEMP,2026-09-09 06:00:00,2026-09-09 06:01:51.586694,,111.586694229,VR2AR-69,549924,20.4,
DEPTH,2026-09-09 06:00:00,2026-09-09 06:01:51.586694,,111.586694229,VR2AR-69,549924,0
ATTITUDE,2026-09-09 06:00:00,2026-09-09 06:01:51.586694,,111.586694229,VR2AR-69,549924,87
TEMP,2026-09-09 07:00:00,2026-09-09 07:01:51.624675,,111.624675603,VR2AR-69,549924,20.4,
DEPTH,2026-09-09 07:00:00,2026-09-09 07:01:51.624675,,111.624675603,VR2AR-69,549924,0
ATTITUDE,2026-09-09 07:00:00,2026-09-09 07:01:51.624675,,111.624675603,VR2AR-69,549924,86
TEMP,2026-09-09 08:00:00,2026-09-09 08:01:51.662656,,111.662656977,VR2AR-69,549924,20.377,
DEPTH,2026-09-09 08:00:00,2026-09-09 08:01:51.662656,,111.662656977,VR2AR-69,549924,0
ATTITUDE,2026-09-09 08:00:00,2026-09-09 08:01:51.662656,,111.662656977,VR2AR-69,549924,86
TEMP,2026-09-09 09:00:00,2026-09-09 09:01:51.700638,,111.700638353,VR2AR-69,549924,20.377,
DEPTH,2026-09-09 09:00:00,2026-09-09 09:01:51.700638,,111.700638353,VR2AR-69,549924,0
ATTITUDE,2026-09-09 09:00:00,2026-09-09 09:01:51.700638,,111.700638353,VR2AR-69,549924,87
TEMP,2026-09-09 10:00:00,2026-09-09 10:01:51.738619,,111.738619728,VR2AR-69,549924,20.4,
DEPTH,2026-09-09 10:00:00,2026-09-09 10:01:51.738619,,111.738619728,VR2AR-69,549924,0
ATTITUDE,2026-09-09 10:00:00,2026-09-09 10:01:51.738619,,111.738619728,VR2AR-69,549924,86
TEMP,2026-09-09 11:00:00,2026-09-09 11:01:51.776601,,111.776601102,VR2AR-69,549924,20.354,
DEPTH,2026-09-09 11:00:00,2026-09-09 11:01:51.776601,,111.776601102,VR2AR-69,549924,0
ATTITUDE,2026-09-09 11:00:00,2026-09-09 11:01:51.776601,,111.776601102,VR2AR-69,549924,87
TEMP,2026-09-09 12:00:00,2026-09-09 12:01:51.814582,,111.814582476,VR2AR-69,549924,20.354,
DEPTH,2026-09-09 12:00:00,2026-09-09 12:01:51.814582,,111.814582476,VR2AR-69,549924,0
ATTITUDE,2026-09-09 12:00:00,2026-09-09 12:01:51.814582,,111.814582476,VR2AR-69,549924,86
TEMP,2026-09-09 13:00:00,2026-09-09 13:01:51.852563,,111.852563852,VR2AR-69,549924,20.354,
DEPTH,2026-09-09 13:00:00,2026-09-09 13:01:51.852563,,111.852563852,VR2AR-69,549924,0
ATTITUDE,2026-09-09 13:00:00,2026-09-09 13:01:51.852563,,111.852563852,VR2AR-69,549924,86
TEMP,2026-09-09 14:00:00,2026-09-09 14:01:51.890545,,111.890545226,VR2AR-69,549924,20.561,
DEPTH,2026-09-09 14:00:00,2026-09-09 14:01:51.890545,,111.890545226,VR2AR-69,549924,0
ATTITUDE,2026-09-09 14:00:00,2026-09-09 14:01:51.890545,,111.890545226,VR2AR-69,549924,84
TEMP,2026-09-09 15:00:00,2026-09-09 15:01:51.928526,,111.928526600,VR2AR-69,549924,21.117,
DEPTH,2026-09-09 15:00:00,2026-09-09 15:01:51.928526,,111.928526600,VR2AR-69,549924,0
ATTITUDE,2026-09-09 15:00:00,2026-09-09 15:01:51.928526,,111.928526600,VR2AR-69,549924,1
CLOCK_REF,2026-09-09 15:58:51,2026-09-09 15:58:51,,0,VR2AR-69,549924,2026-09-09 16:00:42.96578,111.965780000,OFFLOAD
